epoch,timestamp,index,name,power_w,gpu_util_pct,mem_util_pct,mem_used_mib,clock_graphics_mhz,clock_mem_mhz,temp_c,pcie_gen,pcie_width
1791024386.202606879,2026/10/03 19:46:26.237, 0, NVIDIA GeForce RTX 5070 Ti, 29.10, 0, 0, 15120, 2295, 15051, 41, 5, 8
1791024386.202606879,2026/10/03 19:46:26.240, 1, NVIDIA GeForce RTX 5070 Ti, 33.39, 0, 0, 15117, 2302, 15051, 38, 5, 4
1791024386.202606879,2026/10/03 19:46:26.242, 2, NVIDIA GeForce RTX 5070 Ti, 42.45, 0, 0, 15120, 2302, 15051, 49, 5, 8
1791024386.202606879,2026/10/03 19:46:26.244, 3, NVIDIA GeForce RTX 5060 Ti, 3.48, 0, 0, 2, 210, 405, 30, 1, 4
1791024387.270240182,2026/10/03 19:46:27.305, 0, NVIDIA GeForce RTX 5070 Ti, 28.98, 0, 0, 15120, 2295, 15051, 41, 5, 8
1791024387.270240182,2026/10/03 19:46:27.307, 1, NVIDIA GeForce RTX 5070 Ti, 33.20, 0, 0, 15117, 2302, 15051, 38, 5, 4
1791024387.270240182,2026/10/03 19:46:27.309, 2, NVIDIA GeForce RTX 5070 Ti, 42.06, 0, 0, 15120, 2302, 15051, 49, 5, 8
1791024387.270240182,2026/10/03 19:46:27.311, 3, NVIDIA GeForce RTX 5060 Ti, 3.54, 0, 0, 2, 210, 405, 30, 1, 4
1791024388.339938229,2026/10/03 19:46:28.375, 0, NVIDIA GeForce RTX 5070 Ti, 29.06, 0, 0, 15120, 2295, 15051, 41, 5, 8
1791024388.339938229,2026/10/03 19:46:28.377, 1, NVIDIA GeForce RTX 5070 Ti, 32.97, 0, 0, 15117, 2302, 15051, 38, 5, 4
1791024388.339938229,2026/10/03 19:46:28.379, 2, NVIDIA GeForce RTX 5070 Ti, 42.15, 0, 0, 15120, 2302, 15051, 49, 5, 8
1791024388.339938229,2026/10/03 19:46:28.381, 3, NVIDIA GeForce RTX 5060 Ti, 3.57, 0, 0, 2, 210, 405, 30, 1, 4
1791024389.408927126,2026/10/03 19:46:29.444, 0, NVIDIA GeForce RTX 5070 Ti, 29.14, 0, 0, 15120, 2295, 15051, 41, 5, 8
1791024389.408927126,2026/10/03 19:46:29.446, 1, NVIDIA GeForce RTX 5070 Ti, 32.82, 0, 0, 15117, 2302, 15051, 38, 5, 4
1791024389.408927126,2026/10/03 19:46:29.448, 2, NVIDIA GeForce RTX 5070 Ti, 42.16, 0, 0, 15120, 2302, 15051, 48, 5, 8
1791024389.408927126,2026/10/03 19:46:29.450, 3, NVIDIA GeForce RTX 5060 Ti, 3.57, 0, 2, 2, 210, 405, 30, 1, 4
1791024390.476685584,2026/10/03 19:46:30.511, 0, NVIDIA GeForce RTX 5070 Ti, 28.95, 0, 0, 15120, 2295, 15051, 41, 5, 8
1791024390.476685584,2026/10/03 19:46:30.513, 1, NVIDIA GeForce RTX 5070 Ti, 32.75, 0, 0, 15117, 2302, 15051, 38, 5, 4
1791024390.476685584,2026/10/03 19:46:30.515, 2, NVIDIA GeForce RTX 5070 Ti, 42.28, 0, 0, 15120, 2302, 15051, 48, 5, 8
1791024390.476685584,2026/10/03 19:46:30.517, 3, NVIDIA GeForce RTX 5060 Ti, 3.55, 0, 1, 2, 210, 405, 30, 1, 4
1791024391.545075249,2026/10/03 19:46:31.579, 0, NVIDIA GeForce RTX 5070 Ti, 29.09, 0, 0, 15120, 442, 7001, 40, 5, 8
1791024391.545075249,2026/10/03 19:46:31.583, 1, NVIDIA GeForce RTX 5070 Ti, 32.62, 0, 0, 15117, 2302, 15051, 38, 5, 4
1791024391.545075249,2026/10/03 19:46:31.585, 2, NVIDIA GeForce RTX 5070 Ti, 42.28, 0, 0, 15120, 2302, 15051, 49, 5, 8
1791024391.545075249,2026/10/03 19:46:31.587, 3, NVIDIA GeForce RTX 5060 Ti, 3.60, 0, 2, 2, 210, 405, 30, 1, 4
1791024392.614289174,2026/10/03 19:46:32.650, 0, NVIDIA GeForce RTX 5070 Ti, 16.18, 0, 0, 15120, 360, 810, 40, 2, 8
1791024392.614289174,2026/10/03 19:46:32.656, 1, NVIDIA GeForce RTX 5070 Ti, 32.66, 0, 0, 15117, 2302, 15051, 38, 5, 4
1791024392.614289174,2026/10/03 19:46:32.657, 2, NVIDIA GeForce RTX 5070 Ti, 42.26, 0, 0, 15120, 2302, 15051, 48, 5, 8
1791024392.614289174,2026/10/03 19:46:32.659, 3, NVIDIA GeForce RTX 5060 Ti, 3.65, 0, 0, 2, 210, 405, 30, 1, 4
1791024393.687221291,2026/10/03 19:46:33.723, 0, NVIDIA GeForce RTX 5070 Ti, 10.58, 0, 0, 15120, 202, 810, 40, 1, 8
1791024393.687221291,2026/10/03 19:46:33.728, 1, NVIDIA GeForce RTX 5070 Ti, 32.84, 0, 0, 15117, 2302, 15051, 38, 5, 4
1791024393.687221291,2026/10/03 19:46:33.730, 2, NVIDIA GeForce RTX 5070 Ti, 42.27, 0, 0, 15120, 2302, 15051, 49, 5, 8
1791024393.687221291,2026/10/03 19:46:33.732, 3, NVIDIA GeForce RTX 5060 Ti, 3.64, 0, 2, 2, 210, 405, 30, 1, 4
1791024394.759582123,2026/10/03 19:46:34.796, 0, NVIDIA GeForce RTX 5070 Ti, 7.98, 0, 0, 15120, 195, 405, 40, 1, 8
1791024394.759582123,2026/10/03 19:46:34.801, 1, NVIDIA GeForce RTX 5070 Ti, 32.97, 0, 0, 15117, 2302, 15051, 38, 5, 4
1791024394.759582123,2026/10/03 19:46:34.803, 2, NVIDIA GeForce RTX 5070 Ti, 42.12, 0, 0, 15120, 2302, 15051, 48, 5, 8
1791024394.759582123,2026/10/03 19:46:34.805, 3, NVIDIA GeForce RTX 5060 Ti, 3.60, 0, 2, 2, 210, 405, 30, 1, 4
1791024395.831604433,2026/10/03 19:46:35.868, 0, NVIDIA GeForce RTX 5070 Ti, 7.97, 0, 0, 15120, 195, 405, 40, 1, 8
1791024395.831604433,2026/10/03 19:46:35.873, 1, NVIDIA GeForce RTX 5070 Ti, 33.08, 0, 0, 15117, 2302, 15051, 38, 5, 4
1791024395.831604433,2026/10/03 19:46:35.875, 2, NVIDIA GeForce RTX 5070 Ti, 42.16, 0, 0, 15120, 2302, 15051, 48, 5, 8
1791024395.831604433,2026/10/03 19:46:35.876, 3, NVIDIA GeForce RTX 5060 Ti, 3.56, 0, 4, 2, 210, 405, 30, 1, 4
1791024396.904323860,2026/10/03 19:46:36.939, 0, NVIDIA GeForce RTX 5070 Ti, 7.95, 0, 0, 15120, 195, 405, 40, 1, 8
1791024396.904323860,2026/10/03 19:46:36.944, 1, NVIDIA GeForce RTX 5070 Ti, 33.13, 0, 0, 15117, 2302, 15051, 38, 5, 4
1791024396.904323860,2026/10/03 19:46:36.946, 2, NVIDIA GeForce RTX 5070 Ti, 42.19, 0, 0, 15120, 2302, 15051, 48, 5, 8
1791024396.904323860,2026/10/03 19:46:36.948, 3, NVIDIA GeForce RTX 5060 Ti, 3.52, 0, 1, 2, 210, 405, 30, 1, 4
1791024397.976922493,2026/10/03 19:46:38.014, 0, NVIDIA GeForce RTX 5070 Ti, 7.94, 0, 0, 15120, 195, 405, 40, 1, 8
1791024397.976922493,2026/10/03 19:46:38.019, 1, NVIDIA GeForce RTX 5070 Ti, 31.39, 0, 0, 15117, 1800, 810, 37, 2, 4
1791024397.976922493,2026/10/03 19:46:38.025, 2, NVIDIA GeForce RTX 5070 Ti, 42.23, 0, 0, 15120, 2302, 15051, 48, 5, 8
1791024397.976922493,2026/10/03 19:46:38.027, 3, NVIDIA GeForce RTX 5060 Ti, 3.48, 0, 0, 2, 210, 405, 30, 1, 4
1791024399.056488505,2026/10/03 19:46:39.096, 0, NVIDIA GeForce RTX 5070 Ti, 7.83, 0, 0, 15120, 195, 405, 40, 1, 8
1791024399.056488505,2026/10/03 19:46:39.101, 1, NVIDIA GeForce RTX 5070 Ti, 16.47, 0, 0, 15117, 345, 810, 37, 2, 4
1791024399.056488505,2026/10/03 19:46:39.105, 2, NVIDIA GeForce RTX 5070 Ti, 42.17, 0, 0, 15120, 2302, 15051, 48, 5, 8
1791024399.056488505,2026/10/03 19:46:39.107, 3, NVIDIA GeForce RTX 5060 Ti, 3.55, 0, 0, 2, 210, 405, 30, 1, 4
1791024400.135558558,2026/10/03 19:46:40.174, 0, NVIDIA GeForce RTX 5070 Ti, 7.82, 0, 0, 15120, 195, 405, 40, 1, 8
1791024400.135558558,2026/10/03 19:46:40.179, 1, NVIDIA GeForce RTX 5070 Ti, 9.83, 0, 0, 15117, 202, 810, 37, 1, 4
1791024400.135558558,2026/10/03 19:46:40.183, 2, NVIDIA GeForce RTX 5070 Ti, 42.18, 0, 0, 15120, 2302, 15051, 48, 5, 8
1791024400.135558558,2026/10/03 19:46:40.185, 3, NVIDIA GeForce RTX 5060 Ti, 3.53, 0, 1, 2, 210, 405, 30, 1, 4
1791024401.216130413,2026/10/03 19:46:41.254, 0, NVIDIA GeForce RTX 5070 Ti, 7.84, 0, 0, 15120, 195, 405, 40, 1, 8
1791024401.216130413,2026/10/03 19:46:41.258, 1, NVIDIA GeForce RTX 5070 Ti, 9.27, 0, 0, 15117, 195, 405, 37, 1, 4
1791024401.216130413,2026/10/03 19:46:41.263, 2, NVIDIA GeForce RTX 5070 Ti, 42.18, 0, 0, 15120, 2302, 15051, 48, 5, 8
1791024401.216130413,2026/10/03 19:46:41.265, 3, NVIDIA GeForce RTX 5060 Ti, 3.51, 0, 0, 2, 210, 405, 30, 1, 4
1791024402.296333992,2026/10/03 19:46:42.335, 0, NVIDIA GeForce RTX 5070 Ti, 7.86, 0, 0, 15120, 195, 405, 40, 1, 8
1791024402.296333992,2026/10/03 19:46:42.340, 1, NVIDIA GeForce RTX 5070 Ti, 8.60, 0, 0, 15117, 195, 405, 37, 1, 4
1791024402.296333992,2026/10/03 19:46:42.344, 2, NVIDIA GeForce RTX 5070 Ti, 37.51, 0, 0, 15120, 427, 810, 48, 2, 8
1791024402.296333992,2026/10/03 19:46:42.349, 3, NVIDIA GeForce RTX 5060 Ti, 3.58, 0, 1, 2, 210, 405, 30, 1, 4
1791024403.379402136,2026/10/03 19:46:43.418, 0, NVIDIA GeForce RTX 5070 Ti, 7.86, 0, 0, 15120, 195, 405, 40, 1, 8
1791024403.379402136,2026/10/03 19:46:43.423, 1, NVIDIA GeForce RTX 5070 Ti, 8.57, 0, 0, 15117, 195, 405, 37, 1, 4
1791024403.379402136,2026/10/03 19:46:43.427, 2, NVIDIA GeForce RTX 5070 Ti, 25.59, 0, 0, 15120, 337, 810, 48, 2, 8
1791024403.379402136,2026/10/03 19:46:43.432, 3, NVIDIA GeForce RTX 5060 Ti, 3.59, 0, 0, 2, 210, 405, 30, 1, 4
1791024404.462008050,2026/10/03 19:46:44.501, 0, NVIDIA GeForce RTX 5070 Ti, 7.84, 0, 0, 15120, 195, 405, 39, 1, 8
1791024404.462008050,2026/10/03 19:46:44.506, 1, NVIDIA GeForce RTX 5070 Ti, 8.52, 0, 0, 15117, 195, 405, 37, 1, 4
1791024404.462008050,2026/10/03 19:46:44.511, 2, NVIDIA GeForce RTX 5070 Ti, 18.23, 0, 0, 15120, 195, 810, 47, 1, 8
1791024404.462008050,2026/10/03 19:46:44.515, 3, NVIDIA GeForce RTX 5060 Ti, 3.55, 0, 0, 2, 210, 405, 30, 1, 4
1791024405.546668818,2026/10/03 19:46:45.585, 0, NVIDIA GeForce RTX 5070 Ti, 7.80, 0, 0, 15120, 195, 405, 39, 1, 8
1791024405.546668818,2026/10/03 19:46:45.591, 1, NVIDIA GeForce RTX 5070 Ti, 8.61, 0, 0, 15117, 195, 405, 37, 1, 4
1791024405.546668818,2026/10/03 19:46:45.595, 2, NVIDIA GeForce RTX 5070 Ti, 17.08, 0, 0, 15120, 195, 405, 47, 1, 8
1791024405.546668818,2026/10/03 19:46:45.599, 3, NVIDIA GeForce RTX 5060 Ti, 3.61, 0, 0, 2, 210, 405, 30, 1, 4
1791024406.629124227,2026/10/03 19:46:46.667, 0, NVIDIA GeForce RTX 5070 Ti, 7.84, 0, 0, 15120, 195, 405, 39, 1, 8
1791024406.629124227,2026/10/03 19:46:46.672, 1, NVIDIA GeForce RTX 5070 Ti, 8.60, 0, 0, 15117, 195, 405, 37, 1, 4
1791024406.629124227,2026/10/03 19:46:46.676, 2, NVIDIA GeForce RTX 5070 Ti, 15.61, 0, 0, 15120, 195, 405, 47, 1, 8
1791024406.629124227,2026/10/03 19:46:46.680, 3, NVIDIA GeForce RTX 5060 Ti, 3.64, 0, 0, 2, 210, 405, 30, 1, 4
1791024407.710661949,2026/10/03 19:46:47.751, 0, NVIDIA GeForce RTX 5070 Ti, 7.84, 0, 0, 15120, 195, 405, 39, 1, 8
1791024407.710661949,2026/10/03 19:46:47.756, 1, NVIDIA GeForce RTX 5070 Ti, 8.56, 0, 0, 15117, 187, 405, 37, 1, 4
1791024407.710661949,2026/10/03 19:46:47.760, 2, NVIDIA GeForce RTX 5070 Ti, 15.63, 0, 0, 15120, 195, 405, 47, 1, 8
1791024407.710661949,2026/10/03 19:46:47.765, 3, NVIDIA GeForce RTX 5060 Ti, 3.64, 0, 0, 2, 210, 405, 30, 1, 4
1791024408.795337216,2026/10/03 19:46:48.835, 0, NVIDIA GeForce RTX 5070 Ti, 7.87, 0, 0, 15120, 195, 405, 39, 1, 8
1791024408.795337216,2026/10/03 19:46:48.840, 1, NVIDIA GeForce RTX 5070 Ti, 8.54, 0, 0, 15117, 195, 405, 36, 1, 4
1791024408.795337216,2026/10/03 19:46:48.844, 2, NVIDIA GeForce RTX 5070 Ti, 15.63, 0, 0, 15120, 195, 405, 47, 1, 8
1791024408.795337216,2026/10/03 19:46:48.848, 3, NVIDIA GeForce RTX 5060 Ti, 3.60, 0, 0, 2, 210, 405, 30, 1, 4
1791024409.880905021,2026/10/03 19:46:49.920, 0, NVIDIA GeForce RTX 5070 Ti, 7.94, 0, 0, 15120, 195, 405, 39, 1, 8
1791024409.880905021,2026/10/03 19:46:49.925, 1, NVIDIA GeForce RTX 5070 Ti, 8.53, 0, 0, 15117, 195, 405, 36, 1, 4
1791024409.880905021,2026/10/03 19:46:49.929, 2, NVIDIA GeForce RTX 5070 Ti, 15.51, 0, 0, 15120, 195, 405, 47, 1, 8
1791024409.880905021,2026/10/03 19:46:49.933, 3, NVIDIA GeForce RTX 5060 Ti, 3.52, 0, 1, 2, 210, 405, 30, 1, 4
1791024410.966479206,2026/10/03 19:46:51.005, 0, NVIDIA GeForce RTX 5070 Ti, 7.88, 0, 0, 15120, 195, 405, 39, 1, 8
1791024410.966479206,2026/10/03 19:46:51.010, 1, NVIDIA GeForce RTX 5070 Ti, 8.50, 0, 0, 15117, 195, 405, 36, 1, 4
1791024410.966479206,2026/10/03 19:46:51.014, 2, NVIDIA GeForce RTX 5070 Ti, 15.50, 0, 0, 15120, 195, 405, 47, 1, 8
1791024410.966479206,2026/10/03 19:46:51.018, 3, NVIDIA GeForce RTX 5060 Ti, 3.48, 0, 0, 2, 210, 405, 30, 1, 4
1791024412.047392823,2026/10/03 19:46:52.088, 0, NVIDIA GeForce RTX 5070 Ti, 7.78, 0, 0, 15120, 195, 405, 39, 1, 8
1791024412.047392823,2026/10/03 19:46:52.094, 1, NVIDIA GeForce RTX 5070 Ti, 8.48, 0, 0, 15117, 195, 405, 36, 1, 4
1791024412.047392823,2026/10/03 19:46:52.099, 2, NVIDIA GeForce RTX 5070 Ti, 15.62, 0, 0, 15120, 195, 405, 47, 1, 8
1791024412.047392823,2026/10/03 19:46:52.103, 3, NVIDIA GeForce RTX 5060 Ti, 3.52, 0, 0, 2, 210, 405, 30, 1, 4
1791024413.133079642,2026/10/03 19:46:53.169, 0, NVIDIA GeForce RTX 5070 Ti, 24.14, 100, 25, 15170, 2295, 15051, 43, 5, 8
1791024413.133079642,2026/10/03 19:46:53.174, 1, NVIDIA GeForce RTX 5070 Ti, 8.51, 0, 0, 15117, 195, 405, 36, 1, 4
1791024413.133079642,2026/10/03 19:46:53.178, 2, NVIDIA GeForce RTX 5070 Ti, 15.71, 0, 0, 15120, 195, 405, 47, 1, 8
1791024413.133079642,2026/10/03 19:46:53.182, 3, NVIDIA GeForce RTX 5060 Ti, 3.55, 0, 0, 2, 210, 405, 30, 1, 4
1791024414.210097982,2026/10/03 19:46:54.245, 0, NVIDIA GeForce RTX 5070 Ti, 90.73, 100, 25, 15170, 2295, 15051, 43, 5, 8
1791024414.210097982,2026/10/03 19:46:54.249, 1, NVIDIA GeForce RTX 5070 Ti, 8.44, 0, 0, 15117, 195, 405, 36, 1, 4
1791024414.210097982,2026/10/03 19:46:54.254, 2, NVIDIA GeForce RTX 5070 Ti, 15.68, 0, 0, 15120, 195, 405, 47, 1, 8
1791024414.210097982,2026/10/03 19:46:54.258, 3, NVIDIA GeForce RTX 5060 Ti, 3.62, 0, 2, 2, 210, 405, 30, 1, 4
1791024415.289351362,2026/10/03 19:46:55.326, 0, NVIDIA GeForce RTX 5070 Ti, 75.46, 99, 28, 15206, 2295, 15051, 44, 5, 8
1791024415.289351362,2026/10/03 19:46:55.330, 1, NVIDIA GeForce RTX 5070 Ti, 8.42, 0, 0, 15117, 195, 405, 36, 1, 4
1791024415.289351362,2026/10/03 19:46:55.334, 2, NVIDIA GeForce RTX 5070 Ti, 15.86, 0, 0, 15120, 195, 405, 47, 1, 8
1791024415.289351362,2026/10/03 19:46:55.338, 3, NVIDIA GeForce RTX 5060 Ti, 3.96, 0, 0, 2, 210, 405, 30, 1, 4
1791024416.367722707,2026/10/03 19:46:56.403, 0, NVIDIA GeForce RTX 5070 Ti, 90.62, 97, 37, 15206, 2287, 15051, 45, 5, 8
1791024416.367722707,2026/10/03 19:46:56.407, 1, NVIDIA GeForce RTX 5070 Ti, 8.43, 0, 0, 15117, 195, 405, 36, 1, 4
1791024416.367722707,2026/10/03 19:46:56.411, 2, NVIDIA GeForce RTX 5070 Ti, 16.09, 0, 0, 15120, 195, 405, 47, 1, 8
1791024416.367722707,2026/10/03 19:46:56.415, 3, NVIDIA GeForce RTX 5060 Ti, 4.27, 0, 0, 2, 210, 405, 30, 1, 4
1791024417.444022578,2026/10/03 19:46:57.480, 0, NVIDIA GeForce RTX 5070 Ti, 75.23, 0, 0, 15206, 2295, 15051, 41, 5, 8
1791024417.444022578,2026/10/03 19:46:57.482, 1, NVIDIA GeForce RTX 5070 Ti, 8.89, 0, 0, 15117, 195, 405, 36, 1, 4
1791024417.444022578,2026/10/03 19:46:57.487, 2, NVIDIA GeForce RTX 5070 Ti, 43.26, 100, 20, 15170, 2302, 15051, 51, 5, 8
1791024417.444022578,2026/10/03 19:46:57.491, 3, NVIDIA GeForce RTX 5060 Ti, 4.38, 0, 0, 2, 210, 405, 30, 1, 4
1791024418.521205305,2026/10/03 19:46:58.557, 0, NVIDIA GeForce RTX 5070 Ti, 30.44, 0, 0, 15206, 2295, 15051, 41, 5, 8
1791024418.521205305,2026/10/03 19:46:58.560, 1, NVIDIA GeForce RTX 5070 Ti, 8.78, 0, 0, 15117, 195, 405, 36, 1, 4
1791024418.521205305,2026/10/03 19:46:58.564, 2, NVIDIA GeForce RTX 5070 Ti, 111.43, 100, 20, 15190, 2302, 15051, 52, 5, 8
1791024418.521205305,2026/10/03 19:46:58.567, 3, NVIDIA GeForce RTX 5060 Ti, 4.38, 0, 0, 2, 210, 405, 30, 1, 4
1791024419.594465914,2026/10/03 19:46:59.629, 0, NVIDIA GeForce RTX 5070 Ti, 30.43, 0, 0, 15206, 2295, 15051, 40, 5, 8
1791024419.594465914,2026/10/03 19:46:59.632, 1, NVIDIA GeForce RTX 5070 Ti, 8.69, 0, 0, 15117, 195, 405, 36, 1, 4
1791024419.594465914,2026/10/03 19:46:59.636, 2, NVIDIA GeForce RTX 5070 Ti, 96.90, 98, 24, 15206, 2302, 15051, 52, 5, 8
1791024419.594465914,2026/10/03 19:46:59.639, 3, NVIDIA GeForce RTX 5060 Ti, 4.34, 0, 2, 2, 202, 405, 30, 1, 4
1791024420.666424400,2026/10/03 19:47:00.710, 0, NVIDIA GeForce RTX 5070 Ti, 30.46, 0, 0, 15206, 2295, 15051, 40, 5, 8
1791024420.666424400,2026/10/03 19:47:00.713, 1, NVIDIA GeForce RTX 5070 Ti, 9.02, 0, 0, 15125, 187, 405, 36, 1, 4
1791024420.666424400,2026/10/03 19:47:00.717, 2, NVIDIA GeForce RTX 5070 Ti, 110.74, 99, 23, 15206, 2302, 15051, 52, 5, 8
1791024420.666424400,2026/10/03 19:47:00.719, 3, NVIDIA GeForce RTX 5060 Ti, 4.42, 0, 0, 2, 210, 405, 30, 1, 4
1791024421.745636169,2026/10/03 19:47:01.783, 0, NVIDIA GeForce RTX 5070 Ti, 29.55, 0, 0, 15206, 2295, 15051, 40, 5, 8
1791024421.745636169,2026/10/03 19:47:01.785, 1, NVIDIA GeForce RTX 5070 Ti, 46.55, 100, 10, 15167, 2302, 15051, 39, 5, 4
1791024421.745636169,2026/10/03 19:47:01.789, 2, NVIDIA GeForce RTX 5070 Ti, 50.49, 0, 0, 15206, 2302, 15051, 49, 5, 8
1791024421.745636169,2026/10/03 19:47:01.791, 3, NVIDIA GeForce RTX 5060 Ti, 4.39, 0, 1, 2, 210, 405, 30, 1, 4
1791024422.822254723,2026/10/03 19:47:02.858, 0, NVIDIA GeForce RTX 5070 Ti, 29.86, 0, 0, 15206, 2295, 15051, 40, 5, 8
1791024422.822254723,2026/10/03 19:47:02.860, 1, NVIDIA GeForce RTX 5070 Ti, 67.16, 100, 13, 15167, 2302, 15051, 39, 5, 4
1791024422.822254723,2026/10/03 19:47:02.865, 2, NVIDIA GeForce RTX 5070 Ti, 43.04, 0, 0, 15206, 2302, 15051, 48, 5, 8
1791024422.822254723,2026/10/03 19:47:02.866, 3, NVIDIA GeForce RTX 5060 Ti, 4.21, 0, 0, 2, 210, 405, 30, 1, 4
1791024423.892433878,2026/10/03 19:47:03.927, 0, NVIDIA GeForce RTX 5070 Ti, 29.83, 0, 0, 15206, 2295, 15051, 40, 5, 8
1791024423.892433878,2026/10/03 19:47:03.929, 1, NVIDIA GeForce RTX 5070 Ti, 66.76, 100, 14, 15167, 2302, 15051, 40, 5, 4
1791024423.892433878,2026/10/03 19:47:03.933, 2, NVIDIA GeForce RTX 5070 Ti, 43.01, 0, 0, 15206, 2302, 15051, 48, 5, 8
1791024423.892433878,2026/10/03 19:47:03.935, 3, NVIDIA GeForce RTX 5060 Ti, 4.04, 0, 0, 2, 210, 405, 30, 1, 4
1791024424.963140944,2026/10/03 19:47:04.998, 0, NVIDIA GeForce RTX 5070 Ti, 29.77, 0, 0, 15206, 2295, 15051, 40, 5, 8
1791024424.963140944,2026/10/03 19:47:05.001, 1, NVIDIA GeForce RTX 5070 Ti, 66.13, 99, 23, 15195, 2295, 15051, 40, 5, 4
1791024424.963140944,2026/10/03 19:47:05.004, 2, NVIDIA GeForce RTX 5070 Ti, 43.03, 0, 0, 15206, 2302, 15051, 48, 5, 8
1791024424.963140944,2026/10/03 19:47:05.007, 3, NVIDIA GeForce RTX 5060 Ti, 4.04, 0, 2, 2, 210, 405, 30, 1, 4
1791024426.033163833,2026/10/03 19:47:06.068, 0, NVIDIA GeForce RTX 5070 Ti, 30.28, 0, 0, 15206, 2295, 15051, 40, 5, 8
1791024426.033163833,2026/10/03 19:47:06.070, 1, NVIDIA GeForce RTX 5070 Ti, 88.62, 97, 34, 15203, 2295, 15051, 42, 5, 4
1791024426.033163833,2026/10/03 19:47:06.075, 2, NVIDIA GeForce RTX 5070 Ti, 43.30, 0, 0, 15206, 2302, 15051, 48, 5, 8
1791024426.033163833,2026/10/03 19:47:06.077, 3, NVIDIA GeForce RTX 5060 Ti, 4.16, 0, 1, 2, 210, 405, 30, 1, 4
1791024427.104373029,2026/10/03 19:47:07.140, 0, NVIDIA GeForce RTX 5070 Ti, 65.90, 100, 43, 15206, 2287, 15051, 45, 5, 8
1791024427.104373029,2026/10/03 19:47:07.143, 1, NVIDIA GeForce RTX 5070 Ti, 60.68, 0, 0, 15203, 2302, 15051, 39, 5, 4
1791024427.104373029,2026/10/03 19:47:07.145, 2, NVIDIA GeForce RTX 5070 Ti, 55.96, 100, 26, 15206, 2302, 15051, 52, 5, 8
1791024427.104373029,2026/10/03 19:47:07.149, 3, NVIDIA GeForce RTX 5060 Ti, 4.28, 0, 0, 2, 210, 405, 30, 1, 4
1791024428.223550556,2026/10/03 19:47:08.259, 0, NVIDIA GeForce RTX 5070 Ti, 106.98, 100, 50, 15206, 2287, 15051, 46, 5, 8
1791024428.223550556,2026/10/03 19:47:08.265, 1, NVIDIA GeForce RTX 5070 Ti, 33.36, 0, 0, 15203, 2302, 15051, 38, 5, 4
1791024428.223550556,2026/10/03 19:47:08.267, 2, NVIDIA GeForce RTX 5070 Ti, 125.67, 99, 29, 15206, 2302, 15051, 54, 5, 8
1791024428.223550556,2026/10/03 19:47:08.270, 3, NVIDIA GeForce RTX 5060 Ti, 4.53, 0, 0, 2, 210, 405, 30, 1, 4
1791024429.300619688,2026/10/03 19:47:09.337, 0, NVIDIA GeForce RTX 5070 Ti, 101.42, 98, 39, 15206, 2287, 15051, 45, 5, 8
1791024429.300619688,2026/10/03 19:47:09.341, 1, NVIDIA GeForce RTX 5070 Ti, 33.44, 0, 0, 15203, 2302, 15051, 38, 5, 4
1791024429.300619688,2026/10/03 19:47:09.343, 2, NVIDIA GeForce RTX 5070 Ti, 119.42, 99, 20, 15206, 2302, 15051, 54, 5, 8
1791024429.300619688,2026/10/03 19:47:09.346, 3, NVIDIA GeForce RTX 5060 Ti, 4.84, 0, 0, 2, 210, 405, 30, 1, 4
1791024430.374804815,2026/10/03 19:47:10.412, 0, NVIDIA GeForce RTX 5070 Ti, 97.70, 99, 28, 15206, 2287, 15051, 45, 5, 8
1791024430.374804815,2026/10/03 19:47:10.416, 1, NVIDIA GeForce RTX 5070 Ti, 33.26, 0, 0, 15203, 2302, 15051, 38, 5, 4
1791024430.374804815,2026/10/03 19:47:10.418, 2, NVIDIA GeForce RTX 5070 Ti, 118.31, 98, 21, 15206, 2302, 15051, 54, 5, 8
1791024430.374804815,2026/10/03 19:47:10.422, 3, NVIDIA GeForce RTX 5060 Ti, 5.00, 0, 0, 2, 210, 405, 30, 1, 4
1791024431.450292463,2026/10/03 19:47:11.486, 0, NVIDIA GeForce RTX 5070 Ti, 97.96, 98, 38, 15206, 2287, 15051, 45, 5, 8
1791024431.450292463,2026/10/03 19:47:11.490, 1, NVIDIA GeForce RTX 5070 Ti, 33.19, 0, 0, 15203, 2302, 15051, 38, 5, 4
1791024431.450292463,2026/10/03 19:47:11.492, 2, NVIDIA GeForce RTX 5070 Ti, 118.57, 97, 28, 15206, 2302, 15051, 54, 5, 8
1791024431.450292463,2026/10/03 19:47:11.495, 3, NVIDIA GeForce RTX 5060 Ti, 5.02, 0, 0, 2, 210, 405, 30, 1, 4
1791024432.523437247,2026/10/03 19:47:12.560, 0, NVIDIA GeForce RTX 5070 Ti, 97.53, 99, 31, 15206, 2287, 15051, 45, 5, 8
1791024432.523437247,2026/10/03 19:47:12.565, 1, NVIDIA GeForce RTX 5070 Ti, 33.02, 0, 0, 15203, 2302, 15051, 38, 5, 4
1791024432.523437247,2026/10/03 19:47:12.567, 2, NVIDIA GeForce RTX 5070 Ti, 118.24, 99, 27, 15206, 2302, 15051, 54, 5, 8
1791024432.523437247,2026/10/03 19:47:12.571, 3, NVIDIA GeForce RTX 5060 Ti, 4.99, 0, 1, 2, 210, 405, 30, 1, 4
1791024433.601821723,2026/10/03 19:47:13.638, 0, NVIDIA GeForce RTX 5070 Ti, 101.33, 98, 44, 15206, 2287, 15051, 46, 5, 8
1791024433.601821723,2026/10/03 19:47:13.642, 1, NVIDIA GeForce RTX 5070 Ti, 33.15, 0, 0, 15203, 2302, 15051, 38, 5, 4
1791024433.601821723,2026/10/03 19:47:13.643, 2, NVIDIA GeForce RTX 5070 Ti, 119.86, 99, 30, 15206, 2302, 15051, 55, 5, 8
1791024433.601821723,2026/10/03 19:47:13.647, 3, NVIDIA GeForce RTX 5060 Ti, 4.88, 0, 0, 2, 210, 405, 30, 1, 4
1791024434.675547730,2026/10/03 19:47:14.715, 0, NVIDIA GeForce RTX 5070 Ti, 104.32, 98, 41, 15206, 2287, 15051, 45, 5, 8
1791024434.675547730,2026/10/03 19:47:14.719, 1, NVIDIA GeForce RTX 5070 Ti, 33.33, 0, 0, 15203, 2302, 15051, 38, 5, 4
1791024434.675547730,2026/10/03 19:47:14.722, 2, NVIDIA GeForce RTX 5070 Ti, 125.95, 98, 28, 15206, 2302, 15051, 56, 5, 8
1791024434.675547730,2026/10/03 19:47:14.725, 3, NVIDIA GeForce RTX 5060 Ti, 4.90, 0, 2, 2, 210, 405, 30, 1, 4
1791024435.754609093,2026/10/03 19:47:15.791, 0, NVIDIA GeForce RTX 5070 Ti, 96.42, 100, 46, 15206, 2287, 15051, 46, 5, 8
1791024435.754609093,2026/10/03 19:47:15.796, 1, NVIDIA GeForce RTX 5070 Ti, 33.26, 0, 0, 15203, 2302, 15051, 38, 5, 4
1791024435.754609093,2026/10/03 19:47:15.798, 2, NVIDIA GeForce RTX 5070 Ti, 121.23, 99, 30, 15206, 2302, 15051, 55, 5, 8
1791024435.754609093,2026/10/03 19:47:15.801, 3, NVIDIA GeForce RTX 5060 Ti, 4.83, 0, 0, 2, 210, 405, 30, 1, 4
1791024436.837340223,2026/10/03 19:47:16.872, 0, NVIDIA GeForce RTX 5070 Ti, 97.79, 98, 40, 15206, 2287, 15051, 46, 5, 8
1791024436.837340223,2026/10/03 19:47:16.875, 1, NVIDIA GeForce RTX 5070 Ti, 33.31, 0, 0, 15203, 2302, 15051, 38, 5, 4
1791024436.837340223,2026/10/03 19:47:16.877, 2, NVIDIA GeForce RTX 5070 Ti, 113.99, 99, 22, 15206, 2302, 15051, 55, 5, 8
1791024436.837340223,2026/10/03 19:47:16.880, 3, NVIDIA GeForce RTX 5060 Ti, 5.09, 0, 0, 2, 210, 405, 30, 1, 4
1791024437.909168184,2026/10/03 19:47:17.944, 0, NVIDIA GeForce RTX 5070 Ti, 97.93, 99, 32, 15206, 2287, 15051, 46, 5, 8
1791024437.909168184,2026/10/03 19:47:17.948, 1, NVIDIA GeForce RTX 5070 Ti, 33.36, 0, 0, 15203, 2302, 15051, 38, 5, 4
1791024437.909168184,2026/10/03 19:47:17.950, 2, NVIDIA GeForce RTX 5070 Ti, 119.24, 98, 24, 15206, 2302, 15051, 55, 5, 8
1791024437.909168184,2026/10/03 19:47:17.953, 3, NVIDIA GeForce RTX 5060 Ti, 5.44, 0, 0, 2, 210, 405, 30, 1, 4
1791024438.982231625,2026/10/03 19:47:19.018, 0, NVIDIA GeForce RTX 5070 Ti, 97.62, 99, 32, 15206, 2287, 15051, 45, 5, 8
1791024438.982231625,2026/10/03 19:47:19.022, 1, NVIDIA GeForce RTX 5070 Ti, 33.43, 0, 0, 15203, 2302, 15051, 38, 5, 4
1791024438.982231625,2026/10/03 19:47:19.023, 2, NVIDIA GeForce RTX 5070 Ti, 116.92, 99, 22, 15206, 2302, 15051, 55, 5, 8
1791024438.982231625,2026/10/03 19:47:19.027, 3, NVIDIA GeForce RTX 5060 Ti, 5.25, 0, 0, 2, 210, 405, 30, 1, 4
1791024440.056820828,2026/10/03 19:47:20.093, 0, NVIDIA GeForce RTX 5070 Ti, 97.78, 97, 44, 15206, 2287, 15051, 46, 5, 8
1791024440.056820828,2026/10/03 19:47:20.098, 1, NVIDIA GeForce RTX 5070 Ti, 33.36, 0, 0, 15203, 2302, 15051, 38, 5, 4
1791024440.056820828,2026/10/03 19:47:20.100, 2, NVIDIA GeForce RTX 5070 Ti, 120.65, 97, 30, 15206, 2302, 15051, 55, 5, 8
1791024440.056820828,2026/10/03 19:47:20.103, 3, NVIDIA GeForce RTX 5060 Ti, 5.72, 0, 0, 2, 210, 405, 30, 1, 4
1791024441.130966182,2026/10/03 19:47:21.166, 0, NVIDIA GeForce RTX 5070 Ti, 104.18, 99, 29, 15206, 2287, 15051, 46, 5, 8
1791024441.130966182,2026/10/03 19:47:21.170, 1, NVIDIA GeForce RTX 5070 Ti, 33.40, 0, 0, 15203, 2302, 15051, 38, 5, 4
1791024441.130966182,2026/10/03 19:47:21.172, 2, NVIDIA GeForce RTX 5070 Ti, 121.04, 97, 29, 15206, 2302, 15051, 56, 5, 8
1791024441.130966182,2026/10/03 19:47:21.175, 3, NVIDIA GeForce RTX 5060 Ti, 5.68, 0, 1, 2, 210, 405, 30, 1, 4
1791024442.205642658,2026/10/03 19:47:22.243, 0, NVIDIA GeForce RTX 5070 Ti, 95.90, 98, 41, 15206, 2287, 15051, 47, 5, 8
1791024442.205642658,2026/10/03 19:47:22.248, 1, NVIDIA GeForce RTX 5070 Ti, 33.30, 0, 0, 15203, 2302, 15051, 38, 5, 4
1791024442.205642658,2026/10/03 19:47:22.250, 2, NVIDIA GeForce RTX 5070 Ti, 116.33, 98, 24, 15206, 2302, 15051, 56, 5, 8
1791024442.205642658,2026/10/03 19:47:22.254, 3, NVIDIA GeForce RTX 5060 Ti, 5.65, 0, 0, 2, 210, 405, 30, 1, 4
1791024443.281499052,2026/10/03 19:47:23.317, 0, NVIDIA GeForce RTX 5070 Ti, 90.59, 100, 40, 15206, 2287, 15051, 46, 5, 8
1791024443.281499052,2026/10/03 19:47:23.320, 1, NVIDIA GeForce RTX 5070 Ti, 33.36, 0, 0, 15203, 2302, 15051, 38, 5, 4
1791024443.281499052,2026/10/03 19:47:23.322, 2, NVIDIA GeForce RTX 5070 Ti, 110.20, 100, 26, 15206, 2302, 15051, 55, 5, 8
1791024443.281499052,2026/10/03 19:47:23.326, 3, NVIDIA GeForce RTX 5060 Ti, 5.52, 0, 1, 2, 210, 405, 30, 1, 4
1791024444.360585415,2026/10/03 19:47:24.397, 0, NVIDIA GeForce RTX 5070 Ti, 101.76, 100, 46, 15206, 2287, 15051, 47, 5, 8
1791024444.360585415,2026/10/03 19:47:24.402, 1, NVIDIA GeForce RTX 5070 Ti, 24.34, 0, 0, 15203, 405, 810, 37, 2, 4
1791024444.360585415,2026/10/03 19:47:24.407, 2, NVIDIA GeForce RTX 5070 Ti, 122.74, 100, 24, 15206, 2302, 15051, 56, 5, 8
1791024444.360585415,2026/10/03 19:47:24.410, 3, NVIDIA GeForce RTX 5060 Ti, 5.34, 0, 0, 2, 210, 405, 30, 1, 4
1791024445.438733971,2026/10/03 19:47:25.479, 0, NVIDIA GeForce RTX 5070 Ti, 103.87, 100, 42, 15206, 2287, 15051, 47, 5, 8
1791024445.438733971,2026/10/03 19:47:25.483, 1, NVIDIA GeForce RTX 5070 Ti, 18.56, 0, 0, 15203, 352, 810, 37, 2, 4
1791024445.438733971,2026/10/03 19:47:25.487, 2, NVIDIA GeForce RTX 5070 Ti, 122.35, 99, 26, 15206, 2302, 15051, 57, 5, 8
1791024445.438733971,2026/10/03 19:47:25.490, 3, NVIDIA GeForce RTX 5060 Ti, 5.09, 0, 0, 2, 210, 405, 30, 1, 4
1791024446.520312444,2026/10/03 19:47:26.557, 0, NVIDIA GeForce RTX 5070 Ti, 96.78, 100, 44, 15206, 2295, 15051, 46, 5, 8
1791024446.520312444,2026/10/03 19:47:26.561, 1, NVIDIA GeForce RTX 5070 Ti, 13.35, 0, 0, 15203, 210, 810, 37, 1, 4
1791024446.520312444,2026/10/03 19:47:26.565, 2, NVIDIA GeForce RTX 5070 Ti, 120.90, 98, 25, 15206, 2302, 15051, 57, 5, 8
1791024446.520312444,2026/10/03 19:47:26.568, 3, NVIDIA GeForce RTX 5060 Ti, 5.35, 0, 0, 2, 210, 405, 30, 1, 4
1791024447.599767183,2026/10/03 19:47:27.636, 0, NVIDIA GeForce RTX 5070 Ti, 98.98, 98, 40, 15206, 2287, 15051, 47, 5, 8
1791024447.599767183,2026/10/03 19:47:27.641, 1, NVIDIA GeForce RTX 5070 Ti, 10.36, 0, 0, 15203, 195, 405, 37, 1, 4
1791024447.599767183,2026/10/03 19:47:27.645, 2, NVIDIA GeForce RTX 5070 Ti, 119.84, 98, 26, 15206, 2302, 15051, 57, 5, 8
1791024447.599767183,2026/10/03 19:47:27.649, 3, NVIDIA GeForce RTX 5060 Ti, 5.55, 0, 2, 2, 210, 405, 30, 1, 4
1791024448.678028413,2026/10/03 19:47:28.714, 0, NVIDIA GeForce RTX 5070 Ti, 106.55, 97, 49, 15206, 2287, 15051, 48, 5, 8
1791024448.678028413,2026/10/03 19:47:28.718, 1, NVIDIA GeForce RTX 5070 Ti, 9.77, 0, 0, 15203, 195, 405, 37, 1, 4
1791024448.678028413,2026/10/03 19:47:28.722, 2, NVIDIA GeForce RTX 5070 Ti, 125.30, 94, 29, 15206, 2302, 15051, 57, 5, 8
1791024448.678028413,2026/10/03 19:47:28.725, 3, NVIDIA GeForce RTX 5060 Ti, 5.61, 0, 0, 2, 210, 405, 30, 1, 4
1791024449.754152357,2026/10/03 19:47:29.790, 0, NVIDIA GeForce RTX 5070 Ti, 107.21, 98, 40, 15206, 2287, 15051, 47, 5, 8
1791024449.754152357,2026/10/03 19:47:29.794, 1, NVIDIA GeForce RTX 5070 Ti, 9.81, 0, 0, 15203, 195, 405, 37, 1, 4
1791024449.754152357,2026/10/03 19:47:29.798, 2, NVIDIA GeForce RTX 5070 Ti, 128.00, 98, 35, 15206, 2302, 15051, 58, 5, 8
1791024449.754152357,2026/10/03 19:47:29.802, 3, NVIDIA GeForce RTX 5060 Ti, 5.61, 0, 1, 2, 210, 405, 30, 1, 4
1791024450.831842524,2026/10/03 19:47:30.869, 0, NVIDIA GeForce RTX 5070 Ti, 105.18, 98, 40, 15206, 2287, 15051, 46, 5, 8
1791024450.831842524,2026/10/03 19:47:30.874, 1, NVIDIA GeForce RTX 5070 Ti, 9.86, 0, 0, 15203, 195, 405, 37, 1, 4
1791024450.831842524,2026/10/03 19:47:30.878, 2, NVIDIA GeForce RTX 5070 Ti, 119.28, 94, 10, 15206, 2302, 15051, 56, 5, 8
1791024450.831842524,2026/10/03 19:47:30.881, 3, NVIDIA GeForce RTX 5060 Ti, 5.73, 0, 2, 2, 210, 405, 30, 1, 4
1791024451.911819323,2026/10/03 19:47:31.948, 0, NVIDIA GeForce RTX 5070 Ti, 93.68, 100, 42, 15206, 2287, 15051, 47, 5, 8
1791024451.911819323,2026/10/03 19:47:31.952, 1, NVIDIA GeForce RTX 5070 Ti, 9.59, 0, 0, 15203, 195, 405, 37, 1, 4
1791024451.911819323,2026/10/03 19:47:31.956, 2, NVIDIA GeForce RTX 5070 Ti, 121.41, 100, 33, 15206, 2302, 15051, 57, 5, 8
1791024451.911819323,2026/10/03 19:47:31.959, 3, NVIDIA GeForce RTX 5060 Ti, 5.53, 0, 0, 2, 210, 405, 30, 1, 4
1791024452.988804682,2026/10/03 19:47:33.026, 0, NVIDIA GeForce RTX 5070 Ti, 105.31, 100, 33, 15206, 2287, 15051, 47, 5, 8
1791024452.988804682,2026/10/03 19:47:33.030, 1, NVIDIA GeForce RTX 5070 Ti, 9.45, 0, 0, 15203, 195, 405, 37, 1, 4
1791024452.988804682,2026/10/03 19:47:33.034, 2, NVIDIA GeForce RTX 5070 Ti, 126.48, 100, 27, 15206, 2302, 15051, 57, 5, 8
1791024452.988804682,2026/10/03 19:47:33.037, 3, NVIDIA GeForce RTX 5060 Ti, 5.37, 0, 0, 2, 210, 405, 30, 1, 4
1791024454.065889895,2026/10/03 19:47:34.103, 0, NVIDIA GeForce RTX 5070 Ti, 98.60, 100, 39, 15206, 2287, 15051, 47, 5, 8
1791024454.065889895,2026/10/03 19:47:34.107, 1, NVIDIA GeForce RTX 5070 Ti, 9.67, 0, 0, 15203, 195, 405, 37, 1, 4
1791024454.065889895,2026/10/03 19:47:34.111, 2, NVIDIA GeForce RTX 5070 Ti, 120.25, 100, 21, 15206, 2302, 15051, 57, 5, 8
1791024454.065889895,2026/10/03 19:47:34.114, 3, NVIDIA GeForce RTX 5060 Ti, 5.25, 0, 0, 2, 210, 405, 30, 1, 4
1791024455.145780681,2026/10/03 19:47:35.183, 0, NVIDIA GeForce RTX 5070 Ti, 100.14, 98, 38, 15206, 2287, 15051, 47, 5, 8
1791024455.145780681,2026/10/03 19:47:35.186, 1, NVIDIA GeForce RTX 5070 Ti, 9.53, 0, 0, 15203, 195, 405, 37, 1, 4
1791024455.145780681,2026/10/03 19:47:35.191, 2, NVIDIA GeForce RTX 5070 Ti, 121.49, 99, 25, 15206, 2302, 15051, 56, 5, 8
1791024455.145780681,2026/10/03 19:47:35.194, 3, NVIDIA GeForce RTX 5060 Ti, 5.19, 0, 3, 2, 210, 405, 30, 1, 4
1791024456.223086443,2026/10/03 19:47:36.260, 0, NVIDIA GeForce RTX 5070 Ti, 100.17, 100, 27, 15206, 2287, 15051, 46, 5, 8
1791024456.223086443,2026/10/03 19:47:36.264, 1, NVIDIA GeForce RTX 5070 Ti, 9.72, 0, 0, 15203, 195, 405, 37, 1, 4
1791024456.223086443,2026/10/03 19:47:36.269, 2, NVIDIA GeForce RTX 5070 Ti, 121.64, 98, 30, 15206, 2302, 15051, 57, 5, 8
1791024456.223086443,2026/10/03 19:47:36.273, 3, NVIDIA GeForce RTX 5060 Ti, 5.37, 0, 1, 2, 210, 405, 30, 1, 4
1791024457.301464908,2026/10/03 19:47:37.338, 0, NVIDIA GeForce RTX 5070 Ti, 108.45, 98, 41, 15206, 2287, 15051, 48, 5, 8
1791024457.301464908,2026/10/03 19:47:37.343, 1, NVIDIA GeForce RTX 5070 Ti, 9.95, 0, 0, 15203, 195, 405, 37, 1, 4
1791024457.301464908,2026/10/03 19:47:37.348, 2, NVIDIA GeForce RTX 5070 Ti, 126.34, 99, 22, 15206, 2302, 15051, 56, 5, 8
1791024457.301464908,2026/10/03 19:47:37.352, 3, NVIDIA GeForce RTX 5060 Ti, 5.58, 0, 1, 2, 210, 405, 30, 1, 4
1791024458.381606574,2026/10/03 19:47:38.418, 0, NVIDIA GeForce RTX 5070 Ti, 93.86, 98, 39, 15206, 2287, 15051, 47, 5, 8
1791024458.381606574,2026/10/03 19:47:38.421, 1, NVIDIA GeForce RTX 5070 Ti, 10.02, 0, 0, 15203, 195, 405, 37, 1, 4
1791024458.381606574,2026/10/03 19:47:38.426, 2, NVIDIA GeForce RTX 5070 Ti, 119.69, 98, 31, 15206, 2302, 15051, 57, 5, 8
1791024458.381606574,2026/10/03 19:47:38.429, 3, NVIDIA GeForce RTX 5060 Ti, 5.58, 0, 0, 2, 210, 405, 30, 1, 4
1791024459.462767231,2026/10/03 19:47:39.501, 0, NVIDIA GeForce RTX 5070 Ti, 99.54, 100, 47, 15206, 2287, 15051, 47, 5, 8
1791024459.462767231,2026/10/03 19:47:39.505, 1, NVIDIA GeForce RTX 5070 Ti, 10.00, 0, 0, 15203, 195, 405, 37, 1, 4
1791024459.462767231,2026/10/03 19:47:39.509, 2, NVIDIA GeForce RTX 5070 Ti, 120.39, 100, 27, 15206, 2302, 15051, 57, 5, 8
1791024459.462767231,2026/10/03 19:47:39.512, 3, NVIDIA GeForce RTX 5060 Ti, 5.30, 0, 1, 2, 210, 405, 30, 1, 4
1791024460.542580103,2026/10/03 19:47:40.580, 0, NVIDIA GeForce RTX 5070 Ti, 106.44, 100, 52, 15206, 2287, 15051, 48, 5, 8
1791024460.542580103,2026/10/03 19:47:40.585, 1, NVIDIA GeForce RTX 5070 Ti, 9.57, 0, 0, 15203, 195, 405, 36, 1, 4
1791024460.542580103,2026/10/03 19:47:40.589, 2, NVIDIA GeForce RTX 5070 Ti, 128.34, 100, 30, 15206, 2302, 15051, 56, 5, 8
1791024460.542580103,2026/10/03 19:47:40.592, 3, NVIDIA GeForce RTX 5060 Ti, 4.96, 0, 0, 2, 210, 405, 30, 1, 4
1791024461.621711909,2026/10/03 19:47:41.658, 0, NVIDIA GeForce RTX 5070 Ti, 100.72, 99, 43, 15206, 2287, 15051, 47, 5, 8
1791024461.621711909,2026/10/03 19:47:41.663, 1, NVIDIA GeForce RTX 5070 Ti, 9.61, 0, 0, 15203, 195, 405, 36, 1, 4
1791024461.621711909,2026/10/03 19:47:41.667, 2, NVIDIA GeForce RTX 5070 Ti, 122.37, 99, 22, 15206, 2302, 15051, 56, 5, 8
1791024461.621711909,2026/10/03 19:47:41.670, 3, NVIDIA GeForce RTX 5060 Ti, 4.94, 0, 2, 2, 210, 405, 30, 1, 4
1791024462.702566853,2026/10/03 19:47:42.739, 0, NVIDIA GeForce RTX 5070 Ti, 101.76, 99, 32, 15206, 2287, 15051, 47, 5, 8
1791024462.702566853,2026/10/03 19:47:42.743, 1, NVIDIA GeForce RTX 5070 Ti, 10.02, 0, 0, 15203, 195, 405, 36, 1, 4
1791024462.702566853,2026/10/03 19:47:42.747, 2, NVIDIA GeForce RTX 5070 Ti, 121.85, 98, 33, 15206, 2302, 15051, 56, 5, 8
1791024462.702566853,2026/10/03 19:47:42.751, 3, NVIDIA GeForce RTX 5060 Ti, 5.21, 0, 1, 2, 210, 405, 30, 1, 4
1791024463.779695038,2026/10/03 19:47:43.817, 0, NVIDIA GeForce RTX 5070 Ti, 99.44, 99, 32, 15206, 2287, 15051, 48, 5, 8
1791024463.779695038,2026/10/03 19:47:43.821, 1, NVIDIA GeForce RTX 5070 Ti, 9.88, 0, 0, 15203, 195, 405, 36, 1, 4
1791024463.779695038,2026/10/03 19:47:43.825, 2, NVIDIA GeForce RTX 5070 Ti, 121.88, 99, 27, 15206, 2302, 15051, 55, 5, 8
1791024463.779695038,2026/10/03 19:47:43.828, 3, NVIDIA GeForce RTX 5060 Ti, 5.52, 0, 0, 2, 210, 405, 30, 1, 4
1791024464.865271072,2026/10/03 19:47:44.902, 0, NVIDIA GeForce RTX 5070 Ti, 101.73, 97, 43, 15206, 2287, 15051, 48, 5, 8
1791024464.865271072,2026/10/03 19:47:44.906, 1, NVIDIA GeForce RTX 5070 Ti, 9.84, 0, 0, 15203, 195, 405, 36, 1, 4
1791024464.865271072,2026/10/03 19:47:44.910, 2, NVIDIA GeForce RTX 5070 Ti, 121.36, 100, 18, 15206, 2302, 15051, 55, 5, 8
1791024464.865271072,2026/10/03 19:47:44.913, 3, NVIDIA GeForce RTX 5060 Ti, 5.57, 0, 1, 2, 210, 405, 30, 1, 4
1791024465.942924088,2026/10/03 19:47:45.981, 0, NVIDIA GeForce RTX 5070 Ti, 99.49, 99, 29, 15206, 2287, 15051, 47, 5, 8
1791024465.942924088,2026/10/03 19:47:45.985, 1, NVIDIA GeForce RTX 5070 Ti, 10.06, 0, 0, 15203, 195, 405, 36, 1, 4
1791024465.942924088,2026/10/03 19:47:45.990, 2, NVIDIA GeForce RTX 5070 Ti, 120.78, 98, 30, 15206, 2302, 15051, 55, 5, 8
1791024465.942924088,2026/10/03 19:47:45.993, 3, NVIDIA GeForce RTX 5060 Ti, 5.59, 0, 0, 2, 210, 405, 30, 1, 4
1791024467.027679690,2026/10/03 19:47:47.065, 0, NVIDIA GeForce RTX 5070 Ti, 97.84, 100, 37, 15206, 2287, 15051, 48, 5, 8
1791024467.027679690,2026/10/03 19:47:47.068, 1, NVIDIA GeForce RTX 5070 Ti, 9.90, 0, 0, 15203, 195, 405, 36, 1, 4
1791024467.027679690,2026/10/03 19:47:47.073, 2, NVIDIA GeForce RTX 5070 Ti, 118.18, 100, 26, 15206, 2302, 15051, 55, 5, 8
1791024467.027679690,2026/10/03 19:47:47.076, 3, NVIDIA GeForce RTX 5060 Ti, 5.44, 0, 0, 2, 210, 405, 30, 1, 4
1791024468.106420209,2026/10/03 19:47:48.144, 0, NVIDIA GeForce RTX 5070 Ti, 97.07, 100, 32, 15206, 2287, 15051, 48, 5, 8
1791024468.106420209,2026/10/03 19:47:48.147, 1, NVIDIA GeForce RTX 5070 Ti, 9.49, 0, 0, 15203, 195, 405, 36, 1, 4
1791024468.106420209,2026/10/03 19:47:48.151, 2, NVIDIA GeForce RTX 5070 Ti, 120.98, 99, 29, 15206, 2302, 15051, 55, 5, 8
1791024468.106420209,2026/10/03 19:47:48.154, 3, NVIDIA GeForce RTX 5060 Ti, 5.32, 0, 0, 2, 210, 405, 30, 1, 4
1791024469.183710130,2026/10/03 19:47:49.222, 0, NVIDIA GeForce RTX 5070 Ti, 99.56, 98, 39, 15206, 2287, 15051, 48, 5, 8
1791024469.183710130,2026/10/03 19:47:49.226, 1, NVIDIA GeForce RTX 5070 Ti, 9.77, 0, 0, 15203, 195, 405, 36, 1, 4
1791024469.183710130,2026/10/03 19:47:49.230, 2, NVIDIA GeForce RTX 5070 Ti, 119.25, 99, 27, 15206, 2302, 15051, 55, 5, 8
1791024469.183710130,2026/10/03 19:47:49.233, 3, NVIDIA GeForce RTX 5060 Ti, 5.31, 0, 0, 2, 210, 405, 30, 1, 4
1791024470.262668818,2026/10/03 19:47:50.299, 0, NVIDIA GeForce RTX 5070 Ti, 99.24, 98, 35, 15206, 2287, 15051, 47, 5, 8
1791024470.262668818,2026/10/03 19:47:50.303, 1, NVIDIA GeForce RTX 5070 Ti, 9.89, 0, 0, 15203, 195, 405, 36, 1, 4
1791024470.262668818,2026/10/03 19:47:50.308, 2, NVIDIA GeForce RTX 5070 Ti, 119.19, 98, 30, 15206, 2302, 15051, 55, 5, 8
1791024470.262668818,2026/10/03 19:47:50.311, 3, NVIDIA GeForce RTX 5060 Ti, 5.47, 0, 2, 2, 210, 405, 30, 1, 4
1791024471.341594965,2026/10/03 19:47:51.381, 0, NVIDIA GeForce RTX 5070 Ti, 101.29, 99, 31, 15206, 2287, 15051, 48, 5, 8
1791024471.341594965,2026/10/03 19:47:51.385, 1, NVIDIA GeForce RTX 5070 Ti, 9.99, 0, 0, 15203, 195, 405, 36, 1, 4
1791024471.341594965,2026/10/03 19:47:51.390, 2, NVIDIA GeForce RTX 5070 Ti, 121.77, 98, 28, 15206, 2302, 15051, 54, 5, 8
1791024471.341594965,2026/10/03 19:47:51.393, 3, NVIDIA GeForce RTX 5060 Ti, 5.66, 0, 1, 2, 210, 405, 30, 1, 4
1791024472.421971580,2026/10/03 19:47:52.458, 0, NVIDIA GeForce RTX 5070 Ti, 100.61, 100, 30, 15206, 2287, 15051, 47, 5, 8
1791024472.421971580,2026/10/03 19:47:52.462, 1, NVIDIA GeForce RTX 5070 Ti, 9.76, 0, 0, 15203, 195, 405, 36, 1, 4
1791024472.421971580,2026/10/03 19:47:52.466, 2, NVIDIA GeForce RTX 5070 Ti, 119.93, 98, 22, 15206, 2310, 15051, 54, 5, 8
1791024472.421971580,2026/10/03 19:47:52.469, 3, NVIDIA GeForce RTX 5060 Ti, 5.63, 0, 0, 2, 210, 405, 30, 1, 4
1791024473.497425888,2026/10/03 19:47:53.534, 0, NVIDIA GeForce RTX 5070 Ti, 97.78, 99, 40, 15206, 2287, 15051, 48, 5, 8
1791024473.497425888,2026/10/03 19:47:53.539, 1, NVIDIA GeForce RTX 5070 Ti, 9.88, 0, 0, 15203, 195, 405, 36, 1, 4
1791024473.497425888,2026/10/03 19:47:53.543, 2, NVIDIA GeForce RTX 5070 Ti, 122.45, 98, 29, 15206, 2302, 15051, 55, 5, 8
1791024473.497425888,2026/10/03 19:47:53.547, 3, NVIDIA GeForce RTX 5060 Ti, 5.56, 0, 0, 2, 210, 405, 30, 1, 4
1791024474.576846805,2026/10/03 19:47:54.614, 0, NVIDIA GeForce RTX 5070 Ti, 95.47, 100, 37, 15206, 2287, 15051, 48, 5, 8
1791024474.576846805,2026/10/03 19:47:54.618, 1, NVIDIA GeForce RTX 5070 Ti, 9.74, 0, 0, 15203, 195, 405, 36, 1, 4
1791024474.576846805,2026/10/03 19:47:54.622, 2, NVIDIA GeForce RTX 5070 Ti, 118.17, 87, 10, 15206, 2302, 15051, 53, 5, 8
1791024474.576846805,2026/10/03 19:47:54.626, 3, NVIDIA GeForce RTX 5060 Ti, 5.51, 0, 0, 2, 210, 405, 30, 1, 4
1791024475.655532222,2026/10/03 19:47:55.692, 0, NVIDIA GeForce RTX 5070 Ti, 100.24, 100, 35, 15206, 2287, 15051, 48, 5, 8
1791024475.655532222,2026/10/03 19:47:55.695, 1, NVIDIA GeForce RTX 5070 Ti, 9.60, 0, 0, 15203, 195, 405, 36, 1, 4
1791024475.655532222,2026/10/03 19:47:55.700, 2, NVIDIA GeForce RTX 5070 Ti, 119.21, 100, 28, 15206, 2302, 15051, 54, 5, 8
1791024475.655532222,2026/10/03 19:47:55.703, 3, NVIDIA GeForce RTX 5060 Ti, 5.34, 0, 3, 2, 210, 405, 30, 1, 4
1791024476.733400816,2026/10/03 19:47:56.772, 0, NVIDIA GeForce RTX 5070 Ti, 97.53, 100, 37, 15206, 2287, 15051, 48, 5, 8
1791024476.733400816,2026/10/03 19:47:56.776, 1, NVIDIA GeForce RTX 5070 Ti, 9.75, 0, 0, 15203, 195, 405, 36, 1, 4
1791024476.733400816,2026/10/03 19:47:56.780, 2, NVIDIA GeForce RTX 5070 Ti, 119.84, 100, 29, 15206, 2302, 15051, 54, 5, 8
1791024476.733400816,2026/10/03 19:47:56.783, 3, NVIDIA GeForce RTX 5060 Ti, 5.38, 0, 0, 2, 210, 405, 30, 1, 4
1791024477.811566213,2026/10/03 19:47:57.848, 0, NVIDIA GeForce RTX 5070 Ti, 100.59, 100, 38, 15206, 2287, 15051, 49, 5, 8
1791024477.811566213,2026/10/03 19:47:57.853, 1, NVIDIA GeForce RTX 5070 Ti, 9.84, 0, 0, 15203, 195, 405, 36, 1, 4
1791024477.811566213,2026/10/03 19:47:57.857, 2, NVIDIA GeForce RTX 5070 Ti, 121.22, 100, 27, 15206, 2302, 15051, 54, 5, 8
1791024477.811566213,2026/10/03 19:47:57.860, 3, NVIDIA GeForce RTX 5060 Ti, 5.49, 0, 0, 2, 210, 405, 30, 1, 4
1791024478.899101366,2026/10/03 19:47:58.936, 0, NVIDIA GeForce RTX 5070 Ti, 100.75, 100, 43, 15206, 2287, 15051, 49, 5, 8
1791024478.899101366,2026/10/03 19:47:58.940, 1, NVIDIA GeForce RTX 5070 Ti, 9.46, 0, 0, 15203, 195, 405, 36, 1, 4
1791024478.899101366,2026/10/03 19:47:58.944, 2, NVIDIA GeForce RTX 5070 Ti, 122.25, 99, 31, 15206, 2302, 15051, 53, 5, 8
1791024478.899101366,2026/10/03 19:47:58.947, 3, NVIDIA GeForce RTX 5060 Ti, 5.22, 0, 0, 2, 210, 405, 30, 1, 4
1791024479.977566805,2026/10/03 19:48:00.015, 0, NVIDIA GeForce RTX 5070 Ti, 101.45, 99, 38, 15206, 2287, 15051, 49, 5, 8
1791024479.977566805,2026/10/03 19:48:00.019, 1, NVIDIA GeForce RTX 5070 Ti, 9.50, 0, 0, 15203, 195, 405, 36, 1, 4
1791024479.977566805,2026/10/03 19:48:00.023, 2, NVIDIA GeForce RTX 5070 Ti, 121.68, 99, 33, 15206, 2302, 15051, 54, 5, 8
1791024479.977566805,2026/10/03 19:48:00.027, 3, NVIDIA GeForce RTX 5060 Ti, 5.10, 0, 0, 2, 210, 405, 30, 1, 4
1791024481.057173509,2026/10/03 19:48:01.093, 0, NVIDIA GeForce RTX 5070 Ti, 103.70, 98, 45, 15206, 2287, 15051, 48, 5, 8
1791024481.057173509,2026/10/03 19:48:01.097, 1, NVIDIA GeForce RTX 5070 Ti, 9.74, 0, 0, 15203, 195, 405, 36, 1, 4
1791024481.057173509,2026/10/03 19:48:01.102, 2, NVIDIA GeForce RTX 5070 Ti, 123.98, 98, 27, 15206, 2302, 15051, 53, 5, 8
1791024481.057173509,2026/10/03 19:48:01.105, 3, NVIDIA GeForce RTX 5060 Ti, 5.21, 0, 2, 2, 210, 405, 30, 1, 4
1791024482.137594756,2026/10/03 19:48:02.182, 0, NVIDIA GeForce RTX 5070 Ti, 99.90, 98, 39, 15206, 2287, 15051, 49, 5, 8
1791024482.137594756,2026/10/03 19:48:02.187, 1, NVIDIA GeForce RTX 5070 Ti, 9.91, 0, 0, 15203, 195, 405, 36, 1, 4
1791024482.137594756,2026/10/03 19:48:02.192, 2, NVIDIA GeForce RTX 5070 Ti, 117.10, 99, 24, 15206, 2302, 15051, 53, 5, 8
1791024482.137594756,2026/10/03 19:48:02.196, 3, NVIDIA GeForce RTX 5060 Ti, 5.51, 0, 2, 2, 210, 405, 30, 1, 4
1791024483.229152321,2026/10/03 19:48:03.271, 0, NVIDIA GeForce RTX 5070 Ti, 88.73, 100, 37, 15206, 2287, 15051, 48, 5, 8
1791024483.229152321,2026/10/03 19:48:03.277, 1, NVIDIA GeForce RTX 5070 Ti, 55.06, 100, 30, 15203, 2295, 15051, 41, 5, 4
1791024483.229152321,2026/10/03 19:48:03.281, 2, NVIDIA GeForce RTX 5070 Ti, 111.79, 100, 28, 15206, 2302, 15051, 53, 5, 8
1791024483.229152321,2026/10/03 19:48:03.285, 3, NVIDIA GeForce RTX 5060 Ti, 5.84, 0, 0, 2, 210, 405, 30, 1, 4
1791024484.325256110,2026/10/03 19:48:04.366, 0, NVIDIA GeForce RTX 5070 Ti, 98.81, 100, 33, 15206, 2287, 15051, 49, 5, 8
1791024484.325256110,2026/10/03 19:48:04.370, 1, NVIDIA GeForce RTX 5070 Ti, 97.44, 100, 31, 15203, 2295, 15051, 41, 5, 4
1791024484.325256110,2026/10/03 19:48:04.373, 2, NVIDIA GeForce RTX 5070 Ti, 118.33, 100, 19, 15206, 2302, 15051, 53, 5, 8
1791024484.325256110,2026/10/03 19:48:04.377, 3, NVIDIA GeForce RTX 5060 Ti, 5.93, 0, 1, 2, 210, 405, 30, 1, 4
1791024485.411637387,2026/10/03 19:48:05.453, 0, NVIDIA GeForce RTX 5070 Ti, 96.22, 100, 40, 15206, 2287, 15051, 49, 5, 8
1791024485.411637387,2026/10/03 19:48:05.458, 1, NVIDIA GeForce RTX 5070 Ti, 94.89, 98, 31, 15203, 2295, 15051, 42, 5, 4
1791024485.411637387,2026/10/03 19:48:05.462, 2, NVIDIA GeForce RTX 5070 Ti, 115.01, 100, 19, 15206, 2302, 15051, 52, 5, 8
1791024485.411637387,2026/10/03 19:48:05.467, 3, NVIDIA GeForce RTX 5060 Ti, 6.29, 0, 0, 2, 210, 405, 30, 1, 4
1791024486.509582370,2026/10/03 19:48:06.548, 0, NVIDIA GeForce RTX 5070 Ti, 95.38, 100, 33, 15206, 2287, 15051, 49, 5, 8
1791024486.509582370,2026/10/03 19:48:06.553, 1, NVIDIA GeForce RTX 5070 Ti, 94.60, 98, 31, 15203, 2295, 15051, 42, 5, 4
1791024486.509582370,2026/10/03 19:48:06.557, 2, NVIDIA GeForce RTX 5070 Ti, 114.26, 100, 27, 15206, 2302, 15051, 52, 5, 8
1791024486.509582370,2026/10/03 19:48:06.561, 3, NVIDIA GeForce RTX 5060 Ti, 6.24, 0, 0, 2, 210, 405, 30, 1, 4
1791024487.606282902,2026/10/03 19:48:07.645, 0, NVIDIA GeForce RTX 5070 Ti, 94.47, 100, 25, 15206, 2295, 15051, 48, 5, 8
1791024487.606282902,2026/10/03 19:48:07.650, 1, NVIDIA GeForce RTX 5070 Ti, 98.98, 98, 31, 15203, 2287, 15051, 42, 5, 4
1791024487.606282902,2026/10/03 19:48:07.654, 2, NVIDIA GeForce RTX 5070 Ti, 116.89, 98, 28, 15206, 2302, 15051, 52, 5, 8
1791024487.606282902,2026/10/03 19:48:07.658, 3, NVIDIA GeForce RTX 5060 Ti, 6.14, 0, 1, 2, 210, 405, 30, 1, 4
1791024488.696212452,2026/10/03 19:48:08.738, 0, NVIDIA GeForce RTX 5070 Ti, 96.49, 99, 33, 15206, 2287, 15051, 49, 5, 8
1791024488.696212452,2026/10/03 19:48:08.744, 1, NVIDIA GeForce RTX 5070 Ti, 97.71, 98, 34, 15203, 2287, 15051, 43, 5, 4
1791024488.696212452,2026/10/03 19:48:08.749, 2, NVIDIA GeForce RTX 5070 Ti, 114.16, 98, 27, 15206, 2302, 15051, 53, 5, 8
1791024488.696212452,2026/10/03 19:48:08.753, 3, NVIDIA GeForce RTX 5060 Ti, 6.05, 0, 0, 2, 210, 405, 30, 1, 4
1791024489.786464875,2026/10/03 19:48:09.829, 0, NVIDIA GeForce RTX 5070 Ti, 92.81, 99, 29, 15206, 2287, 15051, 49, 5, 8
1791024489.786464875,2026/10/03 19:48:09.834, 1, NVIDIA GeForce RTX 5070 Ti, 95.64, 99, 22, 15203, 2295, 15051, 43, 5, 4
1791024489.786464875,2026/10/03 19:48:09.838, 2, NVIDIA GeForce RTX 5070 Ti, 115.28, 98, 29, 15206, 2302, 15051, 52, 5, 8
1791024489.786464875,2026/10/03 19:48:09.842, 3, NVIDIA GeForce RTX 5060 Ti, 6.11, 0, 1, 2, 210, 405, 30, 1, 4
1791024490.881430777,2026/10/03 19:48:10.916, 0, NVIDIA GeForce RTX 5070 Ti, 96.06, 99, 23, 15206, 2295, 15051, 48, 5, 8
1791024490.881430777,2026/10/03 19:48:10.919, 1, NVIDIA GeForce RTX 5070 Ti, 92.30, 99, 17, 15203, 2295, 15051, 41, 5, 4
1791024490.881430777,2026/10/03 19:48:10.922, 2, NVIDIA GeForce RTX 5070 Ti, 108.75, 55, 14, 15206, 2302, 15051, 52, 5, 8
1791024490.881430777,2026/10/03 19:48:10.924, 3, NVIDIA GeForce RTX 5060 Ti, 6.13, 0, 0, 2, 210, 405, 30, 1, 4
1791024491.952110552,2026/10/03 19:48:11.992, 0, NVIDIA GeForce RTX 5070 Ti, 73.08, 100, 38, 15206, 2287, 15051, 48, 5, 8
1791024491.952110552,2026/10/03 19:48:11.997, 1, NVIDIA GeForce RTX 5070 Ti, 86.43, 100, 27, 15203, 2295, 15051, 42, 5, 4
1791024491.952110552,2026/10/03 19:48:12.001, 2, NVIDIA GeForce RTX 5070 Ti, 94.57, 100, 26, 15206, 2302, 15051, 51, 5, 8
1791024491.952110552,2026/10/03 19:48:12.005, 3, NVIDIA GeForce RTX 5060 Ti, 5.85, 0, 1, 2, 210, 405, 30, 1, 4
1791024493.047732001,2026/10/03 19:48:13.091, 0, NVIDIA GeForce RTX 5070 Ti, 99.44, 100, 35, 15206, 2287, 15051, 49, 5, 8
1791024493.047732001,2026/10/03 19:48:13.097, 1, NVIDIA GeForce RTX 5070 Ti, 95.90, 100, 26, 15203, 2287, 15051, 43, 5, 4
1791024493.047732001,2026/10/03 19:48:13.101, 2, NVIDIA GeForce RTX 5070 Ti, 117.65, 100, 32, 15206, 2302, 15051, 52, 5, 8
1791024493.047732001,2026/10/03 19:48:13.106, 3, NVIDIA GeForce RTX 5060 Ti, 5.84, 0, 0, 2, 210, 405, 30, 1, 4
1791024494.143521337,2026/10/03 19:48:14.185, 0, NVIDIA GeForce RTX 5070 Ti, 95.77, 100, 31, 15206, 2287, 15051, 49, 5, 8
1791024494.143521337,2026/10/03 19:48:14.191, 1, NVIDIA GeForce RTX 5070 Ti, 95.77, 100, 31, 15203, 2295, 15051, 43, 5, 4
1791024494.143521337,2026/10/03 19:48:14.195, 2, NVIDIA GeForce RTX 5070 Ti, 116.94, 100, 26, 15206, 2302, 15051, 52, 5, 8
1791024494.143521337,2026/10/03 19:48:14.199, 3, NVIDIA GeForce RTX 5060 Ti, 6.03, 0, 0, 2, 210, 405, 30, 1, 4
1791024495.230755628,2026/10/03 19:48:15.271, 0, NVIDIA GeForce RTX 5070 Ti, 92.04, 100, 40, 15206, 2287, 15051, 49, 5, 8
1791024495.230755628,2026/10/03 19:48:15.276, 1, NVIDIA GeForce RTX 5070 Ti, 96.49, 100, 31, 15203, 2287, 15051, 43, 5, 4
1791024495.230755628,2026/10/03 19:48:15.280, 2, NVIDIA GeForce RTX 5070 Ti, 110.82, 99, 22, 15206, 2302, 15051, 52, 5, 8
1791024495.230755628,2026/10/03 19:48:15.284, 3, NVIDIA GeForce RTX 5060 Ti, 6.32, 0, 0, 2, 210, 405, 30, 1, 4
1791024496.322579464,2026/10/03 19:48:16.361, 0, NVIDIA GeForce RTX 5070 Ti, 92.60, 97, 43, 15206, 2287, 15051, 49, 5, 8
1791024496.322579464,2026/10/03 19:48:16.366, 1, NVIDIA GeForce RTX 5070 Ti, 96.41, 100, 27, 15203, 2287, 15051, 44, 5, 4
1791024496.322579464,2026/10/03 19:48:16.371, 2, NVIDIA GeForce RTX 5070 Ti, 115.15, 98, 28, 15206, 2302, 15051, 52, 5, 8
1791024496.322579464,2026/10/03 19:48:16.374, 3, NVIDIA GeForce RTX 5060 Ti, 6.23, 0, 0, 2, 210, 405, 30, 1, 4
1791024497.415303537,2026/10/03 19:48:17.457, 0, NVIDIA GeForce RTX 5070 Ti, 99.94, 98, 37, 15206, 2287, 15051, 49, 5, 8
1791024497.415303537,2026/10/03 19:48:17.462, 1, NVIDIA GeForce RTX 5070 Ti, 97.49, 100, 35, 15203, 2287, 15051, 44, 5, 4
1791024497.415303537,2026/10/03 19:48:17.465, 2, NVIDIA GeForce RTX 5070 Ti, 117.49, 98, 31, 15206, 2302, 15051, 52, 5, 8
1791024497.415303537,2026/10/03 19:48:17.469, 3, NVIDIA GeForce RTX 5060 Ti, 5.99, 0, 0, 2, 210, 405, 30, 1, 4
1791024498.502708745,2026/10/03 19:48:18.540, 0, NVIDIA GeForce RTX 5070 Ti, 93.97, 99, 26, 15206, 2295, 15051, 49, 5, 8
1791024498.502708745,2026/10/03 19:48:18.545, 1, NVIDIA GeForce RTX 5070 Ti, 100.56, 99, 20, 15203, 2287, 15051, 43, 5, 4
1791024498.502708745,2026/10/03 19:48:18.552, 2, NVIDIA GeForce RTX 5070 Ti, 114.90, 98, 30, 15206, 2302, 15051, 52, 5, 8
1791024498.502708745,2026/10/03 19:48:18.557, 3, NVIDIA GeForce RTX 5060 Ti, 5.89, 0, 0, 2, 202, 405, 30, 1, 4
1791024499.594712438,2026/10/03 19:48:19.636, 0, NVIDIA GeForce RTX 5070 Ti, 91.87, 99, 21, 15206, 2295, 15051, 48, 5, 8
1791024499.594712438,2026/10/03 19:48:19.641, 1, NVIDIA GeForce RTX 5070 Ti, 93.97, 98, 27, 15203, 2287, 15051, 44, 5, 4
1791024499.594712438,2026/10/03 19:48:19.645, 2, NVIDIA GeForce RTX 5070 Ti, 116.12, 98, 27, 15206, 2302, 15051, 51, 5, 8
1791024499.594712438,2026/10/03 19:48:19.649, 3, NVIDIA GeForce RTX 5060 Ti, 6.06, 0, 1, 2, 210, 405, 30, 1, 4
1791024500.684145538,2026/10/03 19:48:20.726, 0, NVIDIA GeForce RTX 5070 Ti, 86.94, 100, 39, 15206, 2287, 15051, 49, 5, 8
1791024500.684145538,2026/10/03 19:48:20.730, 1, NVIDIA GeForce RTX 5070 Ti, 81.67, 100, 30, 15203, 2287, 15051, 43, 5, 4
1791024500.684145538,2026/10/03 19:48:20.734, 2, NVIDIA GeForce RTX 5070 Ti, 101.64, 100, 19, 15206, 2302, 15051, 50, 5, 8
1791024500.684145538,2026/10/03 19:48:20.738, 3, NVIDIA GeForce RTX 5060 Ti, 6.08, 0, 1, 2, 210, 405, 29, 1, 4
1791024501.769299936,2026/10/03 19:48:21.811, 0, NVIDIA GeForce RTX 5070 Ti, 96.46, 100, 34, 15206, 2287, 15051, 49, 5, 8
1791024501.769299936,2026/10/03 19:48:21.817, 1, NVIDIA GeForce RTX 5070 Ti, 98.28, 97, 24, 15203, 2287, 15051, 44, 5, 4
1791024501.769299936,2026/10/03 19:48:21.821, 2, NVIDIA GeForce RTX 5070 Ti, 115.94, 100, 26, 15206, 2302, 15051, 51, 5, 8
1791024501.769299936,2026/10/03 19:48:21.826, 3, NVIDIA GeForce RTX 5060 Ti, 6.01, 0, 1, 2, 210, 405, 30, 1, 4
1791024502.862115802,2026/10/03 19:48:22.902, 0, NVIDIA GeForce RTX 5070 Ti, 92.45, 99, 39, 15206, 2287, 15051, 49, 5, 8
1791024502.862115802,2026/10/03 19:48:22.907, 1, NVIDIA GeForce RTX 5070 Ti, 94.94, 100, 33, 15203, 2287, 15051, 44, 5, 4
1791024502.862115802,2026/10/03 19:48:22.912, 2, NVIDIA GeForce RTX 5070 Ti, 111.12, 98, 26, 15206, 2302, 15051, 52, 5, 8
1791024502.862115802,2026/10/03 19:48:22.916, 3, NVIDIA GeForce RTX 5060 Ti, 5.97, 0, 2, 2, 210, 405, 30, 1, 4
1791024503.948543201,2026/10/03 19:48:23.989, 0, NVIDIA GeForce RTX 5070 Ti, 97.96, 99, 31, 15206, 2287, 15051, 50, 5, 8
1791024503.948543201,2026/10/03 19:48:23.993, 1, NVIDIA GeForce RTX 5070 Ti, 98.13, 99, 30, 15203, 2287, 15051, 44, 5, 4
1791024503.948543201,2026/10/03 19:48:23.997, 2, NVIDIA GeForce RTX 5070 Ti, 114.68, 99, 17, 15206, 2302, 15051, 51, 5, 8
1791024503.948543201,2026/10/03 19:48:24.001, 3, NVIDIA GeForce RTX 5060 Ti, 6.07, 0, 0, 2, 210, 405, 29, 1, 4
1791024505.039317865,2026/10/03 19:48:25.079, 0, NVIDIA GeForce RTX 5070 Ti, 96.32, 98, 40, 15206, 2287, 15051, 50, 5, 8
1791024505.039317865,2026/10/03 19:48:25.085, 1, NVIDIA GeForce RTX 5070 Ti, 97.92, 100, 21, 15203, 2287, 15051, 44, 5, 4
1791024505.039317865,2026/10/03 19:48:25.089, 2, NVIDIA GeForce RTX 5070 Ti, 118.63, 99, 32, 15206, 2295, 15051, 51, 5, 8
1791024505.039317865,2026/10/03 19:48:25.093, 3, NVIDIA GeForce RTX 5060 Ti, 6.17, 0, 1, 2, 202, 405, 29, 1, 4
1791024506.126784185,2026/10/03 19:48:26.166, 0, NVIDIA GeForce RTX 5070 Ti, 98.08, 100, 32, 15206, 2287, 15051, 49, 5, 8
1791024506.126784185,2026/10/03 19:48:26.172, 1, NVIDIA GeForce RTX 5070 Ti, 98.46, 99, 23, 15203, 2287, 15051, 44, 5, 4
1791024506.126784185,2026/10/03 19:48:26.176, 2, NVIDIA GeForce RTX 5070 Ti, 115.58, 99, 28, 15206, 2302, 15051, 51, 5, 8
1791024506.126784185,2026/10/03 19:48:26.180, 3, NVIDIA GeForce RTX 5060 Ti, 6.00, 0, 1, 2, 210, 405, 29, 1, 4
1791024507.216930514,2026/10/03 19:48:27.258, 0, NVIDIA GeForce RTX 5070 Ti, 92.21, 94, 29, 15206, 2287, 15051, 49, 5, 8
1791024507.216930514,2026/10/03 19:48:27.264, 1, NVIDIA GeForce RTX 5070 Ti, 98.16, 98, 34, 15203, 2287, 15051, 45, 5, 4
1791024507.216930514,2026/10/03 19:48:27.269, 2, NVIDIA GeForce RTX 5070 Ti, 116.18, 99, 20, 15206, 2302, 15051, 50, 5, 8
1791024507.216930514,2026/10/03 19:48:27.273, 3, NVIDIA GeForce RTX 5060 Ti, 5.77, 0, 0, 2, 210, 405, 29, 1, 4
1791024508.305519340,2026/10/03 19:48:28.347, 0, NVIDIA GeForce RTX 5070 Ti, 92.01, 99, 27, 15206, 2287, 15051, 49, 5, 8
1791024508.305519340,2026/10/03 19:48:28.353, 1, NVIDIA GeForce RTX 5070 Ti, 95.96, 99, 26, 15203, 2287, 15051, 44, 5, 4
1791024508.305519340,2026/10/03 19:48:28.358, 2, NVIDIA GeForce RTX 5070 Ti, 110.59, 99, 20, 15206, 2302, 15051, 50, 5, 8
1791024508.305519340,2026/10/03 19:48:28.362, 3, NVIDIA GeForce RTX 5060 Ti, 5.89, 0, 0, 2, 210, 405, 29, 1, 4
1791024509.412020897,2026/10/03 19:48:29.452, 0, NVIDIA GeForce RTX 5070 Ti, 84.43, 100, 35, 15206, 2295, 15051, 49, 5, 8
1791024509.412020897,2026/10/03 19:48:29.457, 1, NVIDIA GeForce RTX 5070 Ti, 91.28, 100, 30, 15203, 2295, 15051, 44, 5, 4
1791024509.412020897,2026/10/03 19:48:29.461, 2, NVIDIA GeForce RTX 5070 Ti, 101.94, 100, 23, 15206, 2302, 15051, 50, 5, 8
1791024509.412020897,2026/10/03 19:48:29.465, 3, NVIDIA GeForce RTX 5060 Ti, 5.86, 0, 1, 2, 210, 405, 29, 1, 4
1791024510.494359821,2026/10/03 19:48:30.535, 0, NVIDIA GeForce RTX 5070 Ti, 94.78, 99, 32, 15206, 2287, 15051, 49, 5, 8
1791024510.494359821,2026/10/03 19:48:30.540, 1, NVIDIA GeForce RTX 5070 Ti, 95.72, 98, 30, 15203, 2287, 15051, 44, 5, 4
1791024510.494359821,2026/10/03 19:48:30.544, 2, NVIDIA GeForce RTX 5070 Ti, 115.15, 99, 23, 15206, 2302, 15051, 51, 5, 8
1791024510.494359821,2026/10/03 19:48:30.548, 3, NVIDIA GeForce RTX 5060 Ti, 5.94, 0, 0, 2, 202, 405, 29, 1, 4
1791024511.583108484,2026/10/03 19:48:31.622, 0, NVIDIA GeForce RTX 5070 Ti, 94.17, 99, 35, 15206, 2287, 15051, 50, 5, 8
1791024511.583108484,2026/10/03 19:48:31.628, 1, NVIDIA GeForce RTX 5070 Ti, 97.45, 99, 27, 15203, 2287, 15051, 45, 5, 4
1791024511.583108484,2026/10/03 19:48:31.631, 2, NVIDIA GeForce RTX 5070 Ti, 112.63, 99, 26, 15206, 2302, 15051, 50, 5, 8
1791024511.583108484,2026/10/03 19:48:31.635, 3, NVIDIA GeForce RTX 5060 Ti, 6.26, 0, 0, 2, 210, 405, 29, 1, 4
1791024512.666772611,2026/10/03 19:48:32.708, 0, NVIDIA GeForce RTX 5070 Ti, 92.90, 99, 33, 15206, 2287, 15051, 49, 5, 8
1791024512.666772611,2026/10/03 19:48:32.713, 1, NVIDIA GeForce RTX 5070 Ti, 96.60, 98, 34, 15203, 2287, 15051, 45, 5, 4
1791024512.666772611,2026/10/03 19:48:32.717, 2, NVIDIA GeForce RTX 5070 Ti, 111.52, 99, 23, 15206, 2302, 15051, 50, 5, 8
1791024512.666772611,2026/10/03 19:48:32.722, 3, NVIDIA GeForce RTX 5060 Ti, 6.31, 0, 0, 2, 210, 405, 29, 1, 4
1791024513.762564187,2026/10/03 19:48:33.806, 0, NVIDIA GeForce RTX 5070 Ti, 92.21, 99, 30, 15206, 2295, 15051, 49, 5, 8
1791024513.762564187,2026/10/03 19:48:33.813, 1, NVIDIA GeForce RTX 5070 Ti, 96.42, 98, 32, 15203, 2287, 15051, 46, 5, 4
1791024513.762564187,2026/10/03 19:48:33.817, 2, NVIDIA GeForce RTX 5070 Ti, 110.61, 99, 23, 15206, 2302, 15051, 50, 5, 8
1791024513.762564187,2026/10/03 19:48:33.822, 3, NVIDIA GeForce RTX 5060 Ti, 6.24, 0, 0, 2, 210, 405, 29, 1, 4
1791024514.854719657,2026/10/03 19:48:34.894, 0, NVIDIA GeForce RTX 5070 Ti, 91.31, 99, 31, 15206, 2287, 15051, 50, 5, 8
1791024514.854719657,2026/10/03 19:48:34.899, 1, NVIDIA GeForce RTX 5070 Ti, 96.44, 98, 28, 15203, 2287, 15051, 46, 5, 4
1791024514.854719657,2026/10/03 19:48:34.902, 2, NVIDIA GeForce RTX 5070 Ti, 108.39, 95, 19, 15206, 2302, 15051, 49, 5, 8
1791024514.854719657,2026/10/03 19:48:34.907, 3, NVIDIA GeForce RTX 5060 Ti, 6.20, 0, 0, 2, 210, 405, 29, 1, 4
1791024515.939221548,2026/10/03 19:48:35.980, 0, NVIDIA GeForce RTX 5070 Ti, 95.40, 98, 43, 15206, 2287, 15051, 49, 5, 8
1791024515.939221548,2026/10/03 19:48:35.985, 1, NVIDIA GeForce RTX 5070 Ti, 99.56, 98, 36, 15203, 2287, 15051, 46, 5, 4
1791024515.939221548,2026/10/03 19:48:35.990, 2, NVIDIA GeForce RTX 5070 Ti, 115.86, 98, 27, 15206, 2302, 15051, 50, 5, 8
1791024515.939221548,2026/10/03 19:48:35.994, 3, NVIDIA GeForce RTX 5060 Ti, 6.20, 0, 1, 2, 210, 405, 29, 1, 4
1791024517.025334804,2026/10/03 19:48:37.065, 0, NVIDIA GeForce RTX 5070 Ti, 103.28, 98, 41, 15206, 2287, 15051, 50, 5, 8
1791024517.025334804,2026/10/03 19:48:37.070, 1, NVIDIA GeForce RTX 5070 Ti, 96.38, 99, 28, 15203, 2287, 15051, 46, 5, 4
1791024517.025334804,2026/10/03 19:48:37.074, 2, NVIDIA GeForce RTX 5070 Ti, 118.51, 99, 16, 15206, 2302, 15051, 49, 5, 8
1791024517.025334804,2026/10/03 19:48:37.078, 3, NVIDIA GeForce RTX 5060 Ti, 5.84, 0, 0, 2, 202, 405, 29, 1, 4
1791024518.109539103,2026/10/03 19:48:38.154, 0, NVIDIA GeForce RTX 5070 Ti, 90.14, 100, 35, 15206, 2287, 15051, 49, 5, 8
1791024518.109539103,2026/10/03 19:48:38.159, 1, NVIDIA GeForce RTX 5070 Ti, 83.53, 100, 28, 15203, 2295, 15051, 45, 5, 4
1791024518.109539103,2026/10/03 19:48:38.163, 2, NVIDIA GeForce RTX 5070 Ti, 108.82, 97, 18, 15206, 2302, 15051, 49, 5, 8
1791024518.109539103,2026/10/03 19:48:38.166, 3, NVIDIA GeForce RTX 5060 Ti, 5.69, 0, 0, 2, 210, 405, 29, 1, 4
1791024519.199248284,2026/10/03 19:48:39.241, 0, NVIDIA GeForce RTX 5070 Ti, 101.65, 100, 44, 15206, 2287, 15051, 51, 5, 8
1791024519.199248284,2026/10/03 19:48:39.246, 1, NVIDIA GeForce RTX 5070 Ti, 96.32, 100, 29, 15203, 2287, 15051, 46, 5, 4
1791024519.199248284,2026/10/03 19:48:39.251, 2, NVIDIA GeForce RTX 5070 Ti, 115.15, 100, 31, 15206, 2295, 15051, 50, 5, 8
1791024519.199248284,2026/10/03 19:48:39.254, 3, NVIDIA GeForce RTX 5060 Ti, 5.55, 0, 0, 2, 210, 405, 29, 1, 4
1791024520.289134012,2026/10/03 19:48:40.332, 0, NVIDIA GeForce RTX 5070 Ti, 98.86, 100, 35, 15206, 2287, 15051, 50, 5, 8
1791024520.289134012,2026/10/03 19:48:40.337, 1, NVIDIA GeForce RTX 5070 Ti, 94.32, 100, 29, 15203, 2287, 15051, 46, 5, 4
1791024520.289134012,2026/10/03 19:48:40.341, 2, NVIDIA GeForce RTX 5070 Ti, 115.93, 100, 24, 15206, 2302, 15051, 50, 5, 8
1791024520.289134012,2026/10/03 19:48:40.345, 3, NVIDIA GeForce RTX 5060 Ti, 5.69, 0, 0, 2, 210, 405, 29, 1, 4
1791024521.380197558,2026/10/03 19:48:41.421, 0, NVIDIA GeForce RTX 5070 Ti, 91.06, 99, 22, 15206, 2295, 15051, 49, 5, 8
1791024521.380197558,2026/10/03 19:48:41.426, 1, NVIDIA GeForce RTX 5070 Ti, 95.49, 100, 28, 15203, 2287, 15051, 46, 5, 4
1791024521.380197558,2026/10/03 19:48:41.430, 2, NVIDIA GeForce RTX 5070 Ti, 107.41, 100, 18, 15206, 2302, 15051, 49, 5, 8
1791024521.380197558,2026/10/03 19:48:41.434, 3, NVIDIA GeForce RTX 5060 Ti, 6.05, 0, 0, 2, 210, 405, 29, 1, 4
1791024522.468459291,2026/10/03 19:48:42.507, 0, NVIDIA GeForce RTX 5070 Ti, 90.73, 98, 42, 15206, 2287, 15051, 50, 5, 8
1791024522.468459291,2026/10/03 19:48:42.512, 1, NVIDIA GeForce RTX 5070 Ti, 95.24, 100, 24, 15203, 2287, 15051, 46, 5, 4
1791024522.468459291,2026/10/03 19:48:42.516, 2, NVIDIA GeForce RTX 5070 Ti, 109.04, 99, 20, 15206, 2302, 15051, 50, 5, 8
1791024522.468459291,2026/10/03 19:48:42.520, 3, NVIDIA GeForce RTX 5060 Ti, 6.19, 0, 0, 2, 210, 405, 29, 1, 4
1791024523.557180912,2026/10/03 19:48:43.600, 0, NVIDIA GeForce RTX 5070 Ti, 98.55, 99, 34, 15206, 2287, 15051, 50, 5, 8
1791024523.557180912,2026/10/03 19:48:43.605, 1, NVIDIA GeForce RTX 5070 Ti, 100.36, 100, 22, 15203, 2287, 15051, 46, 5, 4
1791024523.557180912,2026/10/03 19:48:43.608, 2, NVIDIA GeForce RTX 5070 Ti, 115.75, 98, 24, 15206, 2302, 15051, 50, 5, 8
1791024523.557180912,2026/10/03 19:48:43.612, 3, NVIDIA GeForce RTX 5060 Ti, 6.18, 0, 0, 2, 210, 405, 29, 1, 4
1791024524.646203685,2026/10/03 19:48:44.689, 0, NVIDIA GeForce RTX 5070 Ti, 97.39, 99, 34, 15206, 2295, 15051, 50, 5, 8
1791024524.646203685,2026/10/03 19:48:44.694, 1, NVIDIA GeForce RTX 5070 Ti, 101.83, 100, 35, 15203, 2287, 15051, 48, 5, 4
1791024524.646203685,2026/10/03 19:48:44.697, 2, NVIDIA GeForce RTX 5070 Ti, 117.50, 98, 28, 15206, 2302, 15051, 51, 5, 8
1791024524.646203685,2026/10/03 19:48:44.701, 3, NVIDIA GeForce RTX 5060 Ti, 6.07, 0, 1, 2, 210, 405, 29, 1, 4
1791024525.733944927,2026/10/03 19:48:45.774, 0, NVIDIA GeForce RTX 5070 Ti, 93.01, 98, 37, 15206, 2287, 15051, 50, 5, 8
1791024525.733944927,2026/10/03 19:48:45.778, 1, NVIDIA GeForce RTX 5070 Ti, 98.45, 98, 31, 15203, 2287, 15051, 47, 5, 4
1791024525.733944927,2026/10/03 19:48:45.782, 2, NVIDIA GeForce RTX 5070 Ti, 113.56, 98, 26, 15206, 2302, 15051, 50, 5, 8
1791024525.733944927,2026/10/03 19:48:45.785, 3, NVIDIA GeForce RTX 5060 Ti, 6.07, 0, 0, 2, 210, 405, 29, 1, 4
1791024526.818990730,2026/10/03 19:48:46.853, 0, NVIDIA GeForce RTX 5070 Ti, 86.21, 100, 27, 15206, 2302, 15051, 50, 5, 8
1791024526.818990730,2026/10/03 19:48:46.857, 1, NVIDIA GeForce RTX 5070 Ti, 86.68, 0, 0, 15203, 2287, 15051, 44, 5, 4
1791024526.818990730,2026/10/03 19:48:46.859, 2, NVIDIA GeForce RTX 5070 Ti, 82.78, 0, 0, 15206, 2302, 15051, 45, 5, 8
1791024526.818990730,2026/10/03 19:48:46.861, 3, NVIDIA GeForce RTX 5060 Ti, 6.07, 0, 0, 2, 210, 405, 29, 1, 4
1791024527.888355543,2026/10/03 19:48:47.925, 0, NVIDIA GeForce RTX 5070 Ti, 93.84, 100, 26, 15206, 2295, 15051, 50, 5, 8
1791024527.888355543,2026/10/03 19:48:47.929, 1, NVIDIA GeForce RTX 5070 Ti, 34.18, 0, 0, 15203, 2302, 15051, 43, 5, 4
1791024527.888355543,2026/10/03 19:48:47.931, 2, NVIDIA GeForce RTX 5070 Ti, 43.59, 0, 0, 15206, 2302, 15051, 45, 5, 8
1791024527.888355543,2026/10/03 19:48:47.933, 3, NVIDIA GeForce RTX 5060 Ti, 4.02, 0, 0, 2, 210, 405, 29, 1, 4
1791024528.958991516,2026/10/03 19:48:48.994, 0, NVIDIA GeForce RTX 5070 Ti, 80.29, 59, 14, 15206, 2295, 15051, 48, 5, 8
1791024528.958991516,2026/10/03 19:48:48.998, 1, NVIDIA GeForce RTX 5070 Ti, 33.98, 0, 0, 15203, 2302, 15051, 42, 5, 4
1791024528.958991516,2026/10/03 19:48:49.000, 2, NVIDIA GeForce RTX 5070 Ti, 43.23, 0, 0, 15206, 2302, 15051, 44, 5, 8
1791024528.958991516,2026/10/03 19:48:49.001, 3, NVIDIA GeForce RTX 5060 Ti, 4.00, 0, 0, 2, 210, 405, 29, 1, 4
1791024530.027237283,2026/10/03 19:48:50.062, 0, NVIDIA GeForce RTX 5070 Ti, 90.53, 100, 26, 15206, 2295, 15051, 50, 5, 8
1791024530.027237283,2026/10/03 19:48:50.066, 1, NVIDIA GeForce RTX 5070 Ti, 34.08, 0, 0, 15203, 2302, 15051, 42, 5, 4
1791024530.027237283,2026/10/03 19:48:50.068, 2, NVIDIA GeForce RTX 5070 Ti, 43.33, 0, 0, 15206, 2302, 15051, 44, 5, 8
1791024530.027237283,2026/10/03 19:48:50.070, 3, NVIDIA GeForce RTX 5060 Ti, 4.09, 0, 0, 2, 210, 405, 29, 1, 4
1791024531.097558394,2026/10/03 19:48:51.132, 0, NVIDIA GeForce RTX 5070 Ti, 80.46, 100, 25, 15212, 2295, 15051, 51, 5, 8
1791024531.097558394,2026/10/03 19:48:51.136, 1, NVIDIA GeForce RTX 5070 Ti, 34.02, 0, 0, 15203, 2302, 15051, 42, 5, 4
1791024531.097558394,2026/10/03 19:48:51.138, 2, NVIDIA GeForce RTX 5070 Ti, 43.10, 0, 0, 15206, 2302, 15051, 44, 5, 8
1791024531.097558394,2026/10/03 19:48:51.140, 3, NVIDIA GeForce RTX 5060 Ti, 4.14, 0, 0, 2, 210, 405, 29, 1, 4
1791024532.165396674,2026/10/03 19:48:52.201, 0, NVIDIA GeForce RTX 5070 Ti, 93.62, 100, 26, 15212, 2295, 15051, 50, 5, 8
1791024532.165396674,2026/10/03 19:48:52.205, 1, NVIDIA GeForce RTX 5070 Ti, 33.99, 0, 0, 15203, 2302, 15051, 42, 5, 4
1791024532.165396674,2026/10/03 19:48:52.206, 2, NVIDIA GeForce RTX 5070 Ti, 43.20, 0, 0, 15206, 2302, 15051, 44, 5, 8
1791024532.165396674,2026/10/03 19:48:52.208, 3, NVIDIA GeForce RTX 5060 Ti, 4.12, 0, 0, 2, 210, 405, 29, 1, 4
1791024533.234566239,2026/10/03 19:48:53.269, 0, NVIDIA GeForce RTX 5070 Ti, 64.25, 0, 0, 15212, 2302, 15051, 46, 5, 8
1791024533.234566239,2026/10/03 19:48:53.271, 1, NVIDIA GeForce RTX 5070 Ti, 34.14, 0, 0, 15203, 2302, 15051, 42, 5, 4
1791024533.234566239,2026/10/03 19:48:53.273, 2, NVIDIA GeForce RTX 5070 Ti, 43.09, 0, 0, 15206, 2302, 15051, 43, 5, 8
1791024533.234566239,2026/10/03 19:48:53.275, 3, NVIDIA GeForce RTX 5060 Ti, 4.00, 0, 0, 2, 210, 405, 29, 1, 4
1791024534.300060314,2026/10/03 19:48:54.334, 0, NVIDIA GeForce RTX 5070 Ti, 30.56, 0, 0, 15212, 2302, 15051, 46, 5, 8
1791024534.300060314,2026/10/03 19:48:54.337, 1, NVIDIA GeForce RTX 5070 Ti, 33.76, 0, 0, 15203, 2302, 15051, 42, 5, 4
1791024534.300060314,2026/10/03 19:48:54.339, 2, NVIDIA GeForce RTX 5070 Ti, 42.17, 0, 0, 15206, 2302, 15051, 43, 5, 8
1791024534.300060314,2026/10/03 19:48:54.341, 3, NVIDIA GeForce RTX 5060 Ti, 3.43, 0, 0, 2, 210, 405, 29, 1, 4
1791024535.365953187,2026/10/03 19:48:55.400, 0, NVIDIA GeForce RTX 5070 Ti, 67.76, 100, 25, 15212, 2295, 15051, 50, 5, 8
1791024535.365953187,2026/10/03 19:48:55.404, 1, NVIDIA GeForce RTX 5070 Ti, 33.81, 0, 0, 15203, 2302, 15051, 42, 5, 4
1791024535.365953187,2026/10/03 19:48:55.406, 2, NVIDIA GeForce RTX 5070 Ti, 42.84, 0, 0, 15206, 2302, 15051, 43, 5, 8
1791024535.365953187,2026/10/03 19:48:55.408, 3, NVIDIA GeForce RTX 5060 Ti, 3.82, 0, 1, 2, 210, 405, 29, 1, 4
1791024536.436137072,2026/10/03 19:48:56.470, 0, NVIDIA GeForce RTX 5070 Ti, 88.66, 85, 14, 15212, 2302, 15051, 48, 5, 8
1791024536.436137072,2026/10/03 19:48:56.474, 1, NVIDIA GeForce RTX 5070 Ti, 33.94, 0, 0, 15203, 2302, 15051, 42, 5, 4
1791024536.436137072,2026/10/03 19:48:56.476, 2, NVIDIA GeForce RTX 5070 Ti, 43.01, 0, 0, 15206, 2302, 15051, 43, 5, 8
1791024536.436137072,2026/10/03 19:48:56.478, 3, NVIDIA GeForce RTX 5060 Ti, 3.99, 0, 2, 2, 210, 405, 29, 1, 4
1791024537.503709312,2026/10/03 19:48:57.538, 0, NVIDIA GeForce RTX 5070 Ti, 97.01, 100, 45, 15212, 2287, 15051, 51, 5, 8
1791024537.503709312,2026/10/03 19:48:57.542, 1, NVIDIA GeForce RTX 5070 Ti, 33.91, 0, 0, 15203, 2302, 15051, 42, 5, 4
1791024537.503709312,2026/10/03 19:48:57.544, 2, NVIDIA GeForce RTX 5070 Ti, 42.86, 0, 0, 15206, 2302, 15051, 43, 5, 8
1791024537.503709312,2026/10/03 19:48:57.546, 3, NVIDIA GeForce RTX 5060 Ti, 4.18, 0, 0, 2, 210, 405, 29, 1, 4
1791024538.573400447,2026/10/03 19:48:58.608, 0, NVIDIA GeForce RTX 5070 Ti, 62.58, 0, 0, 15212, 2302, 15051, 46, 5, 8
1791024538.573400447,2026/10/03 19:48:58.611, 1, NVIDIA GeForce RTX 5070 Ti, 33.75, 0, 0, 15203, 2302, 15051, 42, 5, 4
1791024538.573400447,2026/10/03 19:48:58.613, 2, NVIDIA GeForce RTX 5070 Ti, 64.18, 100, 29, 15206, 2302, 15051, 46, 5, 8
1791024538.573400447,2026/10/03 19:48:58.616, 3, NVIDIA GeForce RTX 5060 Ti, 4.25, 0, 0, 2, 210, 405, 29, 1, 4
1791024539.643826612,2026/10/03 19:48:59.678, 0, NVIDIA GeForce RTX 5070 Ti, 31.61, 0, 0, 15212, 2302, 15051, 46, 5, 8
1791024539.643826612,2026/10/03 19:48:59.681, 1, NVIDIA GeForce RTX 5070 Ti, 33.71, 0, 0, 15203, 2302, 15051, 42, 5, 4
1791024539.643826612,2026/10/03 19:48:59.683, 2, NVIDIA GeForce RTX 5070 Ti, 120.59, 100, 21, 15206, 2302, 15051, 47, 5, 8
1791024539.643826612,2026/10/03 19:48:59.686, 3, NVIDIA GeForce RTX 5060 Ti, 4.28, 0, 0, 2, 210, 405, 29, 1, 4
1791024540.713236276,2026/10/03 19:49:00.748, 0, NVIDIA GeForce RTX 5070 Ti, 31.63, 0, 0, 15212, 2302, 15051, 46, 5, 8
1791024540.713236276,2026/10/03 19:49:00.751, 1, NVIDIA GeForce RTX 5070 Ti, 70.52, 100, 29, 15203, 2287, 15051, 46, 5, 4
1791024540.713236276,2026/10/03 19:49:00.754, 2, NVIDIA GeForce RTX 5070 Ti, 87.74, 0, 0, 15206, 2302, 15051, 44, 5, 8
1791024540.713236276,2026/10/03 19:49:00.756, 3, NVIDIA GeForce RTX 5060 Ti, 4.22, 0, 0, 2, 210, 405, 29, 1, 4
1791024541.784517575,2026/10/03 19:49:01.819, 0, NVIDIA GeForce RTX 5070 Ti, 31.47, 0, 0, 15212, 2302, 15051, 46, 5, 8
1791024541.784517575,2026/10/03 19:49:01.822, 1, NVIDIA GeForce RTX 5070 Ti, 101.56, 100, 37, 15203, 2287, 15051, 46, 5, 4
1791024541.784517575,2026/10/03 19:49:01.825, 2, NVIDIA GeForce RTX 5070 Ti, 42.99, 0, 0, 15206, 2302, 15051, 43, 5, 8
1791024541.784517575,2026/10/03 19:49:01.827, 3, NVIDIA GeForce RTX 5060 Ti, 4.24, 0, 0, 2, 210, 405, 29, 1, 4
1791024542.854821435,2026/10/03 19:49:02.891, 0, NVIDIA GeForce RTX 5070 Ti, 80.26, 100, 48, 15212, 2287, 15051, 51, 5, 8
1791024542.854821435,2026/10/03 19:49:02.895, 1, NVIDIA GeForce RTX 5070 Ti, 61.01, 0, 0, 15203, 2302, 15051, 42, 5, 4
1791024542.854821435,2026/10/03 19:49:02.897, 2, NVIDIA GeForce RTX 5070 Ti, 111.96, 100, 31, 15206, 2295, 15051, 48, 5, 8
1791024542.854821435,2026/10/03 19:49:02.901, 3, NVIDIA GeForce RTX 5060 Ti, 4.24, 0, 0, 2, 210, 405, 29, 1, 4
1791024543.932248372,2026/10/03 19:49:03.969, 0, NVIDIA GeForce RTX 5070 Ti, 101.17, 100, 38, 15212, 2287, 15051, 50, 5, 8
1791024543.932248372,2026/10/03 19:49:03.973, 1, NVIDIA GeForce RTX 5070 Ti, 33.95, 0, 0, 15203, 2302, 15051, 42, 5, 4
1791024543.932248372,2026/10/03 19:49:03.975, 2, NVIDIA GeForce RTX 5070 Ti, 121.06, 99, 20, 15206, 2295, 15051, 47, 5, 8
1791024543.932248372,2026/10/03 19:49:03.978, 3, NVIDIA GeForce RTX 5060 Ti, 4.87, 0, 0, 2, 210, 405, 29, 1, 4
1791024545.006120635,2026/10/03 19:49:05.042, 0, NVIDIA GeForce RTX 5070 Ti, 100.00, 99, 37, 15212, 2287, 15051, 51, 5, 8
1791024545.006120635,2026/10/03 19:49:05.046, 1, NVIDIA GeForce RTX 5070 Ti, 34.08, 0, 0, 15203, 2302, 15051, 42, 5, 4
1791024545.006120635,2026/10/03 19:49:05.048, 2, NVIDIA GeForce RTX 5070 Ti, 120.88, 99, 28, 15206, 2295, 15051, 49, 5, 8
1791024545.006120635,2026/10/03 19:49:05.051, 3, NVIDIA GeForce RTX 5060 Ti, 4.91, 0, 0, 2, 210, 405, 29, 1, 4
1791024546.080551321,2026/10/03 19:49:06.116, 0, NVIDIA GeForce RTX 5070 Ti, 100.81, 99, 39, 15212, 2287, 15051, 51, 5, 8
1791024546.080551321,2026/10/03 19:49:06.119, 1, NVIDIA GeForce RTX 5070 Ti, 33.82, 0, 0, 15203, 2302, 15051, 42, 5, 4
1791024546.080551321,2026/10/03 19:49:06.122, 2, NVIDIA GeForce RTX 5070 Ti, 118.92, 99, 30, 15206, 2295, 15051, 48, 5, 8
1791024546.080551321,2026/10/03 19:49:06.125, 3, NVIDIA GeForce RTX 5060 Ti, 5.04, 0, 0, 2, 210, 405, 29, 1, 4
1791024547.153838741,2026/10/03 19:49:07.191, 0, NVIDIA GeForce RTX 5070 Ti, 109.47, 98, 48, 15212, 2287, 15051, 51, 5, 8
1791024547.153838741,2026/10/03 19:49:07.196, 1, NVIDIA GeForce RTX 5070 Ti, 33.89, 0, 0, 15203, 2302, 15051, 42, 5, 4
1791024547.153838741,2026/10/03 19:49:07.198, 2, NVIDIA GeForce RTX 5070 Ti, 116.95, 99, 28, 15206, 2302, 15051, 48, 5, 8
1791024547.153838741,2026/10/03 19:49:07.201, 3, NVIDIA GeForce RTX 5060 Ti, 5.04, 0, 0, 2, 210, 405, 29, 1, 4
1791024548.229271738,2026/10/03 19:49:08.265, 0, NVIDIA GeForce RTX 5070 Ti, 102.09, 99, 39, 15212, 2287, 15051, 51, 5, 8
1791024548.229271738,2026/10/03 19:49:08.268, 1, NVIDIA GeForce RTX 5070 Ti, 33.97, 0, 0, 15203, 2302, 15051, 42, 5, 4
1791024548.229271738,2026/10/03 19:49:08.270, 2, NVIDIA GeForce RTX 5070 Ti, 116.35, 98, 25, 15206, 2302, 15051, 47, 5, 8
1791024548.229271738,2026/10/03 19:49:08.274, 3, NVIDIA GeForce RTX 5060 Ti, 5.01, 0, 0, 2, 210, 405, 29, 1, 4
1791024549.303210514,2026/10/03 19:49:09.340, 0, NVIDIA GeForce RTX 5070 Ti, 102.40, 100, 43, 15212, 2287, 15051, 51, 5, 8
1791024549.303210514,2026/10/03 19:49:09.344, 1, NVIDIA GeForce RTX 5070 Ti, 33.97, 0, 0, 15203, 2302, 15051, 42, 5, 4
1791024549.303210514,2026/10/03 19:49:09.346, 2, NVIDIA GeForce RTX 5070 Ti, 116.75, 88, 19, 15206, 2302, 15051, 48, 5, 8
1791024549.303210514,2026/10/03 19:49:09.349, 3, NVIDIA GeForce RTX 5060 Ti, 4.98, 0, 1, 2, 210, 405, 29, 1, 4
1791024550.378656321,2026/10/03 19:49:10.414, 0, NVIDIA GeForce RTX 5070 Ti, 89.96, 100, 39, 15212, 2287, 15051, 51, 5, 8
1791024550.378656321,2026/10/03 19:49:10.417, 1, NVIDIA GeForce RTX 5070 Ti, 33.88, 0, 0, 15203, 2302, 15051, 42, 5, 4
1791024550.378656321,2026/10/03 19:49:10.419, 2, NVIDIA GeForce RTX 5070 Ti, 114.17, 100, 32, 15206, 2295, 15051, 49, 5, 8
1791024550.378656321,2026/10/03 19:49:10.423, 3, NVIDIA GeForce RTX 5060 Ti, 4.86, 0, 1, 2, 210, 405, 29, 1, 4
1791024551.456345768,2026/10/03 19:49:11.492, 0, NVIDIA GeForce RTX 5070 Ti, 106.90, 100, 44, 15212, 2287, 15051, 51, 5, 8
1791024551.456345768,2026/10/03 19:49:11.495, 1, NVIDIA GeForce RTX 5070 Ti, 33.85, 0, 0, 15203, 2302, 15051, 42, 5, 4
1791024551.456345768,2026/10/03 19:49:11.497, 2, NVIDIA GeForce RTX 5070 Ti, 122.25, 100, 28, 15206, 2295, 15051, 48, 5, 8
1791024551.456345768,2026/10/03 19:49:11.500, 3, NVIDIA GeForce RTX 5060 Ti, 4.82, 0, 0, 2, 210, 405, 29, 1, 4
1791024552.530222942,2026/10/03 19:49:12.566, 0, NVIDIA GeForce RTX 5070 Ti, 104.60, 100, 38, 15212, 2287, 15051, 51, 5, 8
1791024552.530222942,2026/10/03 19:49:12.571, 1, NVIDIA GeForce RTX 5070 Ti, 33.84, 0, 0, 15203, 2302, 15051, 42, 5, 4
1791024552.530222942,2026/10/03 19:49:12.573, 2, NVIDIA GeForce RTX 5070 Ti, 119.83, 100, 20, 15206, 2302, 15051, 48, 5, 8
1791024552.530222942,2026/10/03 19:49:12.576, 3, NVIDIA GeForce RTX 5060 Ti, 4.97, 0, 0, 2, 210, 405, 29, 1, 4
1791024553.605538193,2026/10/03 19:49:13.644, 0, NVIDIA GeForce RTX 5070 Ti, 103.58, 100, 46, 15212, 2287, 15051, 51, 5, 8
1791024553.605538193,2026/10/03 19:49:13.648, 1, NVIDIA GeForce RTX 5070 Ti, 33.63, 0, 0, 15203, 2302, 15051, 41, 5, 4
1791024553.605538193,2026/10/03 19:49:13.649, 2, NVIDIA GeForce RTX 5070 Ti, 117.11, 100, 28, 15206, 2302, 15051, 48, 5, 8
1791024553.605538193,2026/10/03 19:49:13.653, 3, NVIDIA GeForce RTX 5060 Ti, 4.90, 0, 0, 2, 210, 405, 29, 1, 4
1791024554.681668628,2026/10/03 19:49:14.717, 0, NVIDIA GeForce RTX 5070 Ti, 104.02, 100, 40, 15212, 2287, 15051, 52, 5, 8
1791024554.681668628,2026/10/03 19:49:14.722, 1, NVIDIA GeForce RTX 5070 Ti, 33.58, 0, 0, 15203, 2302, 15051, 41, 5, 4
1791024554.681668628,2026/10/03 19:49:14.724, 2, NVIDIA GeForce RTX 5070 Ti, 122.21, 100, 29, 15206, 2295, 15051, 49, 5, 8
1791024554.681668628,2026/10/03 19:49:14.727, 3, NVIDIA GeForce RTX 5060 Ti, 4.87, 0, 1, 2, 210, 405, 29, 1, 4
1791024555.756197888,2026/10/03 19:49:15.792, 0, NVIDIA GeForce RTX 5070 Ti, 102.23, 100, 46, 15212, 2287, 15051, 51, 5, 8
1791024555.756197888,2026/10/03 19:49:15.796, 1, NVIDIA GeForce RTX 5070 Ti, 33.80, 0, 0, 15203, 2302, 15051, 41, 5, 4
1791024555.756197888,2026/10/03 19:49:15.798, 2, NVIDIA GeForce RTX 5070 Ti, 129.34, 98, 33, 15206, 2295, 15051, 49, 5, 8
1791024555.756197888,2026/10/03 19:49:15.801, 3, NVIDIA GeForce RTX 5060 Ti, 4.90, 0, 0, 2, 210, 405, 29, 1, 4
1791024556.828908925,2026/10/03 19:49:16.865, 0, NVIDIA GeForce RTX 5070 Ti, 108.25, 98, 47, 15212, 2287, 15051, 52, 5, 8
1791024556.828908925,2026/10/03 19:49:16.870, 1, NVIDIA GeForce RTX 5070 Ti, 33.79, 0, 0, 15203, 2302, 15051, 41, 5, 4
1791024556.828908925,2026/10/03 19:49:16.872, 2, NVIDIA GeForce RTX 5070 Ti, 122.00, 99, 18, 15206, 2302, 15051, 48, 5, 8
1791024556.828908925,2026/10/03 19:49:16.875, 3, NVIDIA GeForce RTX 5060 Ti, 4.91, 0, 1, 2, 210, 405, 29, 1, 4
1791024557.904807260,2026/10/03 19:49:17.941, 0, NVIDIA GeForce RTX 5070 Ti, 86.46, 100, 41, 15212, 2287, 15051, 51, 5, 8
1791024557.904807260,2026/10/03 19:49:17.945, 1, NVIDIA GeForce RTX 5070 Ti, 33.75, 0, 0, 15203, 2302, 15051, 41, 5, 4
1791024557.904807260,2026/10/03 19:49:17.947, 2, NVIDIA GeForce RTX 5070 Ti, 109.35, 100, 26, 15206, 2302, 15051, 49, 5, 8
1791024557.904807260,2026/10/03 19:49:17.951, 3, NVIDIA GeForce RTX 5060 Ti, 4.73, 0, 1, 2, 210, 405, 29, 1, 4
1791024558.979454584,2026/10/03 19:49:19.018, 0, NVIDIA GeForce RTX 5070 Ti, 101.63, 100, 43, 15212, 2287, 15051, 51, 5, 8
1791024558.979454584,2026/10/03 19:49:19.022, 1, NVIDIA GeForce RTX 5070 Ti, 31.80, 0, 0, 15203, 1912, 7001, 41, 5, 4
1791024558.979454584,2026/10/03 19:49:19.028, 2, NVIDIA GeForce RTX 5070 Ti, 124.24, 100, 29, 15206, 2302, 15051, 49, 5, 8
1791024558.979454584,2026/10/03 19:49:19.031, 3, NVIDIA GeForce RTX 5060 Ti, 4.80, 0, 0, 2, 210, 405, 29, 1, 4
1791024560.061097811,2026/10/03 19:49:20.099, 0, NVIDIA GeForce RTX 5070 Ti, 100.33, 100, 38, 15212, 2287, 15051, 51, 5, 8
1791024560.061097811,2026/10/03 19:49:20.103, 1, NVIDIA GeForce RTX 5070 Ti, 21.34, 0, 0, 15203, 367, 810, 40, 2, 4
1791024560.061097811,2026/10/03 19:49:20.107, 2, NVIDIA GeForce RTX 5070 Ti, 122.38, 99, 28, 15206, 2302, 15051, 49, 5, 8
1791024560.061097811,2026/10/03 19:49:20.110, 3, NVIDIA GeForce RTX 5060 Ti, 4.99, 0, 0, 2, 210, 405, 29, 1, 4
1791024561.140370962,2026/10/03 19:49:21.179, 0, NVIDIA GeForce RTX 5070 Ti, 100.27, 100, 31, 15212, 2287, 15051, 51, 5, 8
1791024561.140370962,2026/10/03 19:49:21.183, 1, NVIDIA GeForce RTX 5070 Ti, 13.23, 0, 0, 15203, 210, 810, 40, 1, 4
1791024561.140370962,2026/10/03 19:49:21.188, 2, NVIDIA GeForce RTX 5070 Ti, 115.02, 100, 23, 15206, 2302, 15051, 48, 5, 8
1791024561.140370962,2026/10/03 19:49:21.190, 3, NVIDIA GeForce RTX 5060 Ti, 4.93, 0, 0, 2, 210, 405, 29, 1, 4
1791024562.218786248,2026/10/03 19:49:22.257, 0, NVIDIA GeForce RTX 5070 Ti, 104.45, 100, 33, 15212, 2287, 15051, 52, 5, 8
1791024562.218786248,2026/10/03 19:49:22.260, 1, NVIDIA GeForce RTX 5070 Ti, 12.60, 0, 0, 15203, 195, 405, 40, 1, 4
1791024562.218786248,2026/10/03 19:49:22.265, 2, NVIDIA GeForce RTX 5070 Ti, 119.72, 99, 33, 15206, 2302, 15051, 49, 5, 8
1791024562.218786248,2026/10/03 19:49:22.269, 3, NVIDIA GeForce RTX 5060 Ti, 4.89, 0, 1, 2, 210, 405, 29, 1, 4
1791024563.300881693,2026/10/03 19:49:23.338, 0, NVIDIA GeForce RTX 5070 Ti, 104.30, 100, 43, 15212, 2287, 15051, 51, 5, 8
1791024563.300881693,2026/10/03 19:49:23.342, 1, NVIDIA GeForce RTX 5070 Ti, 10.79, 0, 0, 15203, 195, 405, 40, 1, 4
1791024563.300881693,2026/10/03 19:49:23.346, 2, NVIDIA GeForce RTX 5070 Ti, 119.50, 99, 28, 15206, 2302, 15051, 48, 5, 8
1791024563.300881693,2026/10/03 19:49:23.349, 3, NVIDIA GeForce RTX 5060 Ti, 4.86, 0, 0, 2, 210, 405, 29, 1, 4
1791024564.380099511,2026/10/03 19:49:24.416, 0, NVIDIA GeForce RTX 5070 Ti, 99.50, 100, 33, 15212, 2287, 15051, 51, 5, 8
1791024564.380099511,2026/10/03 19:49:24.421, 1, NVIDIA GeForce RTX 5070 Ti, 9.94, 0, 0, 15203, 195, 405, 40, 1, 4
1791024564.380099511,2026/10/03 19:49:24.426, 2, NVIDIA GeForce RTX 5070 Ti, 120.81, 98, 26, 15206, 2295, 15051, 49, 5, 8
1791024564.380099511,2026/10/03 19:49:24.429, 3, NVIDIA GeForce RTX 5060 Ti, 4.88, 0, 1, 2, 210, 405, 29, 1, 4
1791024565.461844552,2026/10/03 19:49:25.499, 0, NVIDIA GeForce RTX 5070 Ti, 96.63, 99, 20, 15212, 2287, 15051, 50, 5, 8
1791024565.461844552,2026/10/03 19:49:25.502, 1, NVIDIA GeForce RTX 5070 Ti, 9.66, 0, 0, 15203, 195, 405, 40, 1, 4
1791024565.461844552,2026/10/03 19:49:25.507, 2, NVIDIA GeForce RTX 5070 Ti, 91.97, 100, 28, 15206, 2302, 15051, 48, 5, 8
1791024565.461844552,2026/10/03 19:49:25.510, 3, NVIDIA GeForce RTX 5060 Ti, 4.81, 0, 0, 2, 210, 405, 29, 1, 4
1791024566.539812120,2026/10/03 19:49:26.576, 0, NVIDIA GeForce RTX 5070 Ti, 101.13, 100, 35, 15212, 2287, 15051, 52, 5, 8
1791024566.539812120,2026/10/03 19:49:26.580, 1, NVIDIA GeForce RTX 5070 Ti, 9.49, 0, 0, 15203, 195, 405, 40, 1, 4
1791024566.539812120,2026/10/03 19:49:26.584, 2, NVIDIA GeForce RTX 5070 Ti, 119.46, 100, 22, 15206, 2302, 15051, 49, 5, 8
1791024566.539812120,2026/10/03 19:49:26.588, 3, NVIDIA GeForce RTX 5060 Ti, 4.84, 0, 0, 2, 210, 405, 29, 1, 4
1791024567.616731837,2026/10/03 19:49:27.654, 0, NVIDIA GeForce RTX 5070 Ti, 104.36, 99, 41, 15212, 2287, 15051, 51, 5, 8
1791024567.616731837,2026/10/03 19:49:27.657, 1, NVIDIA GeForce RTX 5070 Ti, 9.74, 0, 0, 15203, 195, 405, 40, 1, 4
1791024567.616731837,2026/10/03 19:49:27.662, 2, NVIDIA GeForce RTX 5070 Ti, 117.08, 100, 26, 15206, 2295, 15051, 49, 5, 8
1791024567.616731837,2026/10/03 19:49:27.665, 3, NVIDIA GeForce RTX 5060 Ti, 4.95, 0, 0, 2, 210, 405, 29, 1, 4
1791024568.694937834,2026/10/03 19:49:28.735, 0, NVIDIA GeForce RTX 5070 Ti, 98.68, 100, 34, 15212, 2287, 15051, 51, 5, 8
1791024568.694937834,2026/10/03 19:49:28.739, 1, NVIDIA GeForce RTX 5070 Ti, 10.09, 0, 0, 15203, 195, 405, 40, 1, 4
1791024568.694937834,2026/10/03 19:49:28.743, 2, NVIDIA GeForce RTX 5070 Ti, 119.82, 99, 28, 15206, 2295, 15051, 49, 5, 8
1791024568.694937834,2026/10/03 19:49:28.746, 3, NVIDIA GeForce RTX 5060 Ti, 4.96, 0, 0, 2, 210, 405, 29, 1, 4
1791024569.774805019,2026/10/03 19:49:29.812, 0, NVIDIA GeForce RTX 5070 Ti, 101.96, 100, 35, 15212, 2287, 15051, 51, 5, 8
1791024569.774805019,2026/10/03 19:49:29.815, 1, NVIDIA GeForce RTX 5070 Ti, 10.52, 0, 0, 15203, 195, 405, 39, 1, 4
1791024569.774805019,2026/10/03 19:49:29.820, 2, NVIDIA GeForce RTX 5070 Ti, 122.05, 98, 28, 15206, 2302, 15051, 49, 5, 8
1791024569.774805019,2026/10/03 19:49:29.823, 3, NVIDIA GeForce RTX 5060 Ti, 4.95, 0, 1, 2, 210, 405, 29, 1, 4
1791024570.854115712,2026/10/03 19:49:30.892, 0, NVIDIA GeForce RTX 5070 Ti, 97.65, 99, 28, 15212, 2287, 15051, 51, 5, 8
1791024570.854115712,2026/10/03 19:49:30.896, 1, NVIDIA GeForce RTX 5070 Ti, 10.11, 0, 0, 15203, 195, 405, 39, 1, 4
1791024570.854115712,2026/10/03 19:49:30.900, 2, NVIDIA GeForce RTX 5070 Ti, 125.38, 98, 31, 15206, 2295, 15051, 49, 5, 8
1791024570.854115712,2026/10/03 19:49:30.903, 3, NVIDIA GeForce RTX 5060 Ti, 4.93, 0, 0, 2, 210, 405, 29, 1, 4
1791024571.933720566,2026/10/03 19:49:31.971, 0, NVIDIA GeForce RTX 5070 Ti, 107.49, 99, 48, 15212, 2287, 15051, 52, 5, 8
1791024571.933720566,2026/10/03 19:49:31.975, 1, NVIDIA GeForce RTX 5070 Ti, 9.72, 0, 0, 15203, 195, 405, 39, 1, 4
1791024571.933720566,2026/10/03 19:49:31.979, 2, NVIDIA GeForce RTX 5070 Ti, 123.46, 99, 33, 15206, 2295, 15051, 50, 5, 8
1791024571.933720566,2026/10/03 19:49:31.983, 3, NVIDIA GeForce RTX 5060 Ti, 4.84, 0, 0, 2, 210, 405, 29, 1, 4
1791024573.014174144,2026/10/03 19:49:33.052, 0, NVIDIA GeForce RTX 5070 Ti, 106.23, 100, 47, 15212, 2287, 15051, 53, 5, 8
1791024573.014174144,2026/10/03 19:49:33.056, 1, NVIDIA GeForce RTX 5070 Ti, 10.45, 0, 0, 15203, 195, 405, 39, 1, 4
1791024573.014174144,2026/10/03 19:49:33.061, 2, NVIDIA GeForce RTX 5070 Ti, 91.99, 96, 11, 15206, 2302, 15051, 46, 5, 8
1791024573.014174144,2026/10/03 19:49:33.064, 3, NVIDIA GeForce RTX 5060 Ti, 4.72, 0, 0, 2, 210, 405, 29, 1, 4
1791024574.094078611,2026/10/03 19:49:34.132, 0, NVIDIA GeForce RTX 5070 Ti, 106.40, 100, 41, 15212, 2287, 15051, 52, 5, 8
1791024574.094078611,2026/10/03 19:49:34.136, 1, NVIDIA GeForce RTX 5070 Ti, 9.90, 0, 0, 15203, 195, 405, 39, 1, 4
1791024574.094078611,2026/10/03 19:49:34.140, 2, NVIDIA GeForce RTX 5070 Ti, 118.17, 100, 26, 15206, 2295, 15051, 49, 5, 8
1791024574.094078611,2026/10/03 19:49:34.143, 3, NVIDIA GeForce RTX 5060 Ti, 4.73, 0, 1, 2, 210, 405, 29, 1, 4
1791024575.173709166,2026/10/03 19:49:35.211, 0, NVIDIA GeForce RTX 5070 Ti, 104.16, 100, 37, 15212, 2287, 15051, 52, 5, 8
1791024575.173709166,2026/10/03 19:49:35.215, 1, NVIDIA GeForce RTX 5070 Ti, 9.57, 0, 0, 15203, 195, 405, 39, 1, 4
1791024575.173709166,2026/10/03 19:49:35.219, 2, NVIDIA GeForce RTX 5070 Ti, 117.88, 100, 29, 15206, 2302, 15051, 49, 5, 8
1791024575.173709166,2026/10/03 19:49:35.222, 3, NVIDIA GeForce RTX 5060 Ti, 4.90, 0, 1, 2, 210, 405, 29, 1, 4
1791024576.251843831,2026/10/03 19:49:36.289, 0, NVIDIA GeForce RTX 5070 Ti, 104.37, 100, 47, 15212, 2287, 15051, 52, 5, 8
1791024576.251843831,2026/10/03 19:49:36.293, 1, NVIDIA GeForce RTX 5070 Ti, 9.58, 0, 0, 15203, 195, 405, 39, 1, 4
1791024576.251843831,2026/10/03 19:49:36.298, 2, NVIDIA GeForce RTX 5070 Ti, 118.87, 100, 22, 15206, 2295, 15051, 49, 5, 8
1791024576.251843831,2026/10/03 19:49:36.301, 3, NVIDIA GeForce RTX 5060 Ti, 4.91, 0, 1, 2, 210, 405, 29, 1, 4
1791024577.331687625,2026/10/03 19:49:37.368, 0, NVIDIA GeForce RTX 5070 Ti, 102.22, 100, 41, 15212, 2287, 15051, 52, 5, 8
1791024577.331687625,2026/10/03 19:49:37.372, 1, NVIDIA GeForce RTX 5070 Ti, 10.38, 0, 0, 15203, 195, 405, 39, 1, 4
1791024577.331687625,2026/10/03 19:49:37.377, 2, NVIDIA GeForce RTX 5070 Ti, 121.71, 99, 31, 15206, 2295, 15051, 49, 5, 8
1791024577.331687625,2026/10/03 19:49:37.380, 3, NVIDIA GeForce RTX 5060 Ti, 4.94, 0, 0, 2, 210, 405, 29, 1, 4
1791024578.410206376,2026/10/03 19:49:38.449, 0, NVIDIA GeForce RTX 5070 Ti, 105.07, 99, 46, 15212, 2287, 15051, 52, 5, 8
1791024578.410206376,2026/10/03 19:49:38.453, 1, NVIDIA GeForce RTX 5070 Ti, 9.97, 0, 0, 15203, 195, 405, 39, 1, 4
1791024578.410206376,2026/10/03 19:49:38.457, 2, NVIDIA GeForce RTX 5070 Ti, 120.08, 99, 27, 15206, 2302, 15051, 49, 5, 8
1791024578.410206376,2026/10/03 19:49:38.460, 3, NVIDIA GeForce RTX 5060 Ti, 4.87, 0, 0, 2, 210, 405, 29, 1, 4
1791024579.493785790,2026/10/03 19:49:39.531, 0, NVIDIA GeForce RTX 5070 Ti, 105.38, 98, 45, 15212, 2287, 15051, 53, 5, 8
1791024579.493785790,2026/10/03 19:49:39.535, 1, NVIDIA GeForce RTX 5070 Ti, 9.57, 0, 0, 15203, 195, 405, 39, 1, 4
1791024579.493785790,2026/10/03 19:49:39.540, 2, NVIDIA GeForce RTX 5070 Ti, 119.50, 98, 27, 15206, 2302, 15051, 49, 5, 8
1791024579.493785790,2026/10/03 19:49:39.543, 3, NVIDIA GeForce RTX 5060 Ti, 4.89, 0, 0, 2, 210, 405, 29, 1, 4
1791024580.573425646,2026/10/03 19:49:40.611, 0, NVIDIA GeForce RTX 5070 Ti, 86.23, 63, 9, 15212, 2302, 15051, 49, 5, 8
1791024580.573425646,2026/10/03 19:49:40.615, 1, NVIDIA GeForce RTX 5070 Ti, 9.59, 0, 0, 15203, 195, 405, 39, 1, 4
1791024580.573425646,2026/10/03 19:49:40.620, 2, NVIDIA GeForce RTX 5070 Ti, 118.67, 98, 27, 15206, 2302, 15051, 49, 5, 8
1791024580.573425646,2026/10/03 19:49:40.623, 3, NVIDIA GeForce RTX 5060 Ti, 4.78, 0, 0, 2, 210, 405, 29, 1, 4
1791024581.653012499,2026/10/03 19:49:41.691, 0, NVIDIA GeForce RTX 5070 Ti, 96.72, 100, 46, 15212, 2287, 15051, 53, 5, 8
1791024581.653012499,2026/10/03 19:49:41.695, 1, NVIDIA GeForce RTX 5070 Ti, 9.48, 0, 0, 15203, 195, 405, 39, 1, 4
1791024581.653012499,2026/10/03 19:49:41.699, 2, NVIDIA GeForce RTX 5070 Ti, 117.59, 100, 29, 15206, 2302, 15051, 49, 5, 8
1791024581.653012499,2026/10/03 19:49:41.703, 3, NVIDIA GeForce RTX 5060 Ti, 4.74, 0, 1, 2, 210, 405, 29, 1, 4
1791024582.736324143,2026/10/03 19:49:42.774, 0, NVIDIA GeForce RTX 5070 Ti, 99.23, 100, 32, 15212, 2287, 15051, 52, 5, 8
1791024582.736324143,2026/10/03 19:49:42.778, 1, NVIDIA GeForce RTX 5070 Ti, 9.48, 0, 0, 15203, 195, 405, 39, 1, 4
1791024582.736324143,2026/10/03 19:49:42.782, 2, NVIDIA GeForce RTX 5070 Ti, 114.91, 100, 24, 15206, 2302, 15051, 49, 5, 8
1791024582.736324143,2026/10/03 19:49:42.786, 3, NVIDIA GeForce RTX 5060 Ti, 4.75, 0, 2, 2, 210, 405, 29, 1, 4
1791024583.815723559,2026/10/03 19:49:43.853, 0, NVIDIA GeForce RTX 5070 Ti, 100.81, 100, 39, 15212, 2287, 15051, 52, 5, 8
1791024583.815723559,2026/10/03 19:49:43.857, 1, NVIDIA GeForce RTX 5070 Ti, 9.98, 0, 0, 15203, 187, 405, 39, 1, 4
1791024583.815723559,2026/10/03 19:49:43.861, 2, NVIDIA GeForce RTX 5070 Ti, 118.33, 100, 28, 15206, 2302, 15051, 50, 5, 8
1791024583.815723559,2026/10/03 19:49:43.865, 3, NVIDIA GeForce RTX 5060 Ti, 4.89, 0, 0, 2, 210, 405, 29, 1, 4
1791024584.895066272,2026/10/03 19:49:44.935, 0, NVIDIA GeForce RTX 5070 Ti, 101.54, 100, 36, 15212, 2287, 15051, 52, 5, 8
1791024584.895066272,2026/10/03 19:49:44.939, 1, NVIDIA GeForce RTX 5070 Ti, 10.05, 0, 0, 15203, 195, 405, 38, 1, 4
1791024584.895066272,2026/10/03 19:49:44.943, 2, NVIDIA GeForce RTX 5070 Ti, 120.10, 99, 28, 15206, 2302, 15051, 49, 5, 8
1791024584.895066272,2026/10/03 19:49:44.947, 3, NVIDIA GeForce RTX 5060 Ti, 4.87, 0, 0, 2, 210, 405, 29, 1, 4
1791024585.980883987,2026/10/03 19:49:46.019, 0, NVIDIA GeForce RTX 5070 Ti, 108.03, 100, 41, 15212, 2287, 15051, 52, 5, 8
1791024585.980883987,2026/10/03 19:49:46.023, 1, NVIDIA GeForce RTX 5070 Ti, 10.39, 0, 0, 15203, 195, 405, 38, 1, 4
1791024585.980883987,2026/10/03 19:49:46.027, 2, NVIDIA GeForce RTX 5070 Ti, 122.37, 99, 26, 15206, 2295, 15051, 50, 5, 8
1791024585.980883987,2026/10/03 19:49:46.030, 3, NVIDIA GeForce RTX 5060 Ti, 4.86, 0, 3, 2, 210, 405, 29, 1, 4
1791024587.062977942,2026/10/03 19:49:47.101, 0, NVIDIA GeForce RTX 5070 Ti, 104.82, 100, 44, 15212, 2287, 15051, 52, 5, 8
1791024587.062977942,2026/10/03 19:49:47.105, 1, NVIDIA GeForce RTX 5070 Ti, 9.58, 0, 0, 15203, 195, 405, 38, 1, 4
1791024587.062977942,2026/10/03 19:49:47.111, 2, NVIDIA GeForce RTX 5070 Ti, 118.39, 98, 30, 15206, 2295, 15051, 49, 5, 8
1791024587.062977942,2026/10/03 19:49:47.115, 3, NVIDIA GeForce RTX 5060 Ti, 4.87, 0, 0, 2, 210, 405, 29, 1, 4
1791024588.146443901,2026/10/03 19:49:48.184, 0, NVIDIA GeForce RTX 5070 Ti, 102.25, 99, 34, 15212, 2287, 15051, 51, 5, 8
1791024588.146443901,2026/10/03 19:49:48.188, 1, NVIDIA GeForce RTX 5070 Ti, 10.36, 0, 0, 15203, 195, 405, 38, 1, 4
1791024588.146443901,2026/10/03 19:49:48.192, 2, NVIDIA GeForce RTX 5070 Ti, 120.96, 99, 34, 15206, 2295, 15051, 50, 5, 8
1791024588.146443901,2026/10/03 19:49:48.195, 3, NVIDIA GeForce RTX 5060 Ti, 4.89, 0, 2, 2, 210, 405, 29, 1, 4
1791024589.224523734,2026/10/03 19:49:49.262, 0, NVIDIA GeForce RTX 5070 Ti, 90.47, 100, 35, 15212, 2287, 15051, 52, 5, 8
1791024589.224523734,2026/10/03 19:49:49.266, 1, NVIDIA GeForce RTX 5070 Ti, 10.38, 0, 0, 15203, 195, 405, 38, 1, 4
1791024589.224523734,2026/10/03 19:49:49.270, 2, NVIDIA GeForce RTX 5070 Ti, 103.50, 100, 26, 15206, 2302, 15051, 49, 5, 8
1791024589.224523734,2026/10/03 19:49:49.273, 3, NVIDIA GeForce RTX 5060 Ti, 4.88, 0, 1, 2, 210, 405, 29, 1, 4
1791024590.302553265,2026/10/03 19:49:50.340, 0, NVIDIA GeForce RTX 5070 Ti, 102.74, 100, 41, 15212, 2287, 15051, 52, 5, 8
1791024590.302553265,2026/10/03 19:49:50.344, 1, NVIDIA GeForce RTX 5070 Ti, 9.44, 0, 0, 15203, 195, 405, 38, 1, 4
1791024590.302553265,2026/10/03 19:49:50.348, 2, NVIDIA GeForce RTX 5070 Ti, 123.15, 100, 27, 15206, 2302, 15051, 50, 5, 8
1791024590.302553265,2026/10/03 19:49:50.351, 3, NVIDIA GeForce RTX 5060 Ti, 4.89, 0, 1, 2, 210, 405, 29, 1, 4
1791024591.383219632,2026/10/03 19:49:51.421, 0, NVIDIA GeForce RTX 5070 Ti, 99.20, 99, 42, 15212, 2287, 15051, 52, 5, 8
1791024591.383219632,2026/10/03 19:49:51.425, 1, NVIDIA GeForce RTX 5070 Ti, 9.51, 0, 1, 15203, 195, 405, 38, 1, 4
1791024591.383219632,2026/10/03 19:49:51.430, 2, NVIDIA GeForce RTX 5070 Ti, 121.03, 100, 23, 15206, 2295, 15051, 49, 5, 8
1791024591.383219632,2026/10/03 19:49:51.434, 3, NVIDIA GeForce RTX 5060 Ti, 4.91, 0, 0, 2, 210, 405, 29, 1, 4
1791024592.462546475,2026/10/03 19:49:52.499, 0, NVIDIA GeForce RTX 5070 Ti, 104.25, 98, 40, 15212, 2287, 15051, 52, 5, 8
1791024592.462546475,2026/10/03 19:49:52.503, 1, NVIDIA GeForce RTX 5070 Ti, 10.27, 0, 0, 15203, 195, 405, 38, 1, 4
1791024592.462546475,2026/10/03 19:49:52.507, 2, NVIDIA GeForce RTX 5070 Ti, 121.48, 99, 27, 15206, 2302, 15051, 49, 5, 8
1791024592.462546475,2026/10/03 19:49:52.510, 3, NVIDIA GeForce RTX 5060 Ti, 4.89, 0, 1, 2, 210, 405, 29, 1, 4
1791024593.539566095,2026/10/03 19:49:53.577, 0, NVIDIA GeForce RTX 5070 Ti, 103.24, 98, 37, 15212, 2287, 15051, 52, 5, 8
1791024593.539566095,2026/10/03 19:49:53.581, 1, NVIDIA GeForce RTX 5070 Ti, 9.92, 0, 0, 15203, 195, 405, 38, 1, 4
1791024593.539566095,2026/10/03 19:49:53.585, 2, NVIDIA GeForce RTX 5070 Ti, 126.23, 95, 30, 15206, 2295, 15051, 50, 5, 8
1791024593.539566095,2026/10/03 19:49:53.588, 3, NVIDIA GeForce RTX 5060 Ti, 4.87, 0, 1, 2, 210, 405, 29, 1, 4
1791024594.617656509,2026/10/03 19:49:54.656, 0, NVIDIA GeForce RTX 5070 Ti, 102.31, 99, 27, 15212, 2287, 15051, 51, 5, 8
1791024594.617656509,2026/10/03 19:49:54.660, 1, NVIDIA GeForce RTX 5070 Ti, 9.50, 0, 0, 15203, 195, 405, 38, 1, 4
1791024594.617656509,2026/10/03 19:49:54.664, 2, NVIDIA GeForce RTX 5070 Ti, 122.04, 99, 27, 15206, 2302, 15051, 49, 5, 8
1791024594.617656509,2026/10/03 19:49:54.668, 3, NVIDIA GeForce RTX 5060 Ti, 4.88, 0, 1, 2, 210, 405, 29, 1, 4
1791024595.699425250,2026/10/03 19:49:55.736, 0, NVIDIA GeForce RTX 5070 Ti, 101.53, 97, 44, 15212, 2287, 15051, 52, 5, 8
1791024595.699425250,2026/10/03 19:49:55.740, 1, NVIDIA GeForce RTX 5070 Ti, 9.49, 0, 0, 15203, 195, 405, 38, 1, 4
1791024595.699425250,2026/10/03 19:49:55.745, 2, NVIDIA GeForce RTX 5070 Ti, 125.87, 99, 31, 15206, 2295, 15051, 50, 5, 8
1791024595.699425250,2026/10/03 19:49:55.749, 3, NVIDIA GeForce RTX 5060 Ti, 4.87, 0, 1, 2, 210, 405, 29, 1, 4
1791024596.778427230,2026/10/03 19:49:56.819, 0, NVIDIA GeForce RTX 5070 Ti, 88.65, 100, 32, 15212, 2287, 15051, 50, 5, 8
1791024596.778427230,2026/10/03 19:49:56.824, 1, NVIDIA GeForce RTX 5070 Ti, 27.04, 100, 22, 15203, 1755, 15051, 41, 5, 4
1791024596.778427230,2026/10/03 19:49:56.827, 2, NVIDIA GeForce RTX 5070 Ti, 108.16, 100, 25, 15206, 2302, 15051, 49, 5, 8
1791024596.778427230,2026/10/03 19:49:56.830, 3, NVIDIA GeForce RTX 5060 Ti, 4.88, 0, 1, 2, 210, 405, 29, 1, 4
1791024597.860318617,2026/10/03 19:49:57.900, 0, NVIDIA GeForce RTX 5070 Ti, 97.32, 99, 39, 15212, 2287, 15051, 50, 5, 8
1791024597.860318617,2026/10/03 19:49:57.905, 1, NVIDIA GeForce RTX 5070 Ti, 99.04, 100, 24, 15203, 2287, 15051, 43, 5, 4
1791024597.860318617,2026/10/03 19:49:57.909, 2, NVIDIA GeForce RTX 5070 Ti, 116.05, 100, 24, 15206, 2302, 15051, 49, 5, 8
1791024597.860318617,2026/10/03 19:49:57.912, 3, NVIDIA GeForce RTX 5060 Ti, 4.97, 0, 0, 2, 210, 405, 29, 1, 4
1791024598.946512876,2026/10/03 19:49:58.988, 0, NVIDIA GeForce RTX 5070 Ti, 94.35, 100, 34, 15212, 2287, 15051, 51, 5, 8
1791024598.946512876,2026/10/03 19:49:58.992, 1, NVIDIA GeForce RTX 5070 Ti, 93.08, 100, 20, 15203, 2295, 15051, 42, 5, 4
1791024598.946512876,2026/10/03 19:49:58.995, 2, NVIDIA GeForce RTX 5070 Ti, 113.31, 100, 24, 15206, 2302, 15051, 49, 5, 8
1791024598.946512876,2026/10/03 19:49:58.999, 3, NVIDIA GeForce RTX 5060 Ti, 5.46, 0, 0, 2, 210, 405, 29, 1, 4
1791024600.035423145,2026/10/03 19:50:00.078, 0, NVIDIA GeForce RTX 5070 Ti, 97.51, 100, 33, 15212, 2287, 15051, 51, 5, 8
1791024600.035423145,2026/10/03 19:50:00.083, 1, NVIDIA GeForce RTX 5070 Ti, 94.65, 99, 33, 15203, 2295, 15051, 44, 5, 4
1791024600.035423145,2026/10/03 19:50:00.088, 2, NVIDIA GeForce RTX 5070 Ti, 114.75, 100, 24, 15206, 2302, 15051, 49, 5, 8
1791024600.035423145,2026/10/03 19:50:00.091, 3, NVIDIA GeForce RTX 5060 Ti, 5.45, 0, 2, 2, 210, 405, 29, 1, 4
1791024601.125023691,2026/10/03 19:50:01.166, 0, NVIDIA GeForce RTX 5070 Ti, 99.30, 99, 47, 15212, 2287, 15051, 52, 5, 8
1791024601.125023691,2026/10/03 19:50:01.171, 1, NVIDIA GeForce RTX 5070 Ti, 95.72, 98, 32, 15203, 2287, 15051, 44, 5, 4
1791024601.125023691,2026/10/03 19:50:01.174, 2, NVIDIA GeForce RTX 5070 Ti, 114.10, 100, 28, 15206, 2302, 15051, 50, 5, 8
1791024601.125023691,2026/10/03 19:50:01.178, 3, NVIDIA GeForce RTX 5060 Ti, 5.45, 0, 0, 2, 210, 405, 29, 1, 4
1791024602.213926740,2026/10/03 19:50:02.254, 0, NVIDIA GeForce RTX 5070 Ti, 99.93, 99, 30, 15212, 2287, 15051, 50, 5, 8
1791024602.213926740,2026/10/03 19:50:02.259, 1, NVIDIA GeForce RTX 5070 Ti, 98.43, 99, 26, 15203, 2287, 15051, 44, 5, 4
1791024602.213926740,2026/10/03 19:50:02.262, 2, NVIDIA GeForce RTX 5070 Ti, 114.99, 100, 23, 15206, 2302, 15051, 49, 5, 8
1791024602.213926740,2026/10/03 19:50:02.266, 3, NVIDIA GeForce RTX 5060 Ti, 5.31, 0, 1, 2, 210, 405, 29, 1, 4
1791024603.303873191,2026/10/03 19:50:03.348, 0, NVIDIA GeForce RTX 5070 Ti, 97.08, 100, 36, 15212, 2287, 15051, 51, 5, 8
1791024603.303873191,2026/10/03 19:50:03.354, 1, NVIDIA GeForce RTX 5070 Ti, 95.27, 98, 33, 15203, 2287, 15051, 44, 5, 4
1791024603.303873191,2026/10/03 19:50:03.358, 2, NVIDIA GeForce RTX 5070 Ti, 115.55, 100, 23, 15206, 2302, 15051, 49, 5, 8
1791024603.303873191,2026/10/03 19:50:03.362, 3, NVIDIA GeForce RTX 5060 Ti, 5.35, 0, 0, 2, 210, 405, 29, 1, 4
1791024604.393647844,2026/10/03 19:50:04.430, 0, NVIDIA GeForce RTX 5070 Ti, 96.54, 98, 37, 15212, 2287, 15051, 51, 5, 8
1791024604.393647844,2026/10/03 19:50:04.433, 1, NVIDIA GeForce RTX 5070 Ti, 97.03, 99, 28, 15203, 2287, 15051, 44, 5, 4
1791024604.393647844,2026/10/03 19:50:04.436, 2, NVIDIA GeForce RTX 5070 Ti, 111.90, 99, 23, 15206, 2302, 15051, 49, 5, 8
1791024604.393647844,2026/10/03 19:50:04.439, 3, NVIDIA GeForce RTX 5060 Ti, 5.54, 0, 0, 2, 210, 405, 29, 1, 4
1791024605.469368312,2026/10/03 19:50:05.511, 0, NVIDIA GeForce RTX 5070 Ti, 50.61, 0, 0, 15212, 2302, 15051, 46, 5, 8
1791024605.469368312,2026/10/03 19:50:05.516, 1, NVIDIA GeForce RTX 5070 Ti, 95.82, 98, 30, 15203, 2287, 15051, 45, 5, 4
1791024605.469368312,2026/10/03 19:50:05.520, 2, NVIDIA GeForce RTX 5070 Ti, 79.54, 98, 15, 15206, 2302, 15051, 46, 5, 8
1791024605.469368312,2026/10/03 19:50:05.523, 3, NVIDIA GeForce RTX 5060 Ti, 5.23, 0, 0, 2, 210, 405, 29, 1, 4
1791024606.557091753,2026/10/03 19:50:06.598, 0, NVIDIA GeForce RTX 5070 Ti, 82.91, 100, 35, 15212, 2287, 15051, 50, 5, 8
1791024606.557091753,2026/10/03 19:50:06.603, 1, NVIDIA GeForce RTX 5070 Ti, 93.66, 100, 27, 15203, 2287, 15051, 45, 5, 4
1791024606.557091753,2026/10/03 19:50:06.608, 2, NVIDIA GeForce RTX 5070 Ti, 114.00, 100, 25, 15206, 2302, 15051, 49, 5, 8
1791024606.557091753,2026/10/03 19:50:06.612, 3, NVIDIA GeForce RTX 5060 Ti, 4.96, 0, 1, 2, 210, 405, 29, 1, 4
1791024607.650334056,2026/10/03 19:50:07.694, 0, NVIDIA GeForce RTX 5070 Ti, 100.07, 100, 39, 15212, 2287, 15051, 50, 5, 8
1791024607.650334056,2026/10/03 19:50:07.699, 1, NVIDIA GeForce RTX 5070 Ti, 92.38, 100, 26, 15203, 2287, 15051, 45, 5, 4
1791024607.650334056,2026/10/03 19:50:07.703, 2, NVIDIA GeForce RTX 5070 Ti, 118.61, 100, 22, 15206, 2295, 15051, 49, 5, 8
1791024607.650334056,2026/10/03 19:50:07.707, 3, NVIDIA GeForce RTX 5060 Ti, 5.21, 0, 2, 2, 210, 405, 29, 1, 4
1791024608.744555809,2026/10/03 19:50:08.787, 0, NVIDIA GeForce RTX 5070 Ti, 99.74, 100, 44, 15212, 2287, 15051, 51, 5, 8
1791024608.744555809,2026/10/03 19:50:08.791, 1, NVIDIA GeForce RTX 5070 Ti, 93.80, 100, 27, 15203, 2287, 15051, 45, 5, 4
1791024608.744555809,2026/10/03 19:50:08.796, 2, NVIDIA GeForce RTX 5070 Ti, 116.39, 100, 24, 15206, 2302, 15051, 49, 5, 8
1791024608.744555809,2026/10/03 19:50:08.800, 3, NVIDIA GeForce RTX 5060 Ti, 5.42, 0, 0, 2, 210, 405, 29, 1, 4
1791024609.835583093,2026/10/03 19:50:09.877, 0, NVIDIA GeForce RTX 5070 Ti, 99.01, 97, 43, 15212, 2287, 15051, 50, 5, 8
1791024609.835583093,2026/10/03 19:50:09.882, 1, NVIDIA GeForce RTX 5070 Ti, 95.30, 100, 25, 15203, 2287, 15051, 44, 5, 4
1791024609.835583093,2026/10/03 19:50:09.886, 2, NVIDIA GeForce RTX 5070 Ti, 118.32, 99, 26, 15206, 2302, 15051, 49, 5, 8
1791024609.835583093,2026/10/03 19:50:09.889, 3, NVIDIA GeForce RTX 5060 Ti, 5.29, 0, 1, 2, 210, 405, 29, 1, 4
1791024610.922324425,2026/10/03 19:50:10.967, 0, NVIDIA GeForce RTX 5070 Ti, 101.22, 98, 43, 15212, 2287, 15051, 50, 5, 8
1791024610.922324425,2026/10/03 19:50:10.972, 1, NVIDIA GeForce RTX 5070 Ti, 100.21, 100, 34, 15203, 2287, 15051, 46, 5, 4
1791024610.922324425,2026/10/03 19:50:10.976, 2, NVIDIA GeForce RTX 5070 Ti, 116.72, 100, 16, 15206, 2302, 15051, 49, 5, 8
1791024610.922324425,2026/10/03 19:50:10.980, 3, NVIDIA GeForce RTX 5060 Ti, 5.30, 0, 2, 2, 210, 405, 29, 1, 4
1791024612.015107360,2026/10/03 19:50:12.057, 0, NVIDIA GeForce RTX 5070 Ti, 101.46, 99, 34, 15212, 2287, 15051, 50, 5, 8
1791024612.015107360,2026/10/03 19:50:12.063, 1, NVIDIA GeForce RTX 5070 Ti, 96.85, 100, 30, 15203, 2287, 15051, 45, 5, 4
1791024612.015107360,2026/10/03 19:50:12.066, 2, NVIDIA GeForce RTX 5070 Ti, 113.81, 98, 26, 15206, 2302, 15051, 48, 5, 8
1791024612.015107360,2026/10/03 19:50:12.070, 3, NVIDIA GeForce RTX 5060 Ti, 5.28, 0, 3, 2, 210, 405, 29, 1, 4
1791024613.112049842,2026/10/03 19:50:13.153, 0, NVIDIA GeForce RTX 5070 Ti, 100.07, 100, 34, 15212, 2287, 15051, 50, 5, 8
1791024613.112049842,2026/10/03 19:50:13.158, 1, NVIDIA GeForce RTX 5070 Ti, 94.19, 100, 23, 15203, 2287, 15051, 45, 5, 4
1791024613.112049842,2026/10/03 19:50:13.163, 2, NVIDIA GeForce RTX 5070 Ti, 116.11, 98, 28, 15206, 2302, 15051, 49, 5, 8
1791024613.112049842,2026/10/03 19:50:13.166, 3, NVIDIA GeForce RTX 5060 Ti, 5.35, 0, 1, 2, 210, 405, 29, 1, 4
1791024614.200228861,2026/10/03 19:50:14.244, 0, NVIDIA GeForce RTX 5070 Ti, 61.70, 61, 7, 15212, 2302, 15051, 47, 5, 8
1791024614.200228861,2026/10/03 19:50:14.250, 1, NVIDIA GeForce RTX 5070 Ti, 95.82, 94, 19, 15203, 2287, 15051, 44, 5, 4
1791024614.200228861,2026/10/03 19:50:14.254, 2, NVIDIA GeForce RTX 5070 Ti, 102.48, 0, 0, 15206, 2302, 15051, 46, 5, 8
1791024614.200228861,2026/10/03 19:50:14.258, 3, NVIDIA GeForce RTX 5060 Ti, 4.99, 0, 0, 2, 210, 405, 29, 1, 4
1791024615.296639452,2026/10/03 19:50:15.339, 0, NVIDIA GeForce RTX 5070 Ti, 91.85, 100, 45, 15212, 2287, 15051, 50, 5, 8
1791024615.296639452,2026/10/03 19:50:15.343, 1, NVIDIA GeForce RTX 5070 Ti, 88.02, 100, 29, 15203, 2287, 15051, 45, 5, 4
1791024615.296639452,2026/10/03 19:50:15.347, 2, NVIDIA GeForce RTX 5070 Ti, 116.99, 100, 29, 15206, 2295, 15051, 49, 5, 8
1791024615.296639452,2026/10/03 19:50:15.351, 3, NVIDIA GeForce RTX 5060 Ti, 5.09, 0, 1, 2, 210, 405, 29, 1, 4
1791024616.385289540,2026/10/03 19:50:16.424, 0, NVIDIA GeForce RTX 5070 Ti, 97.17, 100, 26, 15212, 2287, 15051, 49, 5, 8
1791024616.385289540,2026/10/03 19:50:16.430, 1, NVIDIA GeForce RTX 5070 Ti, 96.74, 100, 27, 15203, 2287, 15051, 46, 5, 4
1791024616.385289540,2026/10/03 19:50:16.434, 2, NVIDIA GeForce RTX 5070 Ti, 117.05, 100, 23, 15206, 2302, 15051, 49, 5, 8
1791024616.385289540,2026/10/03 19:50:16.437, 3, NVIDIA GeForce RTX 5060 Ti, 5.48, 0, 1, 2, 210, 405, 29, 1, 4
1791024617.472476160,2026/10/03 19:50:17.517, 0, NVIDIA GeForce RTX 5070 Ti, 96.17, 100, 35, 15212, 2287, 15051, 50, 5, 8
1791024617.472476160,2026/10/03 19:50:17.522, 1, NVIDIA GeForce RTX 5070 Ti, 95.99, 100, 31, 15203, 2287, 15051, 46, 5, 4
1791024617.472476160,2026/10/03 19:50:17.527, 2, NVIDIA GeForce RTX 5070 Ti, 114.98, 100, 19, 15206, 2302, 15051, 48, 5, 8
1791024617.472476160,2026/10/03 19:50:17.531, 3, NVIDIA GeForce RTX 5060 Ti, 5.57, 0, 0, 2, 210, 405, 29, 1, 4
1791024618.569639821,2026/10/03 19:50:18.613, 0, NVIDIA GeForce RTX 5070 Ti, 97.39, 100, 38, 15212, 2287, 15051, 49, 5, 8
1791024618.569639821,2026/10/03 19:50:18.619, 1, NVIDIA GeForce RTX 5070 Ti, 88.87, 99, 26, 15203, 2287, 15051, 45, 5, 4
1791024618.569639821,2026/10/03 19:50:18.623, 2, NVIDIA GeForce RTX 5070 Ti, 114.11, 100, 20, 15206, 2302, 15051, 48, 5, 8
1791024618.569639821,2026/10/03 19:50:18.627, 3, NVIDIA GeForce RTX 5060 Ti, 5.44, 0, 0, 2, 210, 405, 29, 1, 4
1791024619.694882102,2026/10/03 19:50:19.736, 0, NVIDIA GeForce RTX 5070 Ti, 98.44, 100, 47, 15212, 2287, 15051, 50, 5, 8
1791024619.694882102,2026/10/03 19:50:19.740, 1, NVIDIA GeForce RTX 5070 Ti, 91.21, 99, 32, 15203, 2287, 15051, 46, 5, 4
1791024619.694882102,2026/10/03 19:50:19.743, 2, NVIDIA GeForce RTX 5070 Ti, 116.49, 98, 26, 15206, 2295, 15051, 50, 5, 8
1791024619.694882102,2026/10/03 19:50:19.747, 3, NVIDIA GeForce RTX 5060 Ti, 5.48, 0, 0, 2, 210, 405, 29, 1, 4
1791024620.779679225,2026/10/03 19:50:20.822, 0, NVIDIA GeForce RTX 5070 Ti, 103.93, 100, 48, 15212, 2287, 15051, 50, 5, 8
1791024620.779679225,2026/10/03 19:50:20.827, 1, NVIDIA GeForce RTX 5070 Ti, 101.10, 98, 29, 15203, 2287, 15051, 46, 5, 4
1791024620.779679225,2026/10/03 19:50:20.831, 2, NVIDIA GeForce RTX 5070 Ti, 124.99, 98, 31, 15206, 2302, 15051, 50, 5, 8
1791024620.779679225,2026/10/03 19:50:20.834, 3, NVIDIA GeForce RTX 5060 Ti, 5.38, 0, 1, 2, 210, 405, 29, 1, 4
1791024621.868389536,2026/10/03 19:50:21.909, 0, NVIDIA GeForce RTX 5070 Ti, 98.49, 98, 37, 15212, 2287, 15051, 50, 5, 8
1791024621.868389536,2026/10/03 19:50:21.913, 1, NVIDIA GeForce RTX 5070 Ti, 93.80, 98, 24, 15203, 2287, 15051, 46, 5, 4
1791024621.868389536,2026/10/03 19:50:21.918, 2, NVIDIA GeForce RTX 5070 Ti, 119.15, 100, 19, 15206, 2295, 15051, 49, 5, 8
1791024621.868389536,2026/10/03 19:50:21.921, 3, NVIDIA GeForce RTX 5060 Ti, 5.52, 0, 1, 2, 210, 405, 29, 1, 4
1791024622.958412440,2026/10/03 19:50:22.993, 0, NVIDIA GeForce RTX 5070 Ti, 70.62, 0, 0, 15212, 2302, 15051, 45, 5, 8
1791024622.958412440,2026/10/03 19:50:22.996, 1, NVIDIA GeForce RTX 5070 Ti, 93.93, 98, 32, 15203, 2287, 15051, 46, 5, 4
1791024622.958412440,2026/10/03 19:50:22.999, 2, NVIDIA GeForce RTX 5070 Ti, 80.50, 0, 0, 15206, 2302, 15051, 45, 5, 8
1791024622.958412440,2026/10/03 19:50:23.001, 3, NVIDIA GeForce RTX 5060 Ti, 4.64, 0, 0, 2, 210, 405, 29, 1, 4
1791024624.030819834,2026/10/03 19:50:24.077, 0, NVIDIA GeForce RTX 5070 Ti, 55.95, 100, 33, 15212, 2287, 15051, 49, 5, 8
1791024624.030819834,2026/10/03 19:50:24.081, 1, NVIDIA GeForce RTX 5070 Ti, 94.76, 100, 28, 15203, 2295, 15051, 46, 5, 4
1791024624.030819834,2026/10/03 19:50:24.085, 2, NVIDIA GeForce RTX 5070 Ti, 87.18, 100, 31, 15206, 2295, 15051, 49, 5, 8
1791024624.030819834,2026/10/03 19:50:24.089, 3, NVIDIA GeForce RTX 5060 Ti, 5.04, 0, 0, 2, 210, 405, 29, 1, 4
1791024625.122188862,2026/10/03 19:50:25.164, 0, NVIDIA GeForce RTX 5070 Ti, 100.82, 99, 35, 15212, 2287, 15051, 49, 5, 8
1791024625.122188862,2026/10/03 19:50:25.169, 1, NVIDIA GeForce RTX 5070 Ti, 100.51, 100, 29, 15203, 2287, 15051, 47, 5, 4
1791024625.122188862,2026/10/03 19:50:25.173, 2, NVIDIA GeForce RTX 5070 Ti, 118.51, 100, 28, 15206, 2302, 15051, 49, 5, 8
1791024625.122188862,2026/10/03 19:50:25.177, 3, NVIDIA GeForce RTX 5060 Ti, 5.21, 0, 0, 2, 210, 405, 29, 1, 4
1791024626.208638462,2026/10/03 19:50:26.249, 0, NVIDIA GeForce RTX 5070 Ti, 100.29, 99, 39, 15212, 2287, 15051, 50, 5, 8
1791024626.208638462,2026/10/03 19:50:26.255, 1, NVIDIA GeForce RTX 5070 Ti, 97.94, 98, 31, 15203, 2287, 15051, 47, 5, 4
1791024626.208638462,2026/10/03 19:50:26.259, 2, NVIDIA GeForce RTX 5070 Ti, 112.29, 99, 21, 15206, 2302, 15051, 49, 5, 8
1791024626.208638462,2026/10/03 19:50:26.263, 3, NVIDIA GeForce RTX 5060 Ti, 5.41, 0, 0, 2, 210, 405, 29, 1, 4
1791024627.300050501,2026/10/03 19:50:27.341, 0, NVIDIA GeForce RTX 5070 Ti, 93.94, 99, 35, 15212, 2287, 15051, 49, 5, 8
1791024627.300050501,2026/10/03 19:50:27.345, 1, NVIDIA GeForce RTX 5070 Ti, 95.56, 98, 31, 15203, 2287, 15051, 47, 5, 4
1791024627.300050501,2026/10/03 19:50:27.349, 2, NVIDIA GeForce RTX 5070 Ti, 117.47, 99, 27, 15206, 2295, 15051, 50, 5, 8
1791024627.300050501,2026/10/03 19:50:27.352, 3, NVIDIA GeForce RTX 5060 Ti, 5.32, 0, 1, 2, 210, 405, 29, 1, 4
1791024628.384330594,2026/10/03 19:50:28.425, 0, NVIDIA GeForce RTX 5070 Ti, 102.26, 99, 42, 15212, 2287, 15051, 50, 5, 8
1791024628.384330594,2026/10/03 19:50:28.431, 1, NVIDIA GeForce RTX 5070 Ti, 94.98, 99, 29, 15203, 2287, 15051, 47, 5, 4
1791024628.384330594,2026/10/03 19:50:28.434, 2, NVIDIA GeForce RTX 5070 Ti, 119.74, 99, 20, 15206, 2302, 15051, 48, 5, 8
1791024628.384330594,2026/10/03 19:50:28.438, 3, NVIDIA GeForce RTX 5060 Ti, 5.25, 0, 0, 2, 210, 405, 29, 1, 4
1791024629.472651689,2026/10/03 19:50:29.516, 0, NVIDIA GeForce RTX 5070 Ti, 94.40, 98, 44, 15212, 2287, 15051, 49, 5, 8
1791024629.472651689,2026/10/03 19:50:29.520, 1, NVIDIA GeForce RTX 5070 Ti, 95.42, 98, 28, 15203, 2287, 15051, 48, 5, 4
1791024629.472651689,2026/10/03 19:50:29.523, 2, NVIDIA GeForce RTX 5070 Ti, 117.02, 99, 24, 15206, 2295, 15051, 50, 5, 8
1791024629.472651689,2026/10/03 19:50:29.527, 3, NVIDIA GeForce RTX 5060 Ti, 5.28, 0, 1, 2, 210, 405, 29, 1, 4
1791024630.562306428,2026/10/03 19:50:30.604, 0, NVIDIA GeForce RTX 5070 Ti, 99.81, 99, 39, 15212, 2287, 15051, 49, 5, 8
1791024630.562306428,2026/10/03 19:50:30.609, 1, NVIDIA GeForce RTX 5070 Ti, 97.73, 98, 26, 15203, 2287, 15051, 47, 5, 4
1791024630.562306428,2026/10/03 19:50:30.614, 2, NVIDIA GeForce RTX 5070 Ti, 110.97, 100, 25, 15206, 2302, 15051, 49, 5, 8
1791024630.562306428,2026/10/03 19:50:30.618, 3, NVIDIA GeForce RTX 5060 Ti, 5.32, 0, 1, 2, 210, 405, 29, 1, 4
1791024631.648595651,2026/10/03 19:50:31.683, 0, NVIDIA GeForce RTX 5070 Ti, 99.36, 39, 11, 15212, 2287, 15051, 47, 5, 8
1791024631.648595651,2026/10/03 19:50:31.686, 1, NVIDIA GeForce RTX 5070 Ti, 98.71, 99, 30, 15203, 2287, 15051, 48, 5, 4
1791024631.648595651,2026/10/03 19:50:31.689, 2, NVIDIA GeForce RTX 5070 Ti, 110.23, 100, 23, 15206, 2302, 15051, 49, 5, 8
1791024631.648595651,2026/10/03 19:50:31.692, 3, NVIDIA GeForce RTX 5060 Ti, 5.28, 0, 1, 2, 210, 405, 29, 1, 4
1791024632.721869281,2026/10/03 19:50:32.761, 0, NVIDIA GeForce RTX 5070 Ti, 54.28, 100, 37, 15212, 2287, 15051, 48, 5, 8
1791024632.721869281,2026/10/03 19:50:32.766, 1, NVIDIA GeForce RTX 5070 Ti, 96.21, 100, 26, 15203, 2295, 15051, 47, 5, 4
1791024632.721869281,2026/10/03 19:50:32.769, 2, NVIDIA GeForce RTX 5070 Ti, 56.35, 98, 18, 15206, 2302, 15051, 46, 5, 8
1791024632.721869281,2026/10/03 19:50:32.773, 3, NVIDIA GeForce RTX 5060 Ti, 5.03, 0, 0, 2, 210, 405, 29, 1, 4
1791024633.810074171,2026/10/03 19:50:33.851, 0, NVIDIA GeForce RTX 5070 Ti, 98.10, 100, 30, 15212, 2287, 15051, 48, 5, 8
1791024633.810074171,2026/10/03 19:50:33.855, 1, NVIDIA GeForce RTX 5070 Ti, 96.86, 100, 30, 15203, 2287, 15051, 48, 5, 4
1791024633.810074171,2026/10/03 19:50:33.859, 2, NVIDIA GeForce RTX 5070 Ti, 117.62, 100, 20, 15206, 2295, 15051, 49, 5, 8
1791024633.810074171,2026/10/03 19:50:33.862, 3, NVIDIA GeForce RTX 5060 Ti, 4.89, 0, 0, 2, 210, 405, 29, 1, 4
1791024634.892979048,2026/10/03 19:50:34.935, 0, NVIDIA GeForce RTX 5070 Ti, 95.57, 100, 38, 15212, 2287, 15051, 49, 5, 8
1791024634.892979048,2026/10/03 19:50:34.940, 1, NVIDIA GeForce RTX 5070 Ti, 92.23, 100, 27, 15203, 2287, 15051, 47, 5, 4
1791024634.892979048,2026/10/03 19:50:34.945, 2, NVIDIA GeForce RTX 5070 Ti, 116.14, 100, 26, 15206, 2295, 15051, 49, 5, 8
1791024634.892979048,2026/10/03 19:50:34.948, 3, NVIDIA GeForce RTX 5060 Ti, 5.10, 0, 0, 2, 210, 405, 29, 1, 4
1791024635.991504254,2026/10/03 19:50:36.035, 0, NVIDIA GeForce RTX 5070 Ti, 97.06, 100, 43, 15212, 2287, 15051, 49, 5, 8
1791024635.991504254,2026/10/03 19:50:36.039, 1, NVIDIA GeForce RTX 5070 Ti, 94.72, 100, 26, 15203, 2287, 15051, 48, 5, 4
1791024635.991504254,2026/10/03 19:50:36.043, 2, NVIDIA GeForce RTX 5070 Ti, 116.40, 100, 32, 15206, 2295, 15051, 49, 5, 8
1791024635.991504254,2026/10/03 19:50:36.046, 3, NVIDIA GeForce RTX 5060 Ti, 5.25, 0, 0, 2, 210, 405, 29, 1, 4
1791024637.083145743,2026/10/03 19:50:37.127, 0, NVIDIA GeForce RTX 5070 Ti, 98.81, 100, 36, 15212, 2287, 15051, 49, 5, 8
1791024637.083145743,2026/10/03 19:50:37.133, 1, NVIDIA GeForce RTX 5070 Ti, 94.98, 100, 30, 15203, 2287, 15051, 49, 5, 4
1791024637.083145743,2026/10/03 19:50:37.138, 2, NVIDIA GeForce RTX 5070 Ti, 116.75, 100, 30, 15206, 2302, 15051, 50, 5, 8
1791024637.083145743,2026/10/03 19:50:37.141, 3, NVIDIA GeForce RTX 5060 Ti, 5.28, 0, 0, 2, 210, 405, 29, 1, 4
1791024638.181432949,2026/10/03 19:50:38.224, 0, NVIDIA GeForce RTX 5070 Ti, 99.62, 100, 47, 15212, 2287, 15051, 49, 5, 8
1791024638.181432949,2026/10/03 19:50:38.229, 1, NVIDIA GeForce RTX 5070 Ti, 98.68, 98, 30, 15203, 2287, 15051, 47, 5, 4
1791024638.181432949,2026/10/03 19:50:38.235, 2, NVIDIA GeForce RTX 5070 Ti, 117.42, 100, 27, 15206, 2302, 15051, 49, 5, 8
1791024638.181432949,2026/10/03 19:50:38.239, 3, NVIDIA GeForce RTX 5060 Ti, 5.22, 0, 0, 2, 210, 405, 29, 1, 4
1791024639.274591409,2026/10/03 19:50:39.315, 0, NVIDIA GeForce RTX 5070 Ti, 99.57, 99, 30, 15212, 2287, 15051, 48, 5, 8
1791024639.274591409,2026/10/03 19:50:39.320, 1, NVIDIA GeForce RTX 5070 Ti, 97.31, 98, 26, 15203, 2287, 15051, 48, 5, 4
1791024639.274591409,2026/10/03 19:50:39.323, 2, NVIDIA GeForce RTX 5070 Ti, 114.36, 100, 26, 15206, 2302, 15051, 49, 5, 8
1791024639.274591409,2026/10/03 19:50:39.327, 3, NVIDIA GeForce RTX 5060 Ti, 5.19, 0, 0, 2, 210, 405, 29, 1, 4
1791024640.361682605,2026/10/03 19:50:40.398, 0, NVIDIA GeForce RTX 5070 Ti, 98.96, 98, 36, 15212, 2287, 15051, 48, 5, 8
1791024640.361682605,2026/10/03 19:50:40.401, 1, NVIDIA GeForce RTX 5070 Ti, 96.70, 99, 32, 15203, 2287, 15051, 48, 5, 4
1791024640.361682605,2026/10/03 19:50:40.404, 2, NVIDIA GeForce RTX 5070 Ti, 120.60, 98, 23, 15206, 2302, 15051, 49, 5, 8
1791024640.361682605,2026/10/03 19:50:40.406, 3, NVIDIA GeForce RTX 5060 Ti, 5.22, 0, 0, 2, 210, 405, 29, 1, 4
1791024641.432814608,2026/10/03 19:50:41.468, 0, NVIDIA GeForce RTX 5070 Ti, 51.96, 0, 0, 15212, 2302, 15051, 44, 5, 8
1791024641.432814608,2026/10/03 19:50:41.472, 1, NVIDIA GeForce RTX 5070 Ti, 97.92, 98, 26, 15203, 2287, 15051, 49, 5, 4
1791024641.432814608,2026/10/03 19:50:41.474, 2, NVIDIA GeForce RTX 5070 Ti, 54.90, 0, 0, 15206, 2302, 15051, 44, 5, 8
1791024641.432814608,2026/10/03 19:50:41.475, 3, NVIDIA GeForce RTX 5060 Ti, 5.01, 0, 0, 2, 210, 405, 29, 1, 4
1791024642.501863607,2026/10/03 19:50:42.536, 0, NVIDIA GeForce RTX 5070 Ti, 83.73, 100, 26, 15212, 2295, 15051, 47, 5, 8
1791024642.501863607,2026/10/03 19:50:42.540, 1, NVIDIA GeForce RTX 5070 Ti, 47.86, 0, 0, 15203, 2302, 15051, 44, 5, 4
1791024642.501863607,2026/10/03 19:50:42.542, 2, NVIDIA GeForce RTX 5070 Ti, 43.33, 0, 0, 15206, 2302, 15051, 44, 5, 8
1791024642.501863607,2026/10/03 19:50:42.544, 3, NVIDIA GeForce RTX 5060 Ti, 4.40, 0, 2, 2, 210, 405, 29, 1, 4
1791024643.571212229,2026/10/03 19:50:43.605, 0, NVIDIA GeForce RTX 5070 Ti, 85.19, 100, 28, 15212, 2295, 15051, 47, 5, 8
1791024643.571212229,2026/10/03 19:50:43.609, 1, NVIDIA GeForce RTX 5070 Ti, 34.29, 0, 0, 15203, 2302, 15051, 44, 5, 4
1791024643.571212229,2026/10/03 19:50:43.611, 2, NVIDIA GeForce RTX 5070 Ti, 43.20, 0, 0, 15206, 2302, 15051, 44, 5, 8
1791024643.571212229,2026/10/03 19:50:43.613, 3, NVIDIA GeForce RTX 5060 Ti, 3.98, 0, 0, 2, 210, 405, 29, 1, 4
1791024644.639220386,2026/10/03 19:50:44.673, 0, NVIDIA GeForce RTX 5070 Ti, 94.38, 100, 26, 15212, 2295, 15051, 48, 5, 8
1791024644.639220386,2026/10/03 19:50:44.678, 1, NVIDIA GeForce RTX 5070 Ti, 34.25, 0, 0, 15203, 2302, 15051, 44, 5, 4
1791024644.639220386,2026/10/03 19:50:44.680, 2, NVIDIA GeForce RTX 5070 Ti, 43.11, 0, 0, 15206, 2302, 15051, 43, 5, 8
1791024644.639220386,2026/10/03 19:50:44.681, 3, NVIDIA GeForce RTX 5060 Ti, 3.98, 0, 1, 2, 210, 405, 29, 1, 4
1791024645.709335079,2026/10/03 19:50:45.744, 0, NVIDIA GeForce RTX 5070 Ti, 78.54, 100, 24, 15212, 2295, 15051, 47, 5, 8
1791024645.709335079,2026/10/03 19:50:45.748, 1, NVIDIA GeForce RTX 5070 Ti, 34.22, 0, 0, 15203, 2302, 15051, 44, 5, 4
1791024645.709335079,2026/10/03 19:50:45.750, 2, NVIDIA GeForce RTX 5070 Ti, 43.10, 0, 0, 15206, 2302, 15051, 43, 5, 8
1791024645.709335079,2026/10/03 19:50:45.752, 3, NVIDIA GeForce RTX 5060 Ti, 4.06, 0, 0, 2, 210, 405, 29, 1, 4
1791024646.777728972,2026/10/03 19:50:46.813, 0, NVIDIA GeForce RTX 5070 Ti, 93.30, 100, 26, 15212, 2295, 15051, 48, 5, 8
1791024646.777728972,2026/10/03 19:50:46.817, 1, NVIDIA GeForce RTX 5070 Ti, 34.20, 0, 0, 15203, 2302, 15051, 44, 5, 4
1791024646.777728972,2026/10/03 19:50:46.819, 2, NVIDIA GeForce RTX 5070 Ti, 43.16, 0, 0, 15206, 2302, 15051, 43, 5, 8
1791024646.777728972,2026/10/03 19:50:46.820, 3, NVIDIA GeForce RTX 5060 Ti, 4.09, 0, 0, 2, 210, 405, 29, 1, 4
1791024647.846586064,2026/10/03 19:50:47.880, 0, NVIDIA GeForce RTX 5070 Ti, 79.45, 0, 0, 15212, 2295, 15051, 45, 5, 8
1791024647.846586064,2026/10/03 19:50:47.883, 1, NVIDIA GeForce RTX 5070 Ti, 34.09, 0, 0, 15203, 2302, 15051, 43, 5, 4
1791024647.846586064,2026/10/03 19:50:47.885, 2, NVIDIA GeForce RTX 5070 Ti, 42.72, 0, 0, 15206, 2302, 15051, 43, 5, 8
1791024647.846586064,2026/10/03 19:50:47.886, 3, NVIDIA GeForce RTX 5060 Ti, 4.09, 0, 2, 2, 210, 405, 29, 1, 4
1791024648.912017647,2026/10/03 19:50:48.946, 0, NVIDIA GeForce RTX 5070 Ti, 30.06, 0, 0, 15212, 2302, 15051, 44, 5, 8
1791024648.912017647,2026/10/03 19:50:48.949, 1, NVIDIA GeForce RTX 5070 Ti, 34.08, 0, 0, 15203, 2302, 15051, 43, 5, 4
1791024648.912017647,2026/10/03 19:50:48.951, 2, NVIDIA GeForce RTX 5070 Ti, 42.23, 0, 0, 15206, 2302, 15051, 43, 5, 8
1791024648.912017647,2026/10/03 19:50:48.953, 3, NVIDIA GeForce RTX 5060 Ti, 3.93, 0, 0, 2, 210, 405, 29, 1, 4
1791024649.977969581,2026/10/03 19:50:50.012, 0, NVIDIA GeForce RTX 5070 Ti, 29.76, 0, 0, 15212, 2302, 15051, 43, 5, 8
1791024649.977969581,2026/10/03 19:50:50.015, 1, NVIDIA GeForce RTX 5070 Ti, 34.07, 0, 0, 15203, 2302, 15051, 43, 5, 4
1791024649.977969581,2026/10/03 19:50:50.017, 2, NVIDIA GeForce RTX 5070 Ti, 42.20, 0, 0, 15206, 2302, 15051, 43, 5, 8
1791024649.977969581,2026/10/03 19:50:50.019, 3, NVIDIA GeForce RTX 5060 Ti, 3.51, 0, 0, 2, 210, 405, 29, 1, 4
1791024651.051774471,2026/10/03 19:50:51.087, 0, NVIDIA GeForce RTX 5070 Ti, 29.60, 0, 0, 15212, 2302, 15051, 43, 5, 8
1791024651.051774471,2026/10/03 19:50:51.089, 1, NVIDIA GeForce RTX 5070 Ti, 33.95, 0, 0, 15203, 2302, 15051, 43, 5, 4
1791024651.051774471,2026/10/03 19:50:51.091, 2, NVIDIA GeForce RTX 5070 Ti, 41.99, 0, 0, 15206, 2302, 15051, 42, 5, 8
1791024651.051774471,2026/10/03 19:50:51.093, 3, NVIDIA GeForce RTX 5060 Ti, 3.40, 0, 0, 2, 210, 405, 29, 1, 4
1791024652.121008177,2026/10/03 19:50:52.155, 0, NVIDIA GeForce RTX 5070 Ti, 29.48, 0, 0, 15212, 2302, 15051, 43, 5, 8
1791024652.121008177,2026/10/03 19:50:52.158, 1, NVIDIA GeForce RTX 5070 Ti, 33.97, 0, 0, 15203, 2302, 15051, 43, 5, 4
1791024652.121008177,2026/10/03 19:50:52.160, 2, NVIDIA GeForce RTX 5070 Ti, 41.98, 0, 0, 15206, 2302, 15051, 42, 5, 8
1791024652.121008177,2026/10/03 19:50:52.162, 3, NVIDIA GeForce RTX 5060 Ti, 3.45, 0, 0, 2, 210, 405, 29, 1, 4
1791024653.188087889,2026/10/03 19:50:53.222, 0, NVIDIA GeForce RTX 5070 Ti, 29.58, 0, 0, 15212, 2302, 15051, 43, 5, 8
1791024653.188087889,2026/10/03 19:50:53.225, 1, NVIDIA GeForce RTX 5070 Ti, 34.04, 0, 0, 15203, 2302, 15051, 43, 5, 4
1791024653.188087889,2026/10/03 19:50:53.227, 2, NVIDIA GeForce RTX 5070 Ti, 42.22, 0, 0, 15206, 2302, 15051, 42, 5, 8
1791024653.188087889,2026/10/03 19:50:53.229, 3, NVIDIA GeForce RTX 5060 Ti, 3.47, 0, 0, 2, 210, 405, 29, 1, 4
1791024654.255165346,2026/10/03 19:50:54.290, 0, NVIDIA GeForce RTX 5070 Ti, 29.19, 0, 0, 15212, 2295, 15051, 43, 5, 8
1791024654.255165346,2026/10/03 19:50:54.292, 1, NVIDIA GeForce RTX 5070 Ti, 34.31, 0, 0, 15203, 2302, 15051, 43, 5, 4
1791024654.255165346,2026/10/03 19:50:54.294, 2, NVIDIA GeForce RTX 5070 Ti, 42.15, 0, 0, 15206, 2302, 15051, 42, 5, 8
1791024654.255165346,2026/10/03 19:50:54.296, 3, NVIDIA GeForce RTX 5060 Ti, 3.53, 0, 0, 2, 210, 405, 29, 1, 4
1791024655.322771540,2026/10/03 19:50:55.357, 0, NVIDIA GeForce RTX 5070 Ti, 28.75, 0, 0, 15212, 2295, 15051, 43, 5, 8
1791024655.322771540,2026/10/03 19:50:55.359, 1, NVIDIA GeForce RTX 5070 Ti, 34.55, 0, 0, 15203, 2302, 15051, 43, 5, 4
1791024655.322771540,2026/10/03 19:50:55.362, 2, NVIDIA GeForce RTX 5070 Ti, 41.95, 0, 0, 15206, 2302, 15051, 42, 5, 8
1791024655.322771540,2026/10/03 19:50:55.364, 3, NVIDIA GeForce RTX 5060 Ti, 3.52, 0, 0, 2, 210, 405, 29, 1, 4
1791024656.389819839,2026/10/03 19:50:56.425, 0, NVIDIA GeForce RTX 5070 Ti, 28.79, 0, 0, 15212, 2295, 15051, 43, 5, 8
1791024656.389819839,2026/10/03 19:50:56.427, 1, NVIDIA GeForce RTX 5070 Ti, 34.54, 0, 0, 15203, 2302, 15051, 43, 5, 4
1791024656.389819839,2026/10/03 19:50:56.429, 2, NVIDIA GeForce RTX 5070 Ti, 41.94, 0, 0, 15206, 2302, 15051, 42, 5, 8
1791024656.389819839,2026/10/03 19:50:56.431, 3, NVIDIA GeForce RTX 5060 Ti, 3.54, 0, 1, 2, 210, 405, 29, 1, 4
1791024657.456609365,2026/10/03 19:50:57.493, 0, NVIDIA GeForce RTX 5070 Ti, 28.48, 0, 0, 15212, 2295, 15051, 42, 5, 8
1791024657.456609365,2026/10/03 19:50:57.496, 1, NVIDIA GeForce RTX 5070 Ti, 34.57, 0, 0, 15203, 2302, 15051, 43, 5, 4
1791024657.456609365,2026/10/03 19:50:57.499, 2, NVIDIA GeForce RTX 5070 Ti, 35.66, 0, 0, 15206, 435, 810, 41, 2, 8
1791024657.456609365,2026/10/03 19:50:57.504, 3, NVIDIA GeForce RTX 5060 Ti, 3.55, 0, 0, 2, 210, 405, 29, 1, 4
1791024658.532767011,2026/10/03 19:50:58.570, 0, NVIDIA GeForce RTX 5070 Ti, 28.72, 0, 0, 15212, 2295, 15051, 42, 5, 8
1791024658.532767011,2026/10/03 19:50:58.573, 1, NVIDIA GeForce RTX 5070 Ti, 27.45, 0, 0, 15203, 397, 810, 42, 2, 4
1791024658.532767011,2026/10/03 19:50:58.577, 2, NVIDIA GeForce RTX 5070 Ti, 26.78, 0, 0, 15206, 337, 810, 41, 2, 8
1791024658.532767011,2026/10/03 19:50:58.582, 3, NVIDIA GeForce RTX 5060 Ti, 3.49, 0, 0, 2, 210, 405, 29, 1, 4
1791024659.610357796,2026/10/03 19:50:59.647, 0, NVIDIA GeForce RTX 5070 Ti, 28.71, 0, 0, 15212, 2295, 15051, 42, 5, 8
1791024659.610357796,2026/10/03 19:50:59.650, 1, NVIDIA GeForce RTX 5070 Ti, 12.99, 0, 0, 15203, 210, 810, 42, 2, 4
1791024659.610357796,2026/10/03 19:50:59.654, 2, NVIDIA GeForce RTX 5070 Ti, 20.01, 0, 0, 15206, 195, 810, 40, 1, 8
1791024659.610357796,2026/10/03 19:50:59.658, 3, NVIDIA GeForce RTX 5060 Ti, 3.45, 0, 0, 2, 210, 405, 29, 1, 4
1791024660.687138475,2026/10/03 19:51:00.724, 0, NVIDIA GeForce RTX 5070 Ti, 28.82, 0, 0, 15212, 2295, 15051, 42, 5, 8
1791024660.687138475,2026/10/03 19:51:00.727, 1, NVIDIA GeForce RTX 5070 Ti, 11.58, 0, 0, 15203, 195, 405, 42, 1, 4
1791024660.687138475,2026/10/03 19:51:00.731, 2, NVIDIA GeForce RTX 5070 Ti, 17.85, 0, 0, 15206, 195, 405, 40, 1, 8
1791024660.687138475,2026/10/03 19:51:00.735, 3, NVIDIA GeForce RTX 5060 Ti, 3.50, 0, 1, 2, 210, 405, 29, 1, 4
1791024661.764013789,2026/10/03 19:51:01.803, 0, NVIDIA GeForce RTX 5070 Ti, 28.96, 0, 0, 15212, 2295, 15051, 42, 5, 8
1791024661.764013789,2026/10/03 19:51:01.806, 1, NVIDIA GeForce RTX 5070 Ti, 10.11, 0, 0, 15203, 195, 405, 42, 1, 4
1791024661.764013789,2026/10/03 19:51:01.810, 2, NVIDIA GeForce RTX 5070 Ti, 16.24, 0, 0, 15206, 195, 405, 40, 1, 8
1791024661.764013789,2026/10/03 19:51:01.815, 3, NVIDIA GeForce RTX 5060 Ti, 3.51, 0, 0, 2, 210, 405, 29, 1, 4
1791024662.843196748,2026/10/03 19:51:02.880, 0, NVIDIA GeForce RTX 5070 Ti, 28.72, 0, 0, 15212, 2295, 15051, 42, 5, 8
1791024662.843196748,2026/10/03 19:51:02.882, 1, NVIDIA GeForce RTX 5070 Ti, 9.06, 0, 0, 15203, 195, 405, 42, 1, 4
1791024662.843196748,2026/10/03 19:51:02.888, 2, NVIDIA GeForce RTX 5070 Ti, 16.07, 0, 0, 15206, 195, 405, 40, 1, 8
1791024662.843196748,2026/10/03 19:51:02.892, 3, NVIDIA GeForce RTX 5060 Ti, 3.50, 0, 1, 2, 210, 405, 29, 1, 4
1791024663.922567162,2026/10/03 19:51:03.960, 0, NVIDIA GeForce RTX 5070 Ti, 28.46, 0, 0, 15212, 2295, 15051, 42, 5, 8
1791024663.922567162,2026/10/03 19:51:03.963, 1, NVIDIA GeForce RTX 5070 Ti, 9.07, 0, 0, 15203, 195, 405, 41, 1, 4
1791024663.922567162,2026/10/03 19:51:03.968, 2, NVIDIA GeForce RTX 5070 Ti, 16.08, 0, 0, 15206, 195, 405, 40, 1, 8
1791024663.922567162,2026/10/03 19:51:03.972, 3, NVIDIA GeForce RTX 5060 Ti, 3.50, 0, 2, 2, 210, 405, 29, 1, 4
1791024665.001243032,2026/10/03 19:51:05.040, 0, NVIDIA GeForce RTX 5070 Ti, 25.91, 0, 0, 15212, 442, 7001, 41, 5, 8
1791024665.001243032,2026/10/03 19:51:05.045, 1, NVIDIA GeForce RTX 5070 Ti, 8.65, 0, 0, 15203, 195, 405, 41, 1, 4
1791024665.001243032,2026/10/03 19:51:05.049, 2, NVIDIA GeForce RTX 5070 Ti, 16.08, 0, 0, 15206, 195, 405, 39, 1, 8
1791024665.001243032,2026/10/03 19:51:05.054, 3, NVIDIA GeForce RTX 5060 Ti, 3.47, 0, 2, 2, 210, 405, 29, 1, 4
1791024666.083935942,2026/10/03 19:51:06.123, 0, NVIDIA GeForce RTX 5070 Ti, 16.35, 0, 0, 15212, 360, 810, 41, 2, 8
1791024666.083935942,2026/10/03 19:51:06.128, 1, NVIDIA GeForce RTX 5070 Ti, 9.03, 0, 0, 15203, 195, 405, 41, 1, 4
1791024666.083935942,2026/10/03 19:51:06.133, 2, NVIDIA GeForce RTX 5070 Ti, 16.10, 0, 0, 15206, 195, 405, 39, 1, 8
1791024666.083935942,2026/10/03 19:51:06.137, 3, NVIDIA GeForce RTX 5060 Ti, 3.47, 0, 0, 2, 210, 405, 29, 1, 4
1791024667.166480356,2026/10/03 19:51:07.205, 0, NVIDIA GeForce RTX 5070 Ti, 11.02, 0, 0, 15212, 210, 810, 41, 1, 8
1791024667.166480356,2026/10/03 19:51:07.210, 1, NVIDIA GeForce RTX 5070 Ti, 9.02, 0, 0, 15203, 195, 405, 41, 1, 4
1791024667.166480356,2026/10/03 19:51:07.215, 2, NVIDIA GeForce RTX 5070 Ti, 16.08, 0, 2, 15206, 195, 405, 39, 1, 8
1791024667.166480356,2026/10/03 19:51:07.219, 3, NVIDIA GeForce RTX 5060 Ti, 3.50, 0, 1, 2, 210, 405, 29, 1, 4
1791024668.250403878,2026/10/03 19:51:08.290, 0, NVIDIA GeForce RTX 5070 Ti, 7.87, 0, 0, 15212, 195, 405, 41, 1, 8
1791024668.250403878,2026/10/03 19:51:08.295, 1, NVIDIA GeForce RTX 5070 Ti, 9.45, 0, 0, 15203, 195, 405, 41, 1, 4
1791024668.250403878,2026/10/03 19:51:08.299, 2, NVIDIA GeForce RTX 5070 Ti, 16.08, 0, 0, 15206, 195, 405, 39, 1, 8
1791024668.250403878,2026/10/03 19:51:08.304, 3, NVIDIA GeForce RTX 5060 Ti, 3.53, 0, 2, 2, 210, 405, 29, 1, 4
1791024669.333581003,2026/10/03 19:51:09.373, 0, NVIDIA GeForce RTX 5070 Ti, 7.81, 0, 0, 15212, 195, 405, 41, 1, 8
1791024669.333581003,2026/10/03 19:51:09.378, 1, NVIDIA GeForce RTX 5070 Ti, 8.60, 0, 0, 15203, 195, 405, 41, 1, 4
1791024669.333581003,2026/10/03 19:51:09.383, 2, NVIDIA GeForce RTX 5070 Ti, 16.11, 0, 0, 15206, 195, 405, 39, 1, 8
1791024669.333581003,2026/10/03 19:51:09.387, 3, NVIDIA GeForce RTX 5060 Ti, 3.49, 0, 0, 2, 210, 405, 29, 1, 4
1791024670.417675478,2026/10/03 19:51:10.456, 0, NVIDIA GeForce RTX 5070 Ti, 7.84, 0, 0, 15212, 195, 405, 41, 1, 8
1791024670.417675478,2026/10/03 19:51:10.461, 1, NVIDIA GeForce RTX 5070 Ti, 8.60, 0, 0, 15203, 195, 405, 41, 1, 4
1791024670.417675478,2026/10/03 19:51:10.465, 2, NVIDIA GeForce RTX 5070 Ti, 16.14, 0, 0, 15206, 195, 405, 39, 1, 8
1791024670.417675478,2026/10/03 19:51:10.470, 3, NVIDIA GeForce RTX 5060 Ti, 3.50, 0, 0, 2, 210, 405, 29, 1, 4
1791024671.503595267,2026/10/03 19:51:11.542, 0, NVIDIA GeForce RTX 5070 Ti, 7.70, 0, 0, 15212, 195, 405, 41, 1, 8
1791024671.503595267,2026/10/03 19:51:11.552, 1, NVIDIA GeForce RTX 5070 Ti, 8.63, 0, 0, 15203, 195, 405, 41, 1, 4
1791024671.503595267,2026/10/03 19:51:11.556, 2, NVIDIA GeForce RTX 5070 Ti, 16.05, 0, 0, 15206, 195, 405, 39, 1, 8
1791024671.503595267,2026/10/03 19:51:11.560, 3, NVIDIA GeForce RTX 5060 Ti, 3.46, 0, 0, 2, 210, 405, 29, 1, 4
1791024672.590806746,2026/10/03 19:51:12.630, 0, NVIDIA GeForce RTX 5070 Ti, 7.72, 0, 0, 15212, 195, 405, 40, 1, 8
1791024672.590806746,2026/10/03 19:51:12.635, 1, NVIDIA GeForce RTX 5070 Ti, 9.39, 0, 0, 15203, 195, 405, 41, 1, 4
1791024672.590806746,2026/10/03 19:51:12.639, 2, NVIDIA GeForce RTX 5070 Ti, 15.99, 0, 0, 15206, 195, 405, 39, 1, 8
1791024672.590806746,2026/10/03 19:51:12.644, 3, NVIDIA GeForce RTX 5060 Ti, 3.50, 0, 0, 2, 210, 405, 29, 1, 4
1791024673.675000816,2026/10/03 19:51:13.714, 0, NVIDIA GeForce RTX 5070 Ti, 7.72, 0, 0, 15212, 195, 405, 40, 1, 8
1791024673.675000816,2026/10/03 19:51:13.719, 1, NVIDIA GeForce RTX 5070 Ti, 8.61, 0, 0, 15203, 195, 405, 41, 1, 4
1791024673.675000816,2026/10/03 19:51:13.723, 2, NVIDIA GeForce RTX 5070 Ti, 16.06, 0, 0, 15206, 195, 405, 39, 1, 8
1791024673.675000816,2026/10/03 19:51:13.727, 3, NVIDIA GeForce RTX 5060 Ti, 3.49, 0, 1, 2, 210, 405, 29, 1, 4
1791024674.756944725,2026/10/03 19:51:14.796, 0, NVIDIA GeForce RTX 5070 Ti, 7.60, 0, 0, 15212, 195, 405, 40, 1, 8
1791024674.756944725,2026/10/03 19:51:14.801, 1, NVIDIA GeForce RTX 5070 Ti, 9.47, 0, 0, 15203, 195, 405, 41, 1, 4
1791024674.756944725,2026/10/03 19:51:14.805, 2, NVIDIA GeForce RTX 5070 Ti, 16.17, 0, 0, 15206, 195, 405, 38, 1, 8
1791024674.756944725,2026/10/03 19:51:14.809, 3, NVIDIA GeForce RTX 5060 Ti, 3.48, 0, 2, 2, 210, 405, 29, 1, 4
1791024675.838588052,2026/10/03 19:51:15.877, 0, NVIDIA GeForce RTX 5070 Ti, 7.62, 0, 0, 15212, 195, 405, 40, 1, 8
1791024675.838588052,2026/10/03 19:51:15.882, 1, NVIDIA GeForce RTX 5070 Ti, 9.09, 0, 0, 15203, 195, 405, 41, 1, 4
1791024675.838588052,2026/10/03 19:51:15.887, 2, NVIDIA GeForce RTX 5070 Ti, 16.12, 0, 0, 15206, 195, 405, 38, 1, 8
1791024675.838588052,2026/10/03 19:51:15.891, 3, NVIDIA GeForce RTX 5060 Ti, 3.47, 0, 1, 2, 210, 405, 29, 1, 4
1791024676.921834792,2026/10/03 19:51:16.962, 0, NVIDIA GeForce RTX 5070 Ti, 7.63, 0, 0, 15212, 195, 405, 40, 1, 8
1791024676.921834792,2026/10/03 19:51:16.967, 1, NVIDIA GeForce RTX 5070 Ti, 8.64, 0, 0, 15203, 195, 405, 40, 1, 4
1791024676.921834792,2026/10/03 19:51:16.972, 2, NVIDIA GeForce RTX 5070 Ti, 16.19, 0, 0, 15206, 195, 405, 38, 1, 8
1791024676.921834792,2026/10/03 19:51:16.977, 3, NVIDIA GeForce RTX 5060 Ti, 3.45, 0, 0, 2, 210, 405, 29, 1, 4
1791024678.010128737,2026/10/03 19:51:18.051, 0, NVIDIA GeForce RTX 5070 Ti, 7.67, 0, 0, 15212, 195, 405, 40, 1, 8
1791024678.010128737,2026/10/03 19:51:18.056, 1, NVIDIA GeForce RTX 5070 Ti, 8.65, 0, 0, 15203, 195, 405, 40, 1, 4
1791024678.010128737,2026/10/03 19:51:18.060, 2, NVIDIA GeForce RTX 5070 Ti, 16.11, 0, 0, 15206, 195, 405, 38, 1, 8
1791024678.010128737,2026/10/03 19:51:18.064, 3, NVIDIA GeForce RTX 5060 Ti, 3.44, 0, 2, 2, 210, 405, 29, 1, 4
1791024679.094172710,2026/10/03 19:51:19.132, 0, NVIDIA GeForce RTX 5070 Ti, 7.66, 0, 0, 15212, 195, 405, 40, 1, 8
1791024679.094172710,2026/10/03 19:51:19.137, 1, NVIDIA GeForce RTX 5070 Ti, 8.65, 0, 0, 15203, 195, 405, 40, 1, 4
1791024679.094172710,2026/10/03 19:51:19.142, 2, NVIDIA GeForce RTX 5070 Ti, 16.01, 0, 0, 15206, 195, 405, 38, 1, 8
1791024679.094172710,2026/10/03 19:51:19.146, 3, NVIDIA GeForce RTX 5060 Ti, 3.47, 0, 0, 2, 210, 405, 29, 1, 4
1791024680.176630100,2026/10/03 19:51:20.215, 0, NVIDIA GeForce RTX 5070 Ti, 7.73, 0, 0, 15212, 195, 405, 40, 1, 8
1791024680.176630100,2026/10/03 19:51:20.220, 1, NVIDIA GeForce RTX 5070 Ti, 10.22, 0, 0, 15203, 195, 405, 40, 1, 4
1791024680.176630100,2026/10/03 19:51:20.224, 2, NVIDIA GeForce RTX 5070 Ti, 16.06, 0, 0, 15206, 195, 405, 38, 1, 8
1791024680.176630100,2026/10/03 19:51:20.229, 3, NVIDIA GeForce RTX 5060 Ti, 3.49, 0, 0, 2, 210, 405, 29, 1, 4
1791024681.258926943,2026/10/03 19:51:21.299, 0, NVIDIA GeForce RTX 5070 Ti, 7.82, 0, 0, 15212, 195, 405, 40, 1, 8
1791024681.258926943,2026/10/03 19:51:21.304, 1, NVIDIA GeForce RTX 5070 Ti, 8.60, 0, 0, 15203, 195, 405, 40, 1, 4
1791024681.258926943,2026/10/03 19:51:21.308, 2, NVIDIA GeForce RTX 5070 Ti, 16.07, 0, 0, 15206, 195, 405, 38, 1, 8
1791024681.258926943,2026/10/03 19:51:21.312, 3, NVIDIA GeForce RTX 5060 Ti, 3.46, 0, 0, 2, 210, 405, 29, 1, 4
1791024682.341995148,2026/10/03 19:51:22.382, 0, NVIDIA GeForce RTX 5070 Ti, 7.78, 0, 0, 15212, 195, 405, 40, 1, 8
1791024682.341995148,2026/10/03 19:51:22.386, 1, NVIDIA GeForce RTX 5070 Ti, 8.58, 0, 0, 15203, 195, 405, 40, 1, 4
1791024682.341995148,2026/10/03 19:51:22.391, 2, NVIDIA GeForce RTX 5070 Ti, 15.88, 0, 0, 15206, 195, 405, 38, 1, 8
1791024682.341995148,2026/10/03 19:51:22.395, 3, NVIDIA GeForce RTX 5060 Ti, 3.46, 0, 0, 2, 210, 405, 29, 1, 4
1791024683.426984369,2026/10/03 19:51:23.466, 0, NVIDIA GeForce RTX 5070 Ti, 7.77, 0, 0, 15212, 195, 405, 40, 1, 8
1791024683.426984369,2026/10/03 19:51:23.471, 1, NVIDIA GeForce RTX 5070 Ti, 8.61, 0, 0, 15203, 195, 405, 40, 1, 4
1791024683.426984369,2026/10/03 19:51:23.476, 2, NVIDIA GeForce RTX 5070 Ti, 15.61, 0, 0, 15206, 195, 405, 37, 1, 8
1791024683.426984369,2026/10/03 19:51:23.480, 3, NVIDIA GeForce RTX 5060 Ti, 3.45, 0, 0, 2, 210, 405, 29, 1, 4
1791024684.511066563,2026/10/03 19:51:24.550, 0, NVIDIA GeForce RTX 5070 Ti, 7.80, 0, 0, 15212, 195, 405, 40, 1, 8
1791024684.511066563,2026/10/03 19:51:24.555, 1, NVIDIA GeForce RTX 5070 Ti, 8.62, 0, 0, 15203, 195, 405, 40, 1, 4
1791024684.511066563,2026/10/03 19:51:24.559, 2, NVIDIA GeForce RTX 5070 Ti, 15.67, 0, 0, 15206, 195, 405, 37, 1, 8
1791024684.511066563,2026/10/03 19:51:24.563, 3, NVIDIA GeForce RTX 5060 Ti, 3.43, 0, 0, 2, 210, 405, 29, 1, 4
1791024685.595078916,2026/10/03 19:51:25.634, 0, NVIDIA GeForce RTX 5070 Ti, 7.71, 0, 0, 15212, 195, 405, 40, 1, 8
1791024685.595078916,2026/10/03 19:51:25.639, 1, NVIDIA GeForce RTX 5070 Ti, 9.39, 0, 0, 15203, 195, 405, 40, 1, 4
1791024685.595078916,2026/10/03 19:51:25.643, 2, NVIDIA GeForce RTX 5070 Ti, 15.74, 0, 0, 15206, 195, 405, 37, 1, 8
1791024685.595078916,2026/10/03 19:51:25.648, 3, NVIDIA GeForce RTX 5060 Ti, 3.40, 0, 0, 2, 210, 405, 29, 1, 4
1791024686.678340906,2026/10/03 19:51:26.717, 0, NVIDIA GeForce RTX 5070 Ti, 7.67, 0, 0, 15212, 195, 405, 40, 1, 8
1791024686.678340906,2026/10/03 19:51:26.722, 1, NVIDIA GeForce RTX 5070 Ti, 9.00, 0, 0, 15203, 195, 405, 40, 1, 4
1791024686.678340906,2026/10/03 19:51:26.726, 2, NVIDIA GeForce RTX 5070 Ti, 15.57, 0, 0, 15206, 195, 405, 37, 1, 8
1791024686.678340906,2026/10/03 19:51:26.730, 3, NVIDIA GeForce RTX 5060 Ti, 3.37, 0, 0, 2, 210, 405, 29, 1, 4
1791024687.762223092,2026/10/03 19:51:27.799, 0, NVIDIA GeForce RTX 5070 Ti, 7.64, 0, 0, 15212, 195, 405, 40, 1, 8
1791024687.762223092,2026/10/03 19:51:27.804, 1, NVIDIA GeForce RTX 5070 Ti, 8.59, 0, 0, 15203, 195, 405, 40, 1, 4
1791024687.762223092,2026/10/03 19:51:27.808, 2, NVIDIA GeForce RTX 5070 Ti, 15.66, 0, 0, 15206, 195, 405, 37, 1, 8
1791024687.762223092,2026/10/03 19:51:27.812, 3, NVIDIA GeForce RTX 5060 Ti, 3.40, 0, 0, 2, 210, 405, 29, 1, 4
1791024688.840926031,2026/10/03 19:51:28.880, 0, NVIDIA GeForce RTX 5070 Ti, 7.69, 0, 0, 15212, 195, 405, 40, 1, 8
1791024688.840926031,2026/10/03 19:51:28.885, 1, NVIDIA GeForce RTX 5070 Ti, 8.57, 0, 0, 15203, 195, 405, 40, 1, 4
1791024688.840926031,2026/10/03 19:51:28.889, 2, NVIDIA GeForce RTX 5070 Ti, 15.72, 0, 0, 15206, 195, 405, 37, 1, 8
1791024688.840926031,2026/10/03 19:51:28.893, 3, NVIDIA GeForce RTX 5060 Ti, 3.44, 0, 2, 2, 210, 405, 29, 1, 4
1791024689.922411020,2026/10/03 19:51:29.961, 0, NVIDIA GeForce RTX 5070 Ti, 7.77, 0, 0, 15212, 195, 405, 40, 1, 8
1791024689.922411020,2026/10/03 19:51:29.966, 1, NVIDIA GeForce RTX 5070 Ti, 8.98, 0, 0, 15203, 195, 405, 40, 1, 4
1791024689.922411020,2026/10/03 19:51:29.970, 2, NVIDIA GeForce RTX 5070 Ti, 15.71, 0, 0, 15206, 195, 405, 37, 1, 8
1791024689.922411020,2026/10/03 19:51:29.974, 3, NVIDIA GeForce RTX 5060 Ti, 3.47, 0, 1, 2, 210, 405, 29, 1, 4
1791024691.004016833,2026/10/03 19:51:31.043, 0, NVIDIA GeForce RTX 5070 Ti, 7.77, 0, 0, 15212, 195, 405, 40, 1, 8
1791024691.004016833,2026/10/03 19:51:31.047, 1, NVIDIA GeForce RTX 5070 Ti, 8.98, 0, 0, 15203, 195, 405, 39, 1, 4
1791024691.004016833,2026/10/03 19:51:31.052, 2, NVIDIA GeForce RTX 5070 Ti, 15.63, 0, 0, 15206, 195, 405, 37, 1, 8
1791024691.004016833,2026/10/03 19:51:31.056, 3, NVIDIA GeForce RTX 5060 Ti, 3.41, 0, 0, 2, 210, 405, 29, 1, 4
1791024692.089043036,2026/10/03 19:51:32.128, 0, NVIDIA GeForce RTX 5070 Ti, 7.78, 0, 0, 15212, 195, 405, 40, 1, 8
1791024692.089043036,2026/10/03 19:51:32.132, 1, NVIDIA GeForce RTX 5070 Ti, 8.58, 0, 0, 15203, 195, 405, 39, 1, 4
1791024692.089043036,2026/10/03 19:51:32.137, 2, NVIDIA GeForce RTX 5070 Ti, 15.69, 0, 0, 15206, 195, 405, 37, 1, 8
1791024692.089043036,2026/10/03 19:51:32.141, 3, NVIDIA GeForce RTX 5060 Ti, 3.43, 0, 0, 2, 210, 405, 29, 1, 4
1791024693.171024155,2026/10/03 19:51:33.211, 0, NVIDIA GeForce RTX 5070 Ti, 7.83, 0, 0, 15212, 195, 405, 40, 1, 8
1791024693.171024155,2026/10/03 19:51:33.216, 1, NVIDIA GeForce RTX 5070 Ti, 8.61, 0, 0, 15203, 195, 405, 39, 1, 4
1791024693.171024155,2026/10/03 19:51:33.220, 2, NVIDIA GeForce RTX 5070 Ti, 15.78, 0, 0, 15206, 195, 405, 37, 1, 8
1791024693.171024155,2026/10/03 19:51:33.224, 3, NVIDIA GeForce RTX 5060 Ti, 3.39, 0, 1, 2, 210, 405, 29, 1, 4
1791024694.255141101,2026/10/03 19:51:34.296, 0, NVIDIA GeForce RTX 5070 Ti, 7.71, 0, 0, 15212, 195, 405, 40, 1, 8
1791024694.255141101,2026/10/03 19:51:34.301, 1, NVIDIA GeForce RTX 5070 Ti, 9.03, 0, 0, 15203, 195, 405, 39, 1, 4
1791024694.255141101,2026/10/03 19:51:34.305, 2, NVIDIA GeForce RTX 5070 Ti, 15.79, 0, 0, 15206, 195, 405, 37, 1, 8
1791024694.255141101,2026/10/03 19:51:34.310, 3, NVIDIA GeForce RTX 5060 Ti, 3.37, 0, 0, 2, 210, 405, 29, 1, 4
1791024695.340634211,2026/10/03 19:51:35.380, 0, NVIDIA GeForce RTX 5070 Ti, 7.71, 0, 0, 15212, 195, 405, 40, 1, 8
1791024695.340634211,2026/10/03 19:51:35.384, 1, NVIDIA GeForce RTX 5070 Ti, 9.46, 0, 0, 15203, 195, 405, 39, 1, 4
1791024695.340634211,2026/10/03 19:51:35.389, 2, NVIDIA GeForce RTX 5070 Ti, 15.66, 0, 0, 15206, 187, 405, 37, 1, 8
1791024695.340634211,2026/10/03 19:51:35.394, 3, NVIDIA GeForce RTX 5060 Ti, 3.45, 0, 0, 2, 210, 405, 29, 1, 4
1791024696.424979496,2026/10/03 19:51:36.464, 0, NVIDIA GeForce RTX 5070 Ti, 7.82, 0, 0, 15212, 195, 405, 40, 1, 8
1791024696.424979496,2026/10/03 19:51:36.469, 1, NVIDIA GeForce RTX 5070 Ti, 8.56, 0, 0, 15203, 195, 405, 39, 1, 4
1791024696.424979496,2026/10/03 19:51:36.473, 2, NVIDIA GeForce RTX 5070 Ti, 15.61, 0, 0, 15206, 195, 405, 37, 1, 8
1791024696.424979496,2026/10/03 19:51:36.477, 3, NVIDIA GeForce RTX 5060 Ti, 3.52, 0, 0, 2, 210, 405, 29, 1, 4
1791024697.507463516,2026/10/03 19:51:37.547, 0, NVIDIA GeForce RTX 5070 Ti, 7.83, 0, 0, 15212, 195, 405, 40, 1, 8
1791024697.507463516,2026/10/03 19:51:37.552, 1, NVIDIA GeForce RTX 5070 Ti, 8.59, 0, 0, 15203, 195, 405, 39, 1, 4
1791024697.507463516,2026/10/03 19:51:37.557, 2, NVIDIA GeForce RTX 5070 Ti, 15.61, 0, 0, 15206, 195, 405, 37, 1, 8
1791024697.507463516,2026/10/03 19:51:37.561, 3, NVIDIA GeForce RTX 5060 Ti, 3.58, 0, 0, 2, 210, 405, 29, 1, 4
1791024698.594390995,2026/10/03 19:51:38.633, 0, NVIDIA GeForce RTX 5070 Ti, 7.77, 0, 0, 15212, 195, 405, 40, 1, 8
1791024698.594390995,2026/10/03 19:51:38.638, 1, NVIDIA GeForce RTX 5070 Ti, 8.59, 0, 0, 15203, 195, 405, 39, 1, 4
1791024698.594390995,2026/10/03 19:51:38.643, 2, NVIDIA GeForce RTX 5070 Ti, 15.67, 0, 0, 15206, 195, 405, 37, 1, 8
1791024698.594390995,2026/10/03 19:51:38.647, 3, NVIDIA GeForce RTX 5060 Ti, 3.56, 0, 1, 2, 210, 405, 29, 1, 4
1791024699.677023111,2026/10/03 19:51:39.717, 0, NVIDIA GeForce RTX 5070 Ti, 7.72, 0, 0, 15212, 195, 405, 40, 1, 8
1791024699.677023111,2026/10/03 19:51:39.722, 1, NVIDIA GeForce RTX 5070 Ti, 9.41, 0, 0, 15203, 195, 405, 39, 1, 4
1791024699.677023111,2026/10/03 19:51:39.726, 2, NVIDIA GeForce RTX 5070 Ti, 15.67, 0, 0, 15206, 195, 405, 37, 1, 8
1791024699.677023111,2026/10/03 19:51:39.731, 3, NVIDIA GeForce RTX 5060 Ti, 3.56, 0, 1, 2, 210, 405, 29, 1, 4
1791024700.761392157,2026/10/03 19:51:40.801, 0, NVIDIA GeForce RTX 5070 Ti, 7.76, 0, 0, 15212, 195, 405, 40, 1, 8
1791024700.761392157,2026/10/03 19:51:40.806, 1, NVIDIA GeForce RTX 5070 Ti, 9.01, 0, 0, 15203, 195, 405, 39, 1, 4
1791024700.761392157,2026/10/03 19:51:40.810, 2, NVIDIA GeForce RTX 5070 Ti, 15.68, 0, 0, 15206, 195, 405, 37, 1, 8
1791024700.761392157,2026/10/03 19:51:40.815, 3, NVIDIA GeForce RTX 5060 Ti, 3.59, 0, 0, 2, 210, 405, 29, 1, 4
1791024701.845021213,2026/10/03 19:51:41.881, 0, NVIDIA GeForce RTX 5070 Ti, 16.44, 100, 26, 15212, 1507, 15051, 43, 5, 8
1791024701.845021213,2026/10/03 19:51:41.886, 1, NVIDIA GeForce RTX 5070 Ti, 9.40, 0, 0, 15203, 195, 405, 39, 1, 4
1791024701.845021213,2026/10/03 19:51:41.891, 2, NVIDIA GeForce RTX 5070 Ti, 46.92, 100, 25, 15206, 2302, 15051, 42, 5, 8
1791024701.845021213,2026/10/03 19:51:41.894, 3, NVIDIA GeForce RTX 5060 Ti, 3.58, 0, 0, 2, 210, 405, 29, 1, 4
1791024702.922235341,2026/10/03 19:51:42.960, 0, NVIDIA GeForce RTX 5070 Ti, 90.08, 100, 25, 15212, 2295, 15051, 45, 5, 8
1791024702.922235341,2026/10/03 19:51:42.965, 1, NVIDIA GeForce RTX 5070 Ti, 9.33, 0, 0, 15203, 195, 405, 39, 1, 4
1791024702.922235341,2026/10/03 19:51:42.969, 2, NVIDIA GeForce RTX 5070 Ti, 121.40, 100, 29, 15206, 2302, 15051, 45, 5, 8
1791024702.922235341,2026/10/03 19:51:42.972, 3, NVIDIA GeForce RTX 5060 Ti, 3.87, 0, 1, 2, 210, 405, 29, 1, 4
1791024704.001772723,2026/10/03 19:51:44.038, 0, NVIDIA GeForce RTX 5070 Ti, 85.62, 100, 38, 15212, 2287, 15051, 45, 5, 8
1791024704.001772723,2026/10/03 19:51:44.042, 1, NVIDIA GeForce RTX 5070 Ti, 9.47, 0, 0, 15203, 195, 405, 39, 1, 4
1791024704.001772723,2026/10/03 19:51:44.046, 2, NVIDIA GeForce RTX 5070 Ti, 120.93, 100, 24, 15206, 2302, 15051, 44, 5, 8
1791024704.001772723,2026/10/03 19:51:44.050, 3, NVIDIA GeForce RTX 5060 Ti, 5.05, 0, 1, 2, 210, 405, 29, 1, 4
1791024705.079871936,2026/10/03 19:51:45.118, 0, NVIDIA GeForce RTX 5070 Ti, 96.28, 100, 34, 15212, 2287, 15051, 45, 5, 8
1791024705.079871936,2026/10/03 19:51:45.122, 1, NVIDIA GeForce RTX 5070 Ti, 9.57, 0, 0, 15203, 195, 405, 39, 1, 4
1791024705.079871936,2026/10/03 19:51:45.126, 2, NVIDIA GeForce RTX 5070 Ti, 113.37, 100, 32, 15206, 2302, 15051, 44, 5, 8
1791024705.079871936,2026/10/03 19:51:45.130, 3, NVIDIA GeForce RTX 5060 Ti, 5.01, 0, 0, 2, 210, 405, 29, 1, 4
1791024706.163575925,2026/10/03 19:51:46.201, 0, NVIDIA GeForce RTX 5070 Ti, 97.89, 100, 32, 15212, 2287, 15051, 46, 5, 8
1791024706.163575925,2026/10/03 19:51:46.205, 1, NVIDIA GeForce RTX 5070 Ti, 9.62, 0, 0, 15203, 195, 405, 39, 1, 4
1791024706.163575925,2026/10/03 19:51:46.210, 2, NVIDIA GeForce RTX 5070 Ti, 114.59, 100, 20, 15206, 2302, 15051, 44, 5, 8
1791024706.163575925,2026/10/03 19:51:46.213, 3, NVIDIA GeForce RTX 5060 Ti, 4.99, 0, 1, 2, 210, 405, 29, 1, 4
1791024707.244180760,2026/10/03 19:51:47.282, 0, NVIDIA GeForce RTX 5070 Ti, 98.76, 100, 39, 15212, 2287, 15051, 45, 5, 8
1791024707.244180760,2026/10/03 19:51:47.286, 1, NVIDIA GeForce RTX 5070 Ti, 9.46, 0, 0, 15203, 195, 405, 39, 1, 4
1791024707.244180760,2026/10/03 19:51:47.290, 2, NVIDIA GeForce RTX 5070 Ti, 120.67, 99, 26, 15206, 2302, 15051, 45, 5, 8
1791024707.244180760,2026/10/03 19:51:47.293, 3, NVIDIA GeForce RTX 5060 Ti, 4.97, 0, 3, 2, 210, 405, 29, 1, 4
1791024708.323599127,2026/10/03 19:51:48.361, 0, NVIDIA GeForce RTX 5070 Ti, 100.21, 100, 27, 15212, 2287, 15051, 45, 5, 8
1791024708.323599127,2026/10/03 19:51:48.364, 1, NVIDIA GeForce RTX 5070 Ti, 10.29, 0, 0, 15203, 195, 405, 39, 1, 4
1791024708.323599127,2026/10/03 19:51:48.369, 2, NVIDIA GeForce RTX 5070 Ti, 126.17, 98, 30, 15206, 2295, 15051, 46, 5, 8
1791024708.323599127,2026/10/03 19:51:48.372, 3, NVIDIA GeForce RTX 5060 Ti, 5.01, 0, 0, 2, 210, 405, 29, 1, 4
1791024709.400444301,2026/10/03 19:51:49.439, 0, NVIDIA GeForce RTX 5070 Ti, 105.73, 99, 45, 15212, 2287, 15051, 46, 5, 8
1791024709.400444301,2026/10/03 19:51:49.443, 1, NVIDIA GeForce RTX 5070 Ti, 9.89, 0, 0, 15203, 195, 405, 38, 1, 4
1791024709.400444301,2026/10/03 19:51:49.447, 2, NVIDIA GeForce RTX 5070 Ti, 119.46, 98, 27, 15206, 2302, 15051, 46, 5, 8
1791024709.400444301,2026/10/03 19:51:49.451, 3, NVIDIA GeForce RTX 5060 Ti, 4.97, 0, 0, 2, 210, 405, 29, 1, 4
1791024710.479885748,2026/10/03 19:51:50.516, 0, NVIDIA GeForce RTX 5070 Ti, 98.16, 100, 38, 15212, 2287, 15051, 46, 5, 8
1791024710.479885748,2026/10/03 19:51:50.519, 1, NVIDIA GeForce RTX 5070 Ti, 9.83, 0, 0, 15203, 195, 405, 38, 1, 4
1791024710.479885748,2026/10/03 19:51:50.523, 2, NVIDIA GeForce RTX 5070 Ti, 61.50, 0, 0, 15206, 2302, 15051, 41, 5, 8
1791024710.479885748,2026/10/03 19:51:50.526, 3, NVIDIA GeForce RTX 5060 Ti, 4.78, 0, 0, 2, 202, 405, 29, 1, 4
1791024711.554112136,2026/10/03 19:51:51.599, 0, NVIDIA GeForce RTX 5070 Ti, 93.52, 100, 39, 15212, 2287, 15051, 45, 5, 8
1791024711.554112136,2026/10/03 19:51:51.602, 1, NVIDIA GeForce RTX 5070 Ti, 9.65, 0, 0, 15203, 195, 405, 38, 1, 4
1791024711.554112136,2026/10/03 19:51:51.607, 2, NVIDIA GeForce RTX 5070 Ti, 78.18, 100, 33, 15206, 2302, 15051, 45, 5, 8
1791024711.554112136,2026/10/03 19:51:51.610, 3, NVIDIA GeForce RTX 5060 Ti, 4.51, 0, 1, 2, 210, 405, 29, 1, 4
1791024712.639857908,2026/10/03 19:51:52.676, 0, NVIDIA GeForce RTX 5070 Ti, 103.50, 100, 44, 15212, 2287, 15051, 47, 5, 8
1791024712.639857908,2026/10/03 19:51:52.680, 1, NVIDIA GeForce RTX 5070 Ti, 9.58, 0, 0, 15203, 195, 405, 38, 1, 4
1791024712.639857908,2026/10/03 19:51:52.684, 2, NVIDIA GeForce RTX 5070 Ti, 123.84, 100, 32, 15206, 2302, 15051, 47, 5, 8
1791024712.639857908,2026/10/03 19:51:52.688, 3, NVIDIA GeForce RTX 5060 Ti, 4.88, 0, 0, 2, 210, 405, 29, 1, 4
1791024713.718653379,2026/10/03 19:51:53.758, 0, NVIDIA GeForce RTX 5070 Ti, 101.52, 100, 34, 15212, 2287, 15051, 46, 5, 8
1791024713.718653379,2026/10/03 19:51:53.762, 1, NVIDIA GeForce RTX 5070 Ti, 9.51, 0, 0, 15203, 195, 405, 38, 1, 4
1791024713.718653379,2026/10/03 19:51:53.766, 2, NVIDIA GeForce RTX 5070 Ti, 122.83, 100, 32, 15206, 2295, 15051, 46, 5, 8
1791024713.718653379,2026/10/03 19:51:53.770, 3, NVIDIA GeForce RTX 5060 Ti, 4.94, 0, 0, 2, 210, 405, 29, 1, 4
1791024714.799911030,2026/10/03 19:51:54.836, 0, NVIDIA GeForce RTX 5070 Ti, 98.34, 100, 49, 15212, 2287, 15051, 47, 5, 8
1791024714.799911030,2026/10/03 19:51:54.840, 1, NVIDIA GeForce RTX 5070 Ti, 9.25, 0, 0, 15203, 195, 405, 38, 1, 4
1791024714.799911030,2026/10/03 19:51:54.845, 2, NVIDIA GeForce RTX 5070 Ti, 118.24, 99, 22, 15206, 2295, 15051, 46, 5, 8
1791024714.799911030,2026/10/03 19:51:54.848, 3, NVIDIA GeForce RTX 5060 Ti, 4.98, 0, 1, 2, 210, 405, 29, 1, 4
1791024715.876241583,2026/10/03 19:51:55.913, 0, NVIDIA GeForce RTX 5070 Ti, 103.61, 100, 44, 15212, 2287, 15051, 47, 5, 8
1791024715.876241583,2026/10/03 19:51:55.917, 1, NVIDIA GeForce RTX 5070 Ti, 9.52, 0, 0, 15203, 195, 405, 38, 1, 4
1791024715.876241583,2026/10/03 19:51:55.922, 2, NVIDIA GeForce RTX 5070 Ti, 123.62, 98, 31, 15206, 2295, 15051, 47, 5, 8
1791024715.876241583,2026/10/03 19:51:55.925, 3, NVIDIA GeForce RTX 5060 Ti, 4.88, 0, 1, 2, 210, 405, 29, 1, 4
1791024716.955087976,2026/10/03 19:51:56.992, 0, NVIDIA GeForce RTX 5070 Ti, 101.23, 100, 40, 15212, 2287, 15051, 47, 5, 8
1791024716.955087976,2026/10/03 19:51:56.996, 1, NVIDIA GeForce RTX 5070 Ti, 9.85, 0, 0, 15203, 195, 405, 38, 1, 4
1791024716.955087976,2026/10/03 19:51:57.000, 2, NVIDIA GeForce RTX 5070 Ti, 124.90, 98, 33, 15206, 2295, 15051, 48, 5, 8
1791024716.955087976,2026/10/03 19:51:57.004, 3, NVIDIA GeForce RTX 5060 Ti, 4.92, 0, 0, 2, 202, 405, 29, 1, 4
1791024718.034142719,2026/10/03 19:51:58.073, 0, NVIDIA GeForce RTX 5070 Ti, 103.69, 99, 38, 15212, 2287, 15051, 47, 5, 8
1791024718.034142719,2026/10/03 19:51:58.077, 1, NVIDIA GeForce RTX 5070 Ti, 9.78, 0, 0, 15203, 195, 405, 38, 1, 4
1791024718.034142719,2026/10/03 19:51:58.081, 2, NVIDIA GeForce RTX 5070 Ti, 119.73, 100, 22, 15206, 2302, 15051, 47, 5, 8
1791024718.034142719,2026/10/03 19:51:58.084, 3, NVIDIA GeForce RTX 5060 Ti, 4.95, 0, 0, 2, 210, 405, 29, 1, 4
1791024719.119042316,2026/10/03 19:51:59.156, 0, NVIDIA GeForce RTX 5070 Ti, 97.61, 100, 47, 15212, 2287, 15051, 47, 5, 8
1791024719.119042316,2026/10/03 19:51:59.160, 1, NVIDIA GeForce RTX 5070 Ti, 9.39, 0, 0, 15203, 195, 405, 38, 1, 4
1791024719.119042316,2026/10/03 19:51:59.165, 2, NVIDIA GeForce RTX 5070 Ti, 108.31, 100, 20, 15206, 2302, 15051, 46, 5, 8
1791024719.119042316,2026/10/03 19:51:59.168, 3, NVIDIA GeForce RTX 5060 Ti, 4.87, 0, 0, 2, 210, 405, 29, 1, 4
1791024720.197039046,2026/10/03 19:52:00.235, 0, NVIDIA GeForce RTX 5070 Ti, 105.08, 100, 47, 15212, 2287, 15051, 48, 5, 8
1791024720.197039046,2026/10/03 19:52:00.238, 1, NVIDIA GeForce RTX 5070 Ti, 9.75, 0, 0, 15203, 187, 405, 38, 1, 4
1791024720.197039046,2026/10/03 19:52:00.242, 2, NVIDIA GeForce RTX 5070 Ti, 121.26, 100, 33, 15206, 2302, 15051, 48, 5, 8
1791024720.197039046,2026/10/03 19:52:00.246, 3, NVIDIA GeForce RTX 5060 Ti, 4.94, 0, 1, 2, 210, 405, 29, 1, 4
1791024721.308569975,2026/10/03 19:52:01.345, 0, NVIDIA GeForce RTX 5070 Ti, 104.33, 100, 46, 15212, 2287, 15051, 47, 5, 8
1791024721.308569975,2026/10/03 19:52:01.350, 1, NVIDIA GeForce RTX 5070 Ti, 9.45, 0, 0, 15203, 195, 405, 38, 1, 4
1791024721.308569975,2026/10/03 19:52:01.355, 2, NVIDIA GeForce RTX 5070 Ti, 121.23, 100, 24, 15206, 2295, 15051, 47, 5, 8
1791024721.308569975,2026/10/03 19:52:01.358, 3, NVIDIA GeForce RTX 5060 Ti, 4.99, 0, 0, 2, 210, 405, 29, 1, 4
1791024722.387791134,2026/10/03 19:52:02.425, 0, NVIDIA GeForce RTX 5070 Ti, 97.50, 100, 33, 15212, 2287, 15051, 47, 5, 8
1791024722.387791134,2026/10/03 19:52:02.429, 1, NVIDIA GeForce RTX 5070 Ti, 9.37, 0, 0, 15203, 195, 405, 38, 1, 4
1791024722.387791134,2026/10/03 19:52:02.433, 2, NVIDIA GeForce RTX 5070 Ti, 117.99, 100, 29, 15206, 2302, 15051, 48, 5, 8
1791024722.387791134,2026/10/03 19:52:02.438, 3, NVIDIA GeForce RTX 5060 Ti, 4.91, 0, 2, 2, 202, 405, 29, 1, 4
1791024723.467013633,2026/10/03 19:52:03.504, 0, NVIDIA GeForce RTX 5070 Ti, 103.25, 100, 42, 15212, 2287, 15051, 48, 5, 8
1791024723.467013633,2026/10/03 19:52:03.508, 1, NVIDIA GeForce RTX 5070 Ti, 9.31, 0, 0, 15203, 195, 405, 38, 1, 4
1791024723.467013633,2026/10/03 19:52:03.513, 2, NVIDIA GeForce RTX 5070 Ti, 120.95, 98, 26, 15206, 2302, 15051, 48, 5, 8
1791024723.467013633,2026/10/03 19:52:03.517, 3, NVIDIA GeForce RTX 5060 Ti, 4.86, 0, 1, 2, 210, 405, 29, 1, 4
1791024724.545422219,2026/10/03 19:52:04.584, 0, NVIDIA GeForce RTX 5070 Ti, 103.20, 100, 48, 15212, 2287, 15051, 48, 5, 8
1791024724.545422219,2026/10/03 19:52:04.587, 1, NVIDIA GeForce RTX 5070 Ti, 9.35, 0, 0, 15203, 195, 405, 38, 1, 4
1791024724.545422219,2026/10/03 19:52:04.592, 2, NVIDIA GeForce RTX 5070 Ti, 125.19, 100, 33, 15206, 2295, 15051, 49, 5, 8
1791024724.545422219,2026/10/03 19:52:04.595, 3, NVIDIA GeForce RTX 5060 Ti, 4.84, 0, 0, 2, 210, 405, 29, 1, 4
1791024725.631905950,2026/10/03 19:52:05.669, 0, NVIDIA GeForce RTX 5070 Ti, 98.89, 100, 30, 15212, 2287, 15051, 47, 5, 8
1791024725.631905950,2026/10/03 19:52:05.673, 1, NVIDIA GeForce RTX 5070 Ti, 9.29, 0, 0, 15203, 195, 405, 38, 1, 4
1791024725.631905950,2026/10/03 19:52:05.677, 2, NVIDIA GeForce RTX 5070 Ti, 117.85, 99, 21, 15206, 2295, 15051, 48, 5, 8
1791024725.631905950,2026/10/03 19:52:05.680, 3, NVIDIA GeForce RTX 5060 Ti, 4.87, 0, 0, 2, 210, 405, 29, 1, 4
1791024726.712079397,2026/10/03 19:52:06.749, 0, NVIDIA GeForce RTX 5070 Ti, 97.81, 100, 39, 15212, 2287, 15051, 47, 5, 8
1791024726.712079397,2026/10/03 19:52:06.753, 1, NVIDIA GeForce RTX 5070 Ti, 9.61, 0, 0, 15203, 195, 405, 38, 1, 4
1791024726.712079397,2026/10/03 19:52:06.757, 2, NVIDIA GeForce RTX 5070 Ti, 114.66, 99, 22, 15206, 2302, 15051, 47, 5, 8
1791024726.712079397,2026/10/03 19:52:06.760, 3, NVIDIA GeForce RTX 5060 Ti, 4.89, 0, 0, 2, 210, 405, 29, 1, 4
1791024727.790755354,2026/10/03 19:52:07.828, 0, NVIDIA GeForce RTX 5070 Ti, 106.09, 100, 37, 15212, 2287, 15051, 47, 5, 8
1791024727.790755354,2026/10/03 19:52:07.832, 1, NVIDIA GeForce RTX 5070 Ti, 9.33, 0, 0, 15203, 195, 405, 37, 1, 4
1791024727.790755354,2026/10/03 19:52:07.836, 2, NVIDIA GeForce RTX 5070 Ti, 126.32, 100, 30, 15206, 2295, 15051, 49, 5, 8
1791024727.790755354,2026/10/03 19:52:07.839, 3, NVIDIA GeForce RTX 5060 Ti, 4.86, 0, 1, 2, 210, 405, 29, 1, 4
1791024728.868774005,2026/10/03 19:52:08.907, 0, NVIDIA GeForce RTX 5070 Ti, 101.72, 100, 38, 15212, 2287, 15051, 48, 5, 8
1791024728.868774005,2026/10/03 19:52:08.910, 1, NVIDIA GeForce RTX 5070 Ti, 10.13, 0, 0, 15203, 195, 405, 37, 1, 4
1791024728.868774005,2026/10/03 19:52:08.915, 2, NVIDIA GeForce RTX 5070 Ti, 121.48, 100, 27, 15206, 2302, 15051, 49, 5, 8
1791024728.868774005,2026/10/03 19:52:08.918, 3, NVIDIA GeForce RTX 5060 Ti, 4.96, 0, 0, 2, 210, 405, 29, 1, 4
1791024729.946135268,2026/10/03 19:52:09.984, 0, NVIDIA GeForce RTX 5070 Ti, 97.17, 100, 34, 15212, 2287, 15051, 47, 5, 8
1791024729.946135268,2026/10/03 19:52:09.988, 1, NVIDIA GeForce RTX 5070 Ti, 10.03, 0, 0, 15203, 195, 405, 37, 1, 4
1791024729.946135268,2026/10/03 19:52:09.992, 2, NVIDIA GeForce RTX 5070 Ti, 114.39, 100, 25, 15206, 2302, 15051, 49, 5, 8
1791024729.946135268,2026/10/03 19:52:09.995, 3, NVIDIA GeForce RTX 5060 Ti, 4.95, 0, 0, 2, 210, 405, 29, 1, 4
1791024731.026378309,2026/10/03 19:52:11.063, 0, NVIDIA GeForce RTX 5070 Ti, 98.74, 100, 43, 15212, 2287, 15051, 47, 5, 8
1791024731.026378309,2026/10/03 19:52:11.068, 1, NVIDIA GeForce RTX 5070 Ti, 9.21, 0, 0, 15203, 195, 405, 37, 1, 4
1791024731.026378309,2026/10/03 19:52:11.072, 2, NVIDIA GeForce RTX 5070 Ti, 119.97, 100, 31, 15206, 2302, 15051, 48, 5, 8
1791024731.026378309,2026/10/03 19:52:11.075, 3, NVIDIA GeForce RTX 5060 Ti, 4.93, 0, 0, 2, 210, 405, 29, 1, 4
1791024732.104106807,2026/10/03 19:52:12.141, 0, NVIDIA GeForce RTX 5070 Ti, 103.84, 99, 32, 15212, 2287, 15051, 47, 5, 8
1791024732.104106807,2026/10/03 19:52:12.144, 1, NVIDIA GeForce RTX 5070 Ti, 9.20, 0, 0, 15203, 195, 405, 37, 1, 4
1791024732.104106807,2026/10/03 19:52:12.149, 2, NVIDIA GeForce RTX 5070 Ti, 123.57, 99, 28, 15206, 2295, 15051, 49, 5, 8
1791024732.104106807,2026/10/03 19:52:12.152, 3, NVIDIA GeForce RTX 5060 Ti, 4.84, 0, 0, 2, 210, 405, 29, 1, 4
1791024733.181790404,2026/10/03 19:52:13.219, 0, NVIDIA GeForce RTX 5070 Ti, 107.32, 98, 42, 15212, 2287, 15051, 48, 5, 8
1791024733.181790404,2026/10/03 19:52:13.223, 1, NVIDIA GeForce RTX 5070 Ti, 9.26, 0, 0, 15203, 195, 405, 37, 1, 4
1791024733.181790404,2026/10/03 19:52:13.227, 2, NVIDIA GeForce RTX 5070 Ti, 120.25, 99, 32, 15206, 2295, 15051, 49, 5, 8
1791024733.181790404,2026/10/03 19:52:13.231, 3, NVIDIA GeForce RTX 5060 Ti, 4.85, 0, 0, 2, 210, 405, 29, 1, 4
1791024734.260619047,2026/10/03 19:52:14.298, 0, NVIDIA GeForce RTX 5070 Ti, 99.07, 100, 26, 15212, 2295, 15051, 47, 5, 8
1791024734.260619047,2026/10/03 19:52:14.302, 1, NVIDIA GeForce RTX 5070 Ti, 9.30, 0, 0, 15203, 195, 405, 37, 1, 4
1791024734.260619047,2026/10/03 19:52:14.306, 2, NVIDIA GeForce RTX 5070 Ti, 114.47, 0, 0, 15206, 2302, 15051, 47, 5, 8
1791024734.260619047,2026/10/03 19:52:14.310, 3, NVIDIA GeForce RTX 5060 Ti, 4.76, 0, 0, 2, 210, 405, 29, 1, 4
1791024735.339836456,2026/10/03 19:52:15.378, 0, NVIDIA GeForce RTX 5070 Ti, 101.37, 100, 39, 15212, 2287, 15051, 49, 5, 8
1791024735.339836456,2026/10/03 19:52:15.383, 1, NVIDIA GeForce RTX 5070 Ti, 9.16, 0, 0, 15203, 195, 405, 37, 1, 4
1791024735.339836456,2026/10/03 19:52:15.388, 2, NVIDIA GeForce RTX 5070 Ti, 121.89, 100, 23, 15206, 2295, 15051, 49, 5, 8
1791024735.339836456,2026/10/03 19:52:15.391, 3, NVIDIA GeForce RTX 5060 Ti, 4.75, 0, 0, 2, 210, 405, 29, 1, 4
1791024736.421285614,2026/10/03 19:52:16.458, 0, NVIDIA GeForce RTX 5070 Ti, 98.78, 100, 37, 15212, 2287, 15051, 48, 5, 8
1791024736.421285614,2026/10/03 19:52:16.462, 1, NVIDIA GeForce RTX 5070 Ti, 9.30, 0, 0, 15203, 195, 405, 37, 1, 4
1791024736.421285614,2026/10/03 19:52:16.466, 2, NVIDIA GeForce RTX 5070 Ti, 122.58, 100, 28, 15206, 2295, 15051, 50, 5, 8
1791024736.421285614,2026/10/03 19:52:16.469, 3, NVIDIA GeForce RTX 5060 Ti, 4.94, 0, 1, 2, 210, 405, 29, 1, 4
1791024737.499192270,2026/10/03 19:52:17.536, 0, NVIDIA GeForce RTX 5070 Ti, 103.76, 98, 41, 15212, 2287, 15051, 48, 5, 8
1791024737.499192270,2026/10/03 19:52:17.540, 1, NVIDIA GeForce RTX 5070 Ti, 9.73, 0, 0, 15203, 195, 405, 37, 1, 4
1791024737.499192270,2026/10/03 19:52:17.545, 2, NVIDIA GeForce RTX 5070 Ti, 118.32, 100, 28, 15206, 2302, 15051, 50, 5, 8
1791024737.499192270,2026/10/03 19:52:17.549, 3, NVIDIA GeForce RTX 5060 Ti, 5.04, 0, 2, 2, 210, 405, 29, 1, 4
1791024738.579646109,2026/10/03 19:52:18.618, 0, NVIDIA GeForce RTX 5070 Ti, 101.60, 98, 45, 15212, 2287, 15051, 48, 5, 8
1791024738.579646109,2026/10/03 19:52:18.621, 1, NVIDIA GeForce RTX 5070 Ti, 9.51, 0, 0, 15203, 195, 405, 37, 1, 4
1791024738.579646109,2026/10/03 19:52:18.626, 2, NVIDIA GeForce RTX 5070 Ti, 121.87, 100, 27, 15206, 2295, 15051, 50, 5, 8
1791024738.579646109,2026/10/03 19:52:18.629, 3, NVIDIA GeForce RTX 5060 Ti, 4.97, 0, 0, 2, 210, 405, 29, 1, 4
1791024739.661048166,2026/10/03 19:52:19.698, 0, NVIDIA GeForce RTX 5070 Ti, 104.00, 99, 29, 15212, 2287, 15051, 48, 5, 8
1791024739.661048166,2026/10/03 19:52:19.702, 1, NVIDIA GeForce RTX 5070 Ti, 10.18, 0, 0, 15203, 195, 405, 37, 1, 4
1791024739.661048166,2026/10/03 19:52:19.706, 2, NVIDIA GeForce RTX 5070 Ti, 122.19, 100, 24, 15206, 2302, 15051, 49, 5, 8
1791024739.661048166,2026/10/03 19:52:19.709, 3, NVIDIA GeForce RTX 5060 Ti, 4.90, 0, 0, 2, 210, 405, 29, 1, 4
1791024740.739308796,2026/10/03 19:52:20.775, 0, NVIDIA GeForce RTX 5070 Ti, 99.11, 100, 27, 15212, 2287, 15051, 48, 5, 8
1791024740.739308796,2026/10/03 19:52:20.780, 1, NVIDIA GeForce RTX 5070 Ti, 9.86, 0, 0, 15203, 195, 405, 37, 1, 4
1791024740.739308796,2026/10/03 19:52:20.784, 2, NVIDIA GeForce RTX 5070 Ti, 127.61, 99, 24, 15206, 2295, 15051, 49, 5, 8
1791024740.739308796,2026/10/03 19:52:20.787, 3, NVIDIA GeForce RTX 5060 Ti, 4.92, 0, 0, 2, 210, 405, 29, 1, 4
1791024741.817328026,2026/10/03 19:52:21.855, 0, NVIDIA GeForce RTX 5070 Ti, 103.63, 98, 36, 15212, 2287, 15051, 48, 5, 8
1791024741.817328026,2026/10/03 19:52:21.860, 1, NVIDIA GeForce RTX 5070 Ti, 9.41, 0, 0, 15203, 195, 405, 37, 1, 4
1791024741.817328026,2026/10/03 19:52:21.864, 2, NVIDIA GeForce RTX 5070 Ti, 106.68, 100, 24, 15206, 2302, 15051, 48, 5, 8
1791024741.817328026,2026/10/03 19:52:21.867, 3, NVIDIA GeForce RTX 5060 Ti, 4.91, 0, 0, 2, 210, 405, 29, 1, 4
1791024742.899691171,2026/10/03 19:52:22.938, 0, NVIDIA GeForce RTX 5070 Ti, 98.74, 100, 47, 15212, 2287, 15051, 49, 5, 8
1791024742.899691171,2026/10/03 19:52:22.942, 1, NVIDIA GeForce RTX 5070 Ti, 9.33, 0, 0, 15203, 195, 405, 37, 1, 4
1791024742.899691171,2026/10/03 19:52:22.946, 2, NVIDIA GeForce RTX 5070 Ti, 121.33, 100, 24, 15206, 2295, 15051, 50, 5, 8
1791024742.899691171,2026/10/03 19:52:22.950, 3, NVIDIA GeForce RTX 5060 Ti, 4.84, 0, 0, 2, 210, 405, 29, 1, 4
1791024743.979215243,2026/10/03 19:52:24.016, 0, NVIDIA GeForce RTX 5070 Ti, 99.12, 100, 31, 15212, 2287, 15051, 48, 5, 8
1791024743.979215243,2026/10/03 19:52:24.020, 1, NVIDIA GeForce RTX 5070 Ti, 9.31, 0, 0, 15203, 195, 405, 37, 1, 4
1791024743.979215243,2026/10/03 19:52:24.024, 2, NVIDIA GeForce RTX 5070 Ti, 121.16, 100, 26, 15206, 2302, 15051, 49, 5, 8
1791024743.979215243,2026/10/03 19:52:24.027, 3, NVIDIA GeForce RTX 5060 Ti, 4.76, 0, 1, 2, 210, 405, 29, 1, 4
1791024745.056667540,2026/10/03 19:52:25.093, 0, NVIDIA GeForce RTX 5070 Ti, 100.38, 100, 35, 15212, 2287, 15051, 48, 5, 8
1791024745.056667540,2026/10/03 19:52:25.097, 1, NVIDIA GeForce RTX 5070 Ti, 9.38, 0, 0, 15203, 195, 405, 37, 1, 4
1791024745.056667540,2026/10/03 19:52:25.101, 2, NVIDIA GeForce RTX 5070 Ti, 120.61, 100, 25, 15206, 2302, 15051, 50, 5, 8
1791024745.056667540,2026/10/03 19:52:25.105, 3, NVIDIA GeForce RTX 5060 Ti, 4.88, 0, 0, 2, 210, 405, 29, 1, 4
1791024746.138994504,2026/10/03 19:52:26.176, 0, NVIDIA GeForce RTX 5070 Ti, 101.00, 100, 38, 15212, 2287, 15051, 49, 5, 8
1791024746.138994504,2026/10/03 19:52:26.180, 1, NVIDIA GeForce RTX 5070 Ti, 9.49, 0, 0, 15203, 187, 405, 37, 1, 4
1791024746.138994504,2026/10/03 19:52:26.184, 2, NVIDIA GeForce RTX 5070 Ti, 118.86, 99, 30, 15206, 2302, 15051, 50, 5, 8
1791024746.138994504,2026/10/03 19:52:26.187, 3, NVIDIA GeForce RTX 5060 Ti, 4.91, 0, 1, 2, 210, 405, 29, 1, 4
1791024747.219169761,2026/10/03 19:52:27.257, 0, NVIDIA GeForce RTX 5070 Ti, 103.09, 100, 47, 15212, 2287, 15051, 49, 5, 8
1791024747.219169761,2026/10/03 19:52:27.261, 1, NVIDIA GeForce RTX 5070 Ti, 9.54, 0, 0, 15203, 195, 405, 37, 1, 4
1791024747.219169761,2026/10/03 19:52:27.265, 2, NVIDIA GeForce RTX 5070 Ti, 120.67, 98, 25, 15206, 2295, 15051, 50, 5, 8
1791024747.219169761,2026/10/03 19:52:27.269, 3, NVIDIA GeForce RTX 5060 Ti, 4.92, 0, 0, 2, 210, 405, 29, 1, 4
1791024748.299024456,2026/10/03 19:52:28.336, 0, NVIDIA GeForce RTX 5070 Ti, 105.52, 99, 37, 15212, 2287, 15051, 49, 5, 8
1791024748.299024456,2026/10/03 19:52:28.339, 1, NVIDIA GeForce RTX 5070 Ti, 9.44, 0, 0, 15203, 195, 405, 37, 1, 4
1791024748.299024456,2026/10/03 19:52:28.344, 2, NVIDIA GeForce RTX 5070 Ti, 123.41, 100, 32, 15206, 2295, 15051, 49, 5, 8
1791024748.299024456,2026/10/03 19:52:28.347, 3, NVIDIA GeForce RTX 5060 Ti, 4.90, 0, 0, 2, 210, 405, 29, 1, 4
1791024749.375358068,2026/10/03 19:52:29.412, 0, NVIDIA GeForce RTX 5070 Ti, 99.86, 100, 44, 15212, 2287, 15051, 49, 5, 8
1791024749.375358068,2026/10/03 19:52:29.415, 1, NVIDIA GeForce RTX 5070 Ti, 9.37, 0, 0, 15203, 195, 405, 37, 1, 4
1791024749.375358068,2026/10/03 19:52:29.419, 2, NVIDIA GeForce RTX 5070 Ti, 121.11, 98, 35, 15206, 2302, 15051, 50, 5, 8
1791024749.375358068,2026/10/03 19:52:29.423, 3, NVIDIA GeForce RTX 5060 Ti, 4.84, 0, 0, 2, 210, 405, 29, 1, 4
1791024750.451912790,2026/10/03 19:52:30.492, 0, NVIDIA GeForce RTX 5070 Ti, 90.17, 100, 39, 15212, 2287, 15051, 48, 5, 8
1791024750.451912790,2026/10/03 19:52:30.497, 1, NVIDIA GeForce RTX 5070 Ti, 36.75, 100, 33, 15203, 2295, 15051, 41, 5, 4
1791024750.451912790,2026/10/03 19:52:30.502, 2, NVIDIA GeForce RTX 5070 Ti, 112.10, 100, 25, 15206, 2302, 15051, 49, 5, 8
1791024750.451912790,2026/10/03 19:52:30.505, 3, NVIDIA GeForce RTX 5060 Ti, 4.87, 0, 0, 2, 210, 405, 29, 1, 4
1791024751.540142451,2026/10/03 19:52:31.583, 0, NVIDIA GeForce RTX 5070 Ti, 100.41, 100, 32, 15212, 2287, 15051, 49, 5, 8
1791024751.540142451,2026/10/03 19:52:31.589, 1, NVIDIA GeForce RTX 5070 Ti, 95.50, 100, 25, 15203, 2295, 15051, 41, 5, 4
1791024751.540142451,2026/10/03 19:52:31.592, 2, NVIDIA GeForce RTX 5070 Ti, 121.27, 100, 28, 15206, 2302, 15051, 49, 5, 8
1791024751.540142451,2026/10/03 19:52:31.595, 3, NVIDIA GeForce RTX 5060 Ti, 5.14, 0, 0, 2, 210, 405, 29, 1, 4
1791024752.627703936,2026/10/03 19:52:32.672, 0, NVIDIA GeForce RTX 5070 Ti, 97.78, 100, 35, 15212, 2287, 15051, 48, 5, 8
1791024752.627703936,2026/10/03 19:52:32.678, 1, NVIDIA GeForce RTX 5070 Ti, 94.64, 100, 26, 15203, 2295, 15051, 42, 5, 4
1791024752.627703936,2026/10/03 19:52:32.682, 2, NVIDIA GeForce RTX 5070 Ti, 118.48, 100, 30, 15206, 2295, 15051, 50, 5, 8
1791024752.627703936,2026/10/03 19:52:32.687, 3, NVIDIA GeForce RTX 5060 Ti, 5.51, 0, 0, 2, 210, 405, 29, 1, 4
1791024753.719838295,2026/10/03 19:52:33.761, 0, NVIDIA GeForce RTX 5070 Ti, 98.82, 100, 34, 15212, 2287, 15051, 49, 5, 8
1791024753.719838295,2026/10/03 19:52:33.766, 1, NVIDIA GeForce RTX 5070 Ti, 95.47, 100, 31, 15203, 2295, 15051, 42, 5, 4
1791024753.719838295,2026/10/03 19:52:33.770, 2, NVIDIA GeForce RTX 5070 Ti, 113.35, 100, 29, 15206, 2295, 15051, 49, 5, 8
1791024753.719838295,2026/10/03 19:52:33.773, 3, NVIDIA GeForce RTX 5060 Ti, 5.45, 0, 0, 2, 210, 405, 29, 1, 4
1791024754.810960593,2026/10/03 19:52:34.852, 0, NVIDIA GeForce RTX 5070 Ti, 99.28, 100, 39, 15212, 2287, 15051, 49, 5, 8
1791024754.810960593,2026/10/03 19:52:34.858, 1, NVIDIA GeForce RTX 5070 Ti, 95.17, 100, 25, 15203, 2295, 15051, 42, 5, 4
1791024754.810960593,2026/10/03 19:52:34.862, 2, NVIDIA GeForce RTX 5070 Ti, 117.45, 100, 29, 15206, 2295, 15051, 50, 5, 8
1791024754.810960593,2026/10/03 19:52:34.865, 3, NVIDIA GeForce RTX 5060 Ti, 5.40, 0, 2, 2, 210, 405, 29, 1, 4
1791024755.897184944,2026/10/03 19:52:35.937, 0, NVIDIA GeForce RTX 5070 Ti, 103.12, 100, 48, 15212, 2287, 15051, 49, 5, 8
1791024755.897184944,2026/10/03 19:52:35.942, 1, NVIDIA GeForce RTX 5070 Ti, 98.42, 100, 27, 15203, 2287, 15051, 43, 5, 4
1791024755.897184944,2026/10/03 19:52:35.945, 2, NVIDIA GeForce RTX 5070 Ti, 125.62, 97, 30, 15206, 2302, 15051, 50, 5, 8
1791024755.897184944,2026/10/03 19:52:35.949, 3, NVIDIA GeForce RTX 5060 Ti, 5.36, 0, 0, 2, 210, 405, 29, 1, 4
1791024756.984387464,2026/10/03 19:52:37.024, 0, NVIDIA GeForce RTX 5070 Ti, 98.29, 98, 38, 15212, 2287, 15051, 49, 5, 8
1791024756.984387464,2026/10/03 19:52:37.029, 1, NVIDIA GeForce RTX 5070 Ti, 100.31, 99, 25, 15203, 2295, 15051, 43, 5, 4
1791024756.984387464,2026/10/03 19:52:37.033, 2, NVIDIA GeForce RTX 5070 Ti, 124.10, 99, 24, 15206, 2295, 15051, 50, 5, 8
1791024756.984387464,2026/10/03 19:52:37.037, 3, NVIDIA GeForce RTX 5060 Ti, 5.19, 0, 0, 2, 210, 405, 29, 1, 4
1791024758.069489669,2026/10/03 19:52:38.104, 0, NVIDIA GeForce RTX 5070 Ti, 101.63, 99, 38, 15212, 2287, 15051, 49, 5, 8
1791024758.069489669,2026/10/03 19:52:38.107, 1, NVIDIA GeForce RTX 5070 Ti, 95.00, 100, 30, 15203, 2287, 15051, 44, 5, 4
1791024758.069489669,2026/10/03 19:52:38.110, 2, NVIDIA GeForce RTX 5070 Ti, 110.08, 0, 0, 15206, 2295, 15051, 47, 5, 8
1791024758.069489669,2026/10/03 19:52:38.112, 3, NVIDIA GeForce RTX 5060 Ti, 5.26, 0, 0, 2, 210, 405, 29, 1, 4
1791024759.142951796,2026/10/03 19:52:39.186, 0, NVIDIA GeForce RTX 5070 Ti, 77.83, 100, 44, 15212, 2287, 15051, 49, 5, 8
1791024759.142951796,2026/10/03 19:52:39.192, 1, NVIDIA GeForce RTX 5070 Ti, 89.57, 100, 29, 15203, 2295, 15051, 44, 5, 4
1791024759.142951796,2026/10/03 19:52:39.196, 2, NVIDIA GeForce RTX 5070 Ti, 69.00, 100, 22, 15206, 2302, 15051, 49, 5, 8
1791024759.142951796,2026/10/03 19:52:39.200, 3, NVIDIA GeForce RTX 5060 Ti, 4.88, 0, 0, 2, 210, 405, 29, 1, 4
1791024760.236778933,2026/10/03 19:52:40.279, 0, NVIDIA GeForce RTX 5070 Ti, 102.17, 98, 39, 15212, 2287, 15051, 49, 5, 8
1791024760.236778933,2026/10/03 19:52:40.284, 1, NVIDIA GeForce RTX 5070 Ti, 97.39, 99, 36, 15203, 2287, 15051, 43, 5, 4
1791024760.236778933,2026/10/03 19:52:40.288, 2, NVIDIA GeForce RTX 5070 Ti, 121.19, 100, 28, 15206, 2295, 15051, 51, 5, 8
1791024760.236778933,2026/10/03 19:52:40.292, 3, NVIDIA GeForce RTX 5060 Ti, 5.10, 0, 0, 2, 210, 405, 29, 1, 4
1791024761.326603699,2026/10/03 19:52:41.367, 0, NVIDIA GeForce RTX 5070 Ti, 95.33, 100, 32, 15212, 2287, 15051, 49, 5, 8
1791024761.326603699,2026/10/03 19:52:41.371, 1, NVIDIA GeForce RTX 5070 Ti, 97.15, 100, 32, 15203, 2287, 15051, 44, 5, 4
1791024761.326603699,2026/10/03 19:52:41.374, 2, NVIDIA GeForce RTX 5070 Ti, 116.56, 100, 24, 15206, 2302, 15051, 49, 5, 8
1791024761.326603699,2026/10/03 19:52:41.379, 3, NVIDIA GeForce RTX 5060 Ti, 5.41, 0, 0, 2, 210, 405, 29, 1, 4
1791024762.418143724,2026/10/03 19:52:42.460, 0, NVIDIA GeForce RTX 5070 Ti, 91.43, 99, 27, 15212, 2287, 15051, 48, 5, 8
1791024762.418143724,2026/10/03 19:52:42.464, 1, NVIDIA GeForce RTX 5070 Ti, 91.41, 99, 26, 15203, 2295, 15051, 44, 5, 4
1791024762.418143724,2026/10/03 19:52:42.468, 2, NVIDIA GeForce RTX 5070 Ti, 115.50, 100, 27, 15206, 2302, 15051, 49, 5, 8
1791024762.418143724,2026/10/03 19:52:42.471, 3, NVIDIA GeForce RTX 5060 Ti, 5.39, 0, 0, 2, 210, 405, 29, 1, 4
1791024763.503721768,2026/10/03 19:52:43.543, 0, NVIDIA GeForce RTX 5070 Ti, 93.96, 99, 31, 15212, 2287, 15051, 49, 5, 8
1791024763.503721768,2026/10/03 19:52:43.547, 1, NVIDIA GeForce RTX 5070 Ti, 94.53, 99, 29, 15203, 2287, 15051, 44, 5, 4
1791024763.503721768,2026/10/03 19:52:43.553, 2, NVIDIA GeForce RTX 5070 Ti, 118.62, 100, 25, 15206, 2295, 15051, 50, 5, 8
1791024763.503721768,2026/10/03 19:52:43.556, 3, NVIDIA GeForce RTX 5060 Ti, 5.34, 0, 1, 2, 210, 405, 29, 1, 4
1791024764.597525924,2026/10/03 19:52:44.642, 0, NVIDIA GeForce RTX 5070 Ti, 100.12, 98, 43, 15212, 2287, 15051, 50, 5, 8
1791024764.597525924,2026/10/03 19:52:44.647, 1, NVIDIA GeForce RTX 5070 Ti, 99.57, 100, 21, 15203, 2287, 15051, 44, 5, 4
1791024764.597525924,2026/10/03 19:52:44.652, 2, NVIDIA GeForce RTX 5070 Ti, 117.25, 100, 27, 15206, 2295, 15051, 50, 5, 8
1791024764.597525924,2026/10/03 19:52:44.655, 3, NVIDIA GeForce RTX 5060 Ti, 5.39, 0, 0, 2, 210, 405, 29, 1, 4
1791024765.687527377,2026/10/03 19:52:45.730, 0, NVIDIA GeForce RTX 5070 Ti, 98.19, 99, 43, 15212, 2287, 15051, 49, 5, 8
1791024765.687527377,2026/10/03 19:52:45.735, 1, NVIDIA GeForce RTX 5070 Ti, 99.32, 99, 31, 15203, 2287, 15051, 44, 5, 4
1791024765.687527377,2026/10/03 19:52:45.739, 2, NVIDIA GeForce RTX 5070 Ti, 115.35, 100, 26, 15206, 2302, 15051, 50, 5, 8
1791024765.687527377,2026/10/03 19:52:45.743, 3, NVIDIA GeForce RTX 5060 Ti, 5.31, 0, 0, 2, 210, 405, 29, 1, 4
1791024766.779014189,2026/10/03 19:52:46.813, 0, NVIDIA GeForce RTX 5070 Ti, 101.09, 89, 43, 15212, 2287, 15051, 50, 5, 8
1791024766.779014189,2026/10/03 19:52:46.816, 1, NVIDIA GeForce RTX 5070 Ti, 97.45, 98, 26, 15203, 2287, 15051, 44, 5, 4
1791024766.779014189,2026/10/03 19:52:46.819, 2, NVIDIA GeForce RTX 5070 Ti, 85.79, 0, 0, 15206, 2302, 15051, 45, 5, 8
1791024766.779014189,2026/10/03 19:52:46.821, 3, NVIDIA GeForce RTX 5060 Ti, 5.30, 0, 1, 2, 210, 405, 29, 1, 4
1791024767.849683314,2026/10/03 19:52:47.889, 0, NVIDIA GeForce RTX 5070 Ti, 47.88, 100, 27, 15212, 2295, 15051, 48, 5, 8
1791024767.849683314,2026/10/03 19:52:47.894, 1, NVIDIA GeForce RTX 5070 Ti, 87.37, 100, 26, 15203, 2295, 15051, 44, 5, 4
1791024767.849683314,2026/10/03 19:52:47.897, 2, NVIDIA GeForce RTX 5070 Ti, 76.50, 100, 24, 15206, 2302, 15051, 49, 5, 8
1791024767.849683314,2026/10/03 19:52:47.901, 3, NVIDIA GeForce RTX 5060 Ti, 5.05, 0, 0, 2, 210, 405, 29, 1, 4
1791024768.932047279,2026/10/03 19:52:48.974, 0, NVIDIA GeForce RTX 5070 Ti, 98.44, 100, 49, 15212, 2287, 15051, 50, 5, 8
1791024768.932047279,2026/10/03 19:52:48.979, 1, NVIDIA GeForce RTX 5070 Ti, 97.36, 100, 32, 15203, 2287, 15051, 45, 5, 4
1791024768.932047279,2026/10/03 19:52:48.983, 2, NVIDIA GeForce RTX 5070 Ti, 120.41, 100, 21, 15206, 2295, 15051, 49, 5, 8
1791024768.932047279,2026/10/03 19:52:48.986, 3, NVIDIA GeForce RTX 5060 Ti, 4.85, 0, 0, 2, 210, 405, 29, 1, 4
1791024770.019517990,2026/10/03 19:52:50.060, 0, NVIDIA GeForce RTX 5070 Ti, 101.45, 100, 40, 15212, 2287, 15051, 49, 5, 8
1791024770.019517990,2026/10/03 19:52:50.064, 1, NVIDIA GeForce RTX 5070 Ti, 98.11, 100, 34, 15203, 2287, 15051, 45, 5, 4
1791024770.019517990,2026/10/03 19:52:50.069, 2, NVIDIA GeForce RTX 5070 Ti, 118.89, 100, 24, 15206, 2295, 15051, 50, 5, 8
1791024770.019517990,2026/10/03 19:52:50.072, 3, NVIDIA GeForce RTX 5060 Ti, 5.32, 0, 0, 2, 210, 405, 29, 1, 4
1791024771.105701229,2026/10/03 19:52:51.149, 0, NVIDIA GeForce RTX 5070 Ti, 94.85, 100, 40, 15212, 2287, 15051, 49, 5, 8
1791024771.105701229,2026/10/03 19:52:51.154, 1, NVIDIA GeForce RTX 5070 Ti, 91.89, 100, 29, 15203, 2295, 15051, 46, 5, 4
1791024771.105701229,2026/10/03 19:52:51.157, 2, NVIDIA GeForce RTX 5070 Ti, 112.10, 100, 22, 15206, 2302, 15051, 49, 5, 8
1791024771.105701229,2026/10/03 19:52:51.160, 3, NVIDIA GeForce RTX 5060 Ti, 5.37, 0, 0, 2, 210, 405, 29, 1, 4
1791024772.199545767,2026/10/03 19:52:52.242, 0, NVIDIA GeForce RTX 5070 Ti, 96.66, 100, 32, 15212, 2287, 15051, 49, 5, 8
1791024772.199545767,2026/10/03 19:52:52.247, 1, NVIDIA GeForce RTX 5070 Ti, 94.77, 98, 27, 15203, 2287, 15051, 45, 5, 4
1791024772.199545767,2026/10/03 19:52:52.251, 2, NVIDIA GeForce RTX 5070 Ti, 117.51, 98, 30, 15206, 2295, 15051, 50, 5, 8
1791024772.199545767,2026/10/03 19:52:52.254, 3, NVIDIA GeForce RTX 5060 Ti, 5.34, 0, 0, 2, 210, 405, 29, 1, 4
1791024773.283730315,2026/10/03 19:52:53.323, 0, NVIDIA GeForce RTX 5070 Ti, 103.49, 100, 42, 15212, 2287, 15051, 50, 5, 8
1791024773.283730315,2026/10/03 19:52:53.329, 1, NVIDIA GeForce RTX 5070 Ti, 98.91, 99, 33, 15203, 2287, 15051, 45, 5, 4
1791024773.283730315,2026/10/03 19:52:53.333, 2, NVIDIA GeForce RTX 5070 Ti, 117.21, 99, 28, 15206, 2302, 15051, 49, 5, 8
1791024773.283730315,2026/10/03 19:52:53.337, 3, NVIDIA GeForce RTX 5060 Ti, 5.34, 0, 1, 2, 210, 405, 29, 1, 4
1791024774.375023470,2026/10/03 19:52:54.416, 0, NVIDIA GeForce RTX 5070 Ti, 107.66, 98, 46, 15212, 2287, 15051, 50, 5, 8
1791024774.375023470,2026/10/03 19:52:54.421, 1, NVIDIA GeForce RTX 5070 Ti, 103.11, 99, 21, 15203, 2287, 15051, 45, 5, 4
1791024774.375023470,2026/10/03 19:52:54.425, 2, NVIDIA GeForce RTX 5070 Ti, 122.51, 99, 25, 15206, 2295, 15051, 50, 5, 8
1791024774.375023470,2026/10/03 19:52:54.429, 3, NVIDIA GeForce RTX 5060 Ti, 5.31, 0, 1, 2, 210, 405, 29, 1, 4
1791024775.461771322,2026/10/03 19:52:55.498, 0, NVIDIA GeForce RTX 5070 Ti, 102.44, 99, 39, 15212, 2287, 15051, 49, 5, 8
1791024775.461771322,2026/10/03 19:52:55.501, 1, NVIDIA GeForce RTX 5070 Ti, 91.16, 98, 30, 15203, 2287, 15051, 45, 5, 4
1791024775.461771322,2026/10/03 19:52:55.504, 2, NVIDIA GeForce RTX 5070 Ti, 119.78, 98, 27, 15206, 2295, 15051, 50, 5, 8
1791024775.461771322,2026/10/03 19:52:55.507, 3, NVIDIA GeForce RTX 5060 Ti, 5.35, 0, 1, 2, 210, 405, 29, 1, 4
1791024776.535065222,2026/10/03 19:52:56.575, 0, NVIDIA GeForce RTX 5070 Ti, 55.67, 45, 5, 15212, 2302, 15051, 47, 5, 8
1791024776.535065222,2026/10/03 19:52:56.579, 1, NVIDIA GeForce RTX 5070 Ti, 98.91, 99, 12, 15203, 2287, 15051, 44, 5, 4
1791024776.535065222,2026/10/03 19:52:56.583, 2, NVIDIA GeForce RTX 5070 Ti, 75.55, 100, 18, 15206, 2302, 15051, 47, 5, 8
1791024776.535065222,2026/10/03 19:52:56.587, 3, NVIDIA GeForce RTX 5060 Ti, 5.09, 0, 2, 2, 210, 405, 29, 1, 4
1791024777.620937569,2026/10/03 19:52:57.667, 0, NVIDIA GeForce RTX 5070 Ti, 102.18, 100, 42, 15212, 2287, 15051, 49, 5, 8
1791024777.620937569,2026/10/03 19:52:57.674, 1, NVIDIA GeForce RTX 5070 Ti, 94.05, 100, 20, 15203, 2287, 15051, 45, 5, 4
1791024777.620937569,2026/10/03 19:52:57.678, 2, NVIDIA GeForce RTX 5070 Ti, 115.11, 100, 25, 15206, 2295, 15051, 49, 5, 8
1791024777.620937569,2026/10/03 19:52:57.681, 3, NVIDIA GeForce RTX 5060 Ti, 4.93, 0, 0, 2, 210, 405, 29, 1, 4
1791024778.718523797,2026/10/03 19:52:58.760, 0, NVIDIA GeForce RTX 5070 Ti, 99.28, 100, 34, 15212, 2287, 15051, 50, 5, 8
1791024778.718523797,2026/10/03 19:52:58.766, 1, NVIDIA GeForce RTX 5070 Ti, 94.36, 100, 30, 15203, 2287, 15051, 46, 5, 4
1791024778.718523797,2026/10/03 19:52:58.770, 2, NVIDIA GeForce RTX 5070 Ti, 118.75, 100, 28, 15206, 2302, 15051, 49, 5, 8
1791024778.718523797,2026/10/03 19:52:58.774, 3, NVIDIA GeForce RTX 5060 Ti, 5.45, 0, 0, 2, 210, 405, 29, 1, 4
1791024779.809831932,2026/10/03 19:52:59.851, 0, NVIDIA GeForce RTX 5070 Ti, 98.88, 100, 44, 15212, 2287, 15051, 50, 5, 8
1791024779.809831932,2026/10/03 19:52:59.856, 1, NVIDIA GeForce RTX 5070 Ti, 93.51, 100, 27, 15203, 2287, 15051, 45, 5, 4
1791024779.809831932,2026/10/03 19:52:59.860, 2, NVIDIA GeForce RTX 5070 Ti, 115.26, 100, 25, 15206, 2295, 15051, 50, 5, 8
1791024779.809831932,2026/10/03 19:52:59.864, 3, NVIDIA GeForce RTX 5060 Ti, 5.56, 0, 1, 2, 210, 405, 29, 1, 4
1791024780.898793723,2026/10/03 19:53:00.943, 0, NVIDIA GeForce RTX 5070 Ti, 96.80, 100, 33, 15212, 2287, 15051, 50, 5, 8
1791024780.898793723,2026/10/03 19:53:00.948, 1, NVIDIA GeForce RTX 5070 Ti, 93.80, 100, 22, 15203, 2287, 15051, 45, 5, 4
1791024780.898793723,2026/10/03 19:53:00.953, 2, NVIDIA GeForce RTX 5070 Ti, 117.83, 100, 33, 15206, 2295, 15051, 50, 5, 8
1791024780.898793723,2026/10/03 19:53:00.957, 3, NVIDIA GeForce RTX 5060 Ti, 5.54, 0, 0, 2, 210, 405, 29, 1, 4
1791024781.995767087,2026/10/03 19:53:02.038, 0, NVIDIA GeForce RTX 5070 Ti, 99.52, 100, 36, 15212, 2287, 15051, 49, 5, 8
1791024781.995767087,2026/10/03 19:53:02.043, 1, NVIDIA GeForce RTX 5070 Ti, 101.58, 100, 32, 15203, 2287, 15051, 46, 5, 4
1791024781.995767087,2026/10/03 19:53:02.047, 2, NVIDIA GeForce RTX 5070 Ti, 122.72, 99, 24, 15206, 2295, 15051, 50, 5, 8
1791024781.995767087,2026/10/03 19:53:02.051, 3, NVIDIA GeForce RTX 5060 Ti, 5.32, 0, 1, 2, 210, 405, 29, 1, 4
1791024783.081531879,2026/10/03 19:53:03.122, 0, NVIDIA GeForce RTX 5070 Ti, 101.36, 100, 39, 15212, 2287, 15051, 49, 5, 8
1791024783.081531879,2026/10/03 19:53:03.128, 1, NVIDIA GeForce RTX 5070 Ti, 98.07, 100, 34, 15203, 2287, 15051, 47, 5, 4
1791024783.081531879,2026/10/03 19:53:03.131, 2, NVIDIA GeForce RTX 5070 Ti, 124.64, 99, 31, 15206, 2295, 15051, 51, 5, 8
1791024783.081531879,2026/10/03 19:53:03.134, 3, NVIDIA GeForce RTX 5060 Ti, 5.37, 0, 1, 2, 210, 405, 29, 1, 4
1791024784.167412656,2026/10/03 19:53:04.203, 0, NVIDIA GeForce RTX 5070 Ti, 96.22, 0, 0, 15212, 2295, 15051, 46, 5, 8
1791024784.167412656,2026/10/03 19:53:04.206, 1, NVIDIA GeForce RTX 5070 Ti, 96.53, 100, 31, 15203, 2287, 15051, 47, 5, 4
1791024784.167412656,2026/10/03 19:53:04.210, 2, NVIDIA GeForce RTX 5070 Ti, 119.34, 99, 20, 15206, 2302, 15051, 50, 5, 8
1791024784.167412656,2026/10/03 19:53:04.212, 3, NVIDIA GeForce RTX 5060 Ti, 5.35, 0, 0, 2, 210, 405, 29, 1, 4
1791024785.243152244,2026/10/03 19:53:05.285, 0, NVIDIA GeForce RTX 5070 Ti, 43.85, 100, 25, 15212, 2295, 15051, 49, 5, 8
1791024785.243152244,2026/10/03 19:53:05.289, 1, NVIDIA GeForce RTX 5070 Ti, 91.19, 100, 23, 15203, 2295, 15051, 46, 5, 4
1791024785.243152244,2026/10/03 19:53:05.293, 2, NVIDIA GeForce RTX 5070 Ti, 73.17, 11, 0, 15206, 2302, 15051, 45, 5, 8
1791024785.243152244,2026/10/03 19:53:05.297, 3, NVIDIA GeForce RTX 5060 Ti, 4.94, 0, 0, 2, 210, 405, 29, 1, 4
1791024786.331934388,2026/10/03 19:53:06.377, 0, NVIDIA GeForce RTX 5070 Ti, 98.00, 100, 40, 15212, 2287, 15051, 50, 5, 8
1791024786.331934388,2026/10/03 19:53:06.383, 1, NVIDIA GeForce RTX 5070 Ti, 95.40, 100, 27, 15203, 2287, 15051, 46, 5, 4
1791024786.331934388,2026/10/03 19:53:06.387, 2, NVIDIA GeForce RTX 5070 Ti, 123.32, 100, 24, 15206, 2295, 15051, 50, 5, 8
1791024786.331934388,2026/10/03 19:53:06.392, 3, NVIDIA GeForce RTX 5060 Ti, 4.98, 0, 0, 2, 210, 405, 29, 1, 4
1791024787.429580348,2026/10/03 19:53:07.469, 0, NVIDIA GeForce RTX 5070 Ti, 101.44, 100, 37, 15212, 2287, 15051, 50, 5, 8
1791024787.429580348,2026/10/03 19:53:07.474, 1, NVIDIA GeForce RTX 5070 Ti, 92.57, 100, 23, 15203, 2287, 15051, 46, 5, 4
1791024787.429580348,2026/10/03 19:53:07.478, 2, NVIDIA GeForce RTX 5070 Ti, 117.03, 100, 21, 15206, 2295, 15051, 50, 5, 8
1791024787.429580348,2026/10/03 19:53:07.481, 3, NVIDIA GeForce RTX 5060 Ti, 5.46, 0, 2, 2, 210, 405, 29, 1, 4
1791024788.515195365,2026/10/03 19:53:08.558, 0, NVIDIA GeForce RTX 5070 Ti, 95.71, 100, 24, 15212, 2287, 15051, 50, 5, 8
1791024788.515195365,2026/10/03 19:53:08.563, 1, NVIDIA GeForce RTX 5070 Ti, 93.78, 100, 21, 15203, 2287, 15051, 46, 5, 4
1791024788.515195365,2026/10/03 19:53:08.567, 2, NVIDIA GeForce RTX 5070 Ti, 110.54, 100, 17, 15206, 2302, 15051, 49, 5, 8
1791024788.515195365,2026/10/03 19:53:08.570, 3, NVIDIA GeForce RTX 5060 Ti, 5.51, 0, 2, 2, 210, 405, 29, 1, 4
1791024789.606852554,2026/10/03 19:53:09.651, 0, NVIDIA GeForce RTX 5070 Ti, 89.33, 100, 35, 15212, 2287, 15051, 50, 5, 8
1791024789.606852554,2026/10/03 19:53:09.658, 1, NVIDIA GeForce RTX 5070 Ti, 91.40, 100, 28, 15203, 2287, 15051, 46, 5, 4
1791024789.606852554,2026/10/03 19:53:09.662, 2, NVIDIA GeForce RTX 5070 Ti, 105.42, 99, 21, 15206, 2302, 15051, 49, 5, 8
1791024789.606852554,2026/10/03 19:53:09.666, 3, NVIDIA GeForce RTX 5060 Ti, 5.49, 0, 2, 2, 210, 405, 29, 1, 4
1791024790.704770086,2026/10/03 19:53:10.746, 0, NVIDIA GeForce RTX 5070 Ti, 96.66, 100, 41, 15212, 2287, 15051, 51, 5, 8
1791024790.704770086,2026/10/03 19:53:10.752, 1, NVIDIA GeForce RTX 5070 Ti, 101.33, 100, 30, 15203, 2287, 15051, 47, 5, 4
1791024790.704770086,2026/10/03 19:53:10.756, 2, NVIDIA GeForce RTX 5070 Ti, 113.72, 99, 24, 15206, 2295, 15051, 50, 5, 8
1791024790.704770086,2026/10/03 19:53:10.760, 3, NVIDIA GeForce RTX 5060 Ti, 5.42, 0, 3, 2, 210, 405, 29, 1, 4
1791024791.796345501,2026/10/03 19:53:11.837, 0, NVIDIA GeForce RTX 5070 Ti, 106.26, 98, 42, 15212, 2287, 15051, 50, 5, 8
1791024791.796345501,2026/10/03 19:53:11.842, 1, NVIDIA GeForce RTX 5070 Ti, 99.40, 100, 32, 15203, 2287, 15051, 47, 5, 4
1791024791.796345501,2026/10/03 19:53:11.847, 2, NVIDIA GeForce RTX 5070 Ti, 121.96, 100, 22, 15206, 2295, 15051, 49, 5, 8
1791024791.796345501,2026/10/03 19:53:11.850, 3, NVIDIA GeForce RTX 5060 Ti, 5.35, 0, 1, 2, 210, 405, 29, 1, 4
1791024792.880351573,2026/10/03 19:53:12.915, 0, NVIDIA GeForce RTX 5070 Ti, 102.82, 99, 40, 15212, 2287, 15051, 51, 5, 8
1791024792.880351573,2026/10/03 19:53:12.918, 1, NVIDIA GeForce RTX 5070 Ti, 98.56, 100, 32, 15203, 2287, 15051, 47, 5, 4
1791024792.880351573,2026/10/03 19:53:12.921, 2, NVIDIA GeForce RTX 5070 Ti, 120.31, 100, 26, 15206, 2295, 15051, 50, 5, 8
1791024792.880351573,2026/10/03 19:53:12.923, 3, NVIDIA GeForce RTX 5060 Ti, 5.30, 0, 0, 2, 210, 405, 29, 1, 4
1791024793.949685324,2026/10/03 19:53:13.996, 0, NVIDIA GeForce RTX 5070 Ti, 52.44, 0, 0, 15212, 2302, 15051, 46, 5, 8
1791024793.949685324,2026/10/03 19:53:14.001, 1, NVIDIA GeForce RTX 5070 Ti, 100.15, 100, 34, 15203, 2287, 15051, 48, 5, 4
1791024793.949685324,2026/10/03 19:53:14.006, 2, NVIDIA GeForce RTX 5070 Ti, 54.26, 99, 10, 15206, 2302, 15051, 46, 5, 8
1791024793.949685324,2026/10/03 19:53:14.009, 3, NVIDIA GeForce RTX 5060 Ti, 5.21, 0, 0, 2, 210, 405, 29, 1, 4
1791024795.047799373,2026/10/03 19:53:15.088, 0, NVIDIA GeForce RTX 5070 Ti, 84.97, 100, 42, 15212, 2287, 15051, 50, 5, 8
1791024795.047799373,2026/10/03 19:53:15.093, 1, NVIDIA GeForce RTX 5070 Ti, 88.00, 100, 27, 15203, 2287, 15051, 47, 5, 4
1791024795.047799373,2026/10/03 19:53:15.097, 2, NVIDIA GeForce RTX 5070 Ti, 115.27, 100, 30, 15206, 2295, 15051, 50, 5, 8
1791024795.047799373,2026/10/03 19:53:15.100, 3, NVIDIA GeForce RTX 5060 Ti, 4.37, 0, 0, 2, 210, 405, 29, 1, 4
1791024796.134899909,2026/10/03 19:53:16.180, 0, NVIDIA GeForce RTX 5070 Ti, 98.75, 100, 39, 15212, 2287, 15051, 51, 5, 8
1791024796.134899909,2026/10/03 19:53:16.186, 1, NVIDIA GeForce RTX 5070 Ti, 97.46, 100, 32, 15203, 2287, 15051, 47, 5, 4
1791024796.134899909,2026/10/03 19:53:16.190, 2, NVIDIA GeForce RTX 5070 Ti, 112.89, 100, 18, 15206, 2302, 15051, 49, 5, 8
1791024796.134899909,2026/10/03 19:53:16.194, 3, NVIDIA GeForce RTX 5060 Ti, 5.48, 0, 0, 2, 210, 405, 29, 1, 4
1791024797.230172754,2026/10/03 19:53:17.274, 0, NVIDIA GeForce RTX 5070 Ti, 101.27, 100, 48, 15212, 2287, 15051, 50, 5, 8
1791024797.230172754,2026/10/03 19:53:17.280, 1, NVIDIA GeForce RTX 5070 Ti, 96.70, 100, 28, 15203, 2287, 15051, 47, 5, 4
1791024797.230172754,2026/10/03 19:53:17.284, 2, NVIDIA GeForce RTX 5070 Ti, 115.33, 100, 20, 15206, 2302, 15051, 49, 5, 8
1791024797.230172754,2026/10/03 19:53:17.287, 3, NVIDIA GeForce RTX 5060 Ti, 5.34, 0, 0, 2, 210, 405, 29, 1, 4
1791024798.320878525,2026/10/03 19:53:18.364, 0, NVIDIA GeForce RTX 5070 Ti, 99.00, 98, 38, 15212, 2287, 15051, 51, 5, 8
1791024798.320878525,2026/10/03 19:53:18.370, 1, NVIDIA GeForce RTX 5070 Ti, 98.07, 100, 38, 15203, 2287, 15051, 48, 5, 4
1791024798.320878525,2026/10/03 19:53:18.374, 2, NVIDIA GeForce RTX 5070 Ti, 116.50, 100, 27, 15206, 2295, 15051, 50, 5, 8
1791024798.320878525,2026/10/03 19:53:18.377, 3, NVIDIA GeForce RTX 5060 Ti, 5.22, 0, 0, 2, 210, 405, 29, 1, 4
1791024799.410716491,2026/10/03 19:53:19.455, 0, NVIDIA GeForce RTX 5070 Ti, 100.92, 99, 44, 15212, 2287, 15051, 51, 5, 8
1791024799.410716491,2026/10/03 19:53:19.460, 1, NVIDIA GeForce RTX 5070 Ti, 98.79, 100, 27, 15203, 2287, 15051, 48, 5, 4
1791024799.410716491,2026/10/03 19:53:19.464, 2, NVIDIA GeForce RTX 5070 Ti, 116.38, 100, 27, 15206, 2302, 15051, 50, 5, 8
1791024799.410716491,2026/10/03 19:53:19.468, 3, NVIDIA GeForce RTX 5060 Ti, 5.25, 0, 0, 2, 210, 405, 29, 1, 4
1791024800.502043208,2026/10/03 19:53:20.547, 0, NVIDIA GeForce RTX 5070 Ti, 97.72, 100, 23, 15212, 2287, 15051, 51, 5, 8
1791024800.502043208,2026/10/03 19:53:20.551, 1, NVIDIA GeForce RTX 5070 Ti, 95.94, 99, 27, 15203, 2287, 15051, 48, 5, 4
1791024800.502043208,2026/10/03 19:53:20.556, 2, NVIDIA GeForce RTX 5070 Ti, 119.84, 100, 18, 15206, 2295, 15051, 50, 5, 8
1791024800.502043208,2026/10/03 19:53:20.560, 3, NVIDIA GeForce RTX 5060 Ti, 5.30, 0, 0, 2, 210, 405, 29, 1, 4
1791024801.594764330,2026/10/03 19:53:21.635, 0, NVIDIA GeForce RTX 5070 Ti, 98.91, 100, 36, 15212, 2287, 15051, 51, 5, 8
1791024801.594764330,2026/10/03 19:53:21.640, 1, NVIDIA GeForce RTX 5070 Ti, 93.41, 100, 28, 15203, 2287, 15051, 49, 5, 4
1791024801.594764330,2026/10/03 19:53:21.644, 2, NVIDIA GeForce RTX 5070 Ti, 113.72, 99, 28, 15206, 2295, 15051, 50, 5, 8
1791024801.594764330,2026/10/03 19:53:21.648, 3, NVIDIA GeForce RTX 5060 Ti, 5.34, 0, 0, 2, 202, 405, 29, 1, 4
1791024802.684807414,2026/10/03 19:53:22.719, 0, NVIDIA GeForce RTX 5070 Ti, 45.70, 0, 0, 15212, 2302, 15051, 46, 5, 8
1791024802.684807414,2026/10/03 19:53:22.721, 1, NVIDIA GeForce RTX 5070 Ti, 82.09, 0, 0, 15203, 2295, 15051, 45, 5, 4
1791024802.684807414,2026/10/03 19:53:22.723, 2, NVIDIA GeForce RTX 5070 Ti, 98.07, 0, 0, 15206, 2302, 15051, 46, 5, 8
1791024802.684807414,2026/10/03 19:53:22.726, 3, NVIDIA GeForce RTX 5060 Ti, 5.25, 0, 0, 2, 210, 405, 29, 1, 4
1791024803.752812843,2026/10/03 19:53:23.786, 0, NVIDIA GeForce RTX 5070 Ti, 30.25, 0, 0, 15212, 2302, 15051, 46, 5, 8
1791024803.752812843,2026/10/03 19:53:23.789, 1, NVIDIA GeForce RTX 5070 Ti, 34.66, 0, 0, 15203, 2302, 15051, 44, 5, 4
1791024803.752812843,2026/10/03 19:53:23.791, 2, NVIDIA GeForce RTX 5070 Ti, 42.66, 0, 0, 15206, 2302, 15051, 45, 5, 8
1791024803.752812843,2026/10/03 19:53:23.793, 3, NVIDIA GeForce RTX 5060 Ti, 4.45, 0, 1, 2, 210, 405, 29, 1, 4
1791024804.818130672,2026/10/03 19:53:24.853, 0, NVIDIA GeForce RTX 5070 Ti, 29.99, 0, 0, 15212, 2302, 15051, 46, 5, 8
1791024804.818130672,2026/10/03 19:53:24.856, 1, NVIDIA GeForce RTX 5070 Ti, 34.63, 0, 0, 15203, 2302, 15051, 44, 5, 4
1791024804.818130672,2026/10/03 19:53:24.858, 2, NVIDIA GeForce RTX 5070 Ti, 42.08, 0, 0, 15206, 2302, 15051, 44, 5, 8
1791024804.818130672,2026/10/03 19:53:24.860, 3, NVIDIA GeForce RTX 5060 Ti, 3.57, 0, 0, 2, 210, 405, 29, 1, 4
1791024805.885726954,2026/10/03 19:53:25.921, 0, NVIDIA GeForce RTX 5070 Ti, 29.91, 0, 0, 15212, 2302, 15051, 46, 5, 8
1791024805.885726954,2026/10/03 19:53:25.923, 1, NVIDIA GeForce RTX 5070 Ti, 34.52, 0, 0, 15203, 2302, 15051, 43, 5, 4
1791024805.885726954,2026/10/03 19:53:25.925, 2, NVIDIA GeForce RTX 5070 Ti, 42.04, 0, 0, 15206, 2302, 15051, 44, 5, 8
1791024805.885726954,2026/10/03 19:53:25.927, 3, NVIDIA GeForce RTX 5060 Ti, 3.31, 0, 0, 2, 210, 405, 29, 1, 4
1791024806.953587146,2026/10/03 19:53:26.988, 0, NVIDIA GeForce RTX 5070 Ti, 29.86, 0, 0, 15212, 2302, 15051, 46, 5, 8
1791024806.953587146,2026/10/03 19:53:26.991, 1, NVIDIA GeForce RTX 5070 Ti, 34.32, 0, 0, 15203, 2302, 15051, 43, 5, 4
1791024806.953587146,2026/10/03 19:53:26.993, 2, NVIDIA GeForce RTX 5070 Ti, 42.14, 0, 0, 15206, 2302, 15051, 44, 5, 8
1791024806.953587146,2026/10/03 19:53:26.995, 3, NVIDIA GeForce RTX 5060 Ti, 3.31, 0, 0, 2, 210, 405, 29, 1, 4
1791024808.020685967,2026/10/03 19:53:28.055, 0, NVIDIA GeForce RTX 5070 Ti, 30.01, 0, 0, 15212, 2302, 15051, 45, 5, 8
1791024808.020685967,2026/10/03 19:53:28.058, 1, NVIDIA GeForce RTX 5070 Ti, 34.30, 0, 0, 15203, 2302, 15051, 43, 5, 4
1791024808.020685967,2026/10/03 19:53:28.060, 2, NVIDIA GeForce RTX 5070 Ti, 42.10, 0, 0, 15206, 2302, 15051, 44, 5, 8
1791024808.020685967,2026/10/03 19:53:28.062, 3, NVIDIA GeForce RTX 5060 Ti, 3.35, 0, 0, 2, 202, 405, 29, 1, 4
1791024809.090096400,2026/10/03 19:53:29.125, 0, NVIDIA GeForce RTX 5070 Ti, 29.99, 0, 0, 15212, 2302, 15051, 45, 5, 8
1791024809.090096400,2026/10/03 19:53:29.128, 1, NVIDIA GeForce RTX 5070 Ti, 34.13, 0, 0, 15203, 2302, 15051, 43, 5, 4
1791024809.090096400,2026/10/03 19:53:29.130, 2, NVIDIA GeForce RTX 5070 Ti, 42.10, 0, 0, 15206, 2302, 15051, 44, 5, 8
1791024809.090096400,2026/10/03 19:53:29.132, 3, NVIDIA GeForce RTX 5060 Ti, 3.33, 0, 0, 2, 210, 405, 29, 1, 4
1791024810.157015805,2026/10/03 19:53:30.191, 0, NVIDIA GeForce RTX 5070 Ti, 29.73, 0, 0, 15212, 2302, 15051, 45, 5, 8
1791024810.157015805,2026/10/03 19:53:30.193, 1, NVIDIA GeForce RTX 5070 Ti, 34.19, 0, 0, 15203, 2302, 15051, 43, 5, 4
1791024810.157015805,2026/10/03 19:53:30.196, 2, NVIDIA GeForce RTX 5070 Ti, 42.10, 0, 0, 15206, 2302, 15051, 44, 5, 8
1791024810.157015805,2026/10/03 19:53:30.198, 3, NVIDIA GeForce RTX 5060 Ti, 3.40, 0, 1, 2, 210, 405, 29, 1, 4
1791024811.223997993,2026/10/03 19:53:31.260, 0, NVIDIA GeForce RTX 5070 Ti, 29.83, 0, 0, 15212, 2302, 15051, 45, 5, 8
1791024811.223997993,2026/10/03 19:53:31.262, 1, NVIDIA GeForce RTX 5070 Ti, 34.25, 0, 0, 15203, 2302, 15051, 43, 5, 4
1791024811.223997993,2026/10/03 19:53:31.265, 2, NVIDIA GeForce RTX 5070 Ti, 42.18, 0, 0, 15206, 2302, 15051, 44, 5, 8
1791024811.223997993,2026/10/03 19:53:31.267, 3, NVIDIA GeForce RTX 5060 Ti, 3.39, 0, 1, 2, 210, 405, 29, 1, 4
1791024812.290111174,2026/10/03 19:53:32.324, 0, NVIDIA GeForce RTX 5070 Ti, 29.55, 0, 0, 15212, 2302, 15051, 45, 5, 8
1791024812.290111174,2026/10/03 19:53:32.327, 1, NVIDIA GeForce RTX 5070 Ti, 34.15, 0, 0, 15203, 2302, 15051, 43, 5, 4
1791024812.290111174,2026/10/03 19:53:32.329, 2, NVIDIA GeForce RTX 5070 Ti, 42.06, 0, 0, 15206, 2302, 15051, 43, 5, 8
1791024812.290111174,2026/10/03 19:53:32.331, 3, NVIDIA GeForce RTX 5060 Ti, 3.38, 0, 0, 2, 210, 405, 29, 1, 4
1791024813.355994486,2026/10/03 19:53:33.391, 0, NVIDIA GeForce RTX 5070 Ti, 29.74, 0, 0, 15212, 2302, 15051, 45, 5, 8
1791024813.355994486,2026/10/03 19:53:33.394, 1, NVIDIA GeForce RTX 5070 Ti, 34.25, 0, 0, 15203, 2302, 15051, 43, 5, 4
1791024813.355994486,2026/10/03 19:53:33.396, 2, NVIDIA GeForce RTX 5070 Ti, 42.02, 0, 0, 15206, 2302, 15051, 43, 5, 8
1791024813.355994486,2026/10/03 19:53:33.398, 3, NVIDIA GeForce RTX 5060 Ti, 3.41, 0, 2, 2, 202, 405, 29, 1, 4
1791024814.423604489,2026/10/03 19:53:34.458, 0, NVIDIA GeForce RTX 5070 Ti, 29.53, 0, 0, 15212, 2302, 15051, 45, 5, 8
1791024814.423604489,2026/10/03 19:53:34.460, 1, NVIDIA GeForce RTX 5070 Ti, 34.15, 0, 0, 15203, 2302, 15051, 43, 5, 4
1791024814.423604489,2026/10/03 19:53:34.462, 2, NVIDIA GeForce RTX 5070 Ti, 42.07, 0, 0, 15206, 2302, 15051, 43, 5, 8
1791024814.423604489,2026/10/03 19:53:34.464, 3, NVIDIA GeForce RTX 5060 Ti, 3.45, 0, 0, 2, 210, 405, 29, 1, 4
1791024815.490108245,2026/10/03 19:53:35.525, 0, NVIDIA GeForce RTX 5070 Ti, 29.83, 0, 0, 15212, 2302, 15051, 45, 5, 8
1791024815.490108245,2026/10/03 19:53:35.527, 1, NVIDIA GeForce RTX 5070 Ti, 34.16, 0, 0, 15203, 2302, 15051, 43, 5, 4
1791024815.490108245,2026/10/03 19:53:35.529, 2, NVIDIA GeForce RTX 5070 Ti, 42.08, 0, 0, 15206, 2302, 15051, 43, 5, 8
1791024815.490108245,2026/10/03 19:53:35.531, 3, NVIDIA GeForce RTX 5060 Ti, 3.50, 0, 0, 2, 210, 405, 29, 1, 4
1791024816.557268450,2026/10/03 19:53:36.592, 0, NVIDIA GeForce RTX 5070 Ti, 29.58, 0, 0, 15212, 2302, 15051, 45, 5, 8
1791024816.557268450,2026/10/03 19:53:36.594, 1, NVIDIA GeForce RTX 5070 Ti, 34.37, 0, 0, 15203, 2302, 15051, 43, 5, 4
1791024816.557268450,2026/10/03 19:53:36.596, 2, NVIDIA GeForce RTX 5070 Ti, 42.02, 0, 0, 15206, 2302, 15051, 43, 5, 8
1791024816.557268450,2026/10/03 19:53:36.598, 3, NVIDIA GeForce RTX 5060 Ti, 3.49, 0, 1, 2, 210, 405, 29, 1, 4
1791024817.624557820,2026/10/03 19:53:37.659, 0, NVIDIA GeForce RTX 5070 Ti, 29.95, 0, 0, 15212, 2302, 15051, 45, 5, 8
1791024817.624557820,2026/10/03 19:53:37.662, 1, NVIDIA GeForce RTX 5070 Ti, 34.09, 0, 0, 15203, 2302, 15051, 43, 5, 4
1791024817.624557820,2026/10/03 19:53:37.664, 2, NVIDIA GeForce RTX 5070 Ti, 41.92, 0, 0, 15206, 2302, 15051, 43, 5, 8
1791024817.624557820,2026/10/03 19:53:37.666, 3, NVIDIA GeForce RTX 5060 Ti, 3.50, 0, 2, 2, 210, 405, 29, 1, 4
1791024818.692228756,2026/10/03 19:53:38.728, 0, NVIDIA GeForce RTX 5070 Ti, 27.27, 0, 0, 15212, 450, 7001, 45, 5, 8
1791024818.692228756,2026/10/03 19:53:38.732, 1, NVIDIA GeForce RTX 5070 Ti, 34.27, 0, 0, 15203, 2302, 15051, 43, 5, 4
1791024818.692228756,2026/10/03 19:53:38.733, 2, NVIDIA GeForce RTX 5070 Ti, 41.85, 0, 0, 15206, 2302, 15051, 43, 5, 8
1791024818.692228756,2026/10/03 19:53:38.735, 3, NVIDIA GeForce RTX 5060 Ti, 3.51, 0, 0, 2, 210, 405, 29, 1, 4
