epoch,timestamp,index,name,power_w,gpu_util_pct,mem_util_pct,mem_used_mib,clock_graphics_mhz,clock_mem_mhz,temp_c,pcie_gen,pcie_width
1791023975.322885239,2026/10/03 19:39:36.252, 0, NVIDIA GeForce RTX 5070 Ti, 6.86, 0, 0, 2, 195, 405, 31, 1, 8
1791023975.322885239,2026/10/03 19:39:36.260, 1, NVIDIA GeForce RTX 5070 Ti, 7.69, 0, 0, 234, 195, 405, 27, 1, 4
1791023975.322885239,2026/10/03 19:39:36.267, 2, NVIDIA GeForce RTX 5070 Ti, 15.84, 0, 0, 2, 195, 405, 31, 1, 8
1791023975.322885239,2026/10/03 19:39:36.286, 3, NVIDIA GeForce RTX 5060 Ti, 11.40, 13, 0, 2, 975, 15251, 28, 5, 4
1791023977.319412517,2026/10/03 19:39:37.364, 0, NVIDIA GeForce RTX 5070 Ti, 7.17, 0, 0, 2, 195, 405, 31, 1, 8
1791023977.319412517,2026/10/03 19:39:37.386, 1, NVIDIA GeForce RTX 5070 Ti, 22.26, 16, 0, 5193, 2295, 15051, 28, 5, 4
1791023977.319412517,2026/10/03 19:39:37.388, 2, NVIDIA GeForce RTX 5070 Ti, 16.89, 0, 0, 2, 195, 405, 31, 1, 8
1791023977.319412517,2026/10/03 19:39:37.400, 3, NVIDIA GeForce RTX 5060 Ti, 17.41, 0, 0, 2, 2460, 15251, 28, 5, 4
1791023978.426838405,2026/10/03 19:39:38.467, 0, NVIDIA GeForce RTX 5070 Ti, 7.50, 0, 0, 2, 195, 405, 31, 1, 8
1791023978.426838405,2026/10/03 19:39:38.479, 1, NVIDIA GeForce RTX 5070 Ti, 31.88, 0, 0, 6035, 2295, 15051, 28, 5, 4
1791023978.426838405,2026/10/03 19:39:38.481, 2, NVIDIA GeForce RTX 5070 Ti, 16.87, 0, 0, 2, 195, 405, 31, 1, 8
1791023978.426838405,2026/10/03 19:39:38.494, 3, NVIDIA GeForce RTX 5060 Ti, 17.68, 0, 0, 2, 2542, 15251, 28, 5, 4
1791023979.515362384,2026/10/03 19:39:39.554, 0, NVIDIA GeForce RTX 5070 Ti, 7.00, 0, 0, 2, 195, 405, 31, 1, 8
1791023979.515362384,2026/10/03 19:39:39.566, 1, NVIDIA GeForce RTX 5070 Ti, 31.56, 0, 0, 6035, 2295, 15051, 28, 5, 4
1791023979.515362384,2026/10/03 19:39:39.568, 2, NVIDIA GeForce RTX 5070 Ti, 16.16, 0, 0, 2, 195, 405, 31, 1, 8
1791023979.515362384,2026/10/03 19:39:39.580, 3, NVIDIA GeForce RTX 5060 Ti, 17.71, 0, 0, 2, 2542, 15251, 28, 5, 4
1791023980.601757688,2026/10/03 19:39:40.641, 0, NVIDIA GeForce RTX 5070 Ti, 7.03, 0, 0, 2, 195, 405, 31, 1, 8
1791023980.601757688,2026/10/03 19:39:40.653, 1, NVIDIA GeForce RTX 5070 Ti, 31.59, 0, 0, 6035, 2295, 15051, 28, 5, 4
1791023980.601757688,2026/10/03 19:39:40.654, 2, NVIDIA GeForce RTX 5070 Ti, 16.07, 0, 0, 2, 195, 405, 31, 1, 8
1791023980.601757688,2026/10/03 19:39:40.666, 3, NVIDIA GeForce RTX 5060 Ti, 17.69, 0, 0, 2, 2542, 15251, 28, 5, 4
1791023981.687035206,2026/10/03 19:39:41.725, 0, NVIDIA GeForce RTX 5070 Ti, 7.12, 0, 1, 2, 195, 405, 31, 1, 8
1791023981.687035206,2026/10/03 19:39:41.737, 1, NVIDIA GeForce RTX 5070 Ti, 31.56, 0, 0, 6035, 2295, 15051, 29, 5, 4
1791023981.687035206,2026/10/03 19:39:41.739, 2, NVIDIA GeForce RTX 5070 Ti, 16.05, 0, 0, 2, 195, 405, 31, 1, 8
1791023981.687035206,2026/10/03 19:39:41.751, 3, NVIDIA GeForce RTX 5060 Ti, 17.70, 0, 0, 2, 2542, 15251, 28, 5, 4
1791023982.773294143,2026/10/03 19:39:42.812, 0, NVIDIA GeForce RTX 5070 Ti, 7.14, 0, 0, 2, 195, 405, 31, 1, 8
1791023982.773294143,2026/10/03 19:39:42.826, 1, NVIDIA GeForce RTX 5070 Ti, 31.58, 0, 0, 6035, 2295, 15051, 29, 5, 4
1791023982.773294143,2026/10/03 19:39:42.828, 2, NVIDIA GeForce RTX 5070 Ti, 16.02, 0, 0, 2, 195, 405, 31, 1, 8
1791023982.773294143,2026/10/03 19:39:42.840, 3, NVIDIA GeForce RTX 5060 Ti, 17.58, 0, 0, 2, 2542, 15251, 28, 5, 4
1791023983.861151856,2026/10/03 19:39:43.945, 0, NVIDIA GeForce RTX 5070 Ti, 7.14, 0, 1, 2, 195, 405, 31, 1, 8
1791023983.861151856,2026/10/03 19:39:43.957, 1, NVIDIA GeForce RTX 5070 Ti, 31.55, 0, 0, 6129, 2295, 15051, 29, 5, 4
1791023983.861151856,2026/10/03 19:39:43.959, 2, NVIDIA GeForce RTX 5070 Ti, 16.03, 0, 0, 2, 195, 405, 31, 1, 8
1791023983.861151856,2026/10/03 19:39:43.979, 3, NVIDIA GeForce RTX 5060 Ti, 17.51, 0, 0, 2, 2542, 15251, 28, 5, 4
1791023985.006225059,2026/10/03 19:39:45.052, 0, NVIDIA GeForce RTX 5070 Ti, 7.24, 0, 2, 2, 195, 405, 31, 1, 8
1791023985.006225059,2026/10/03 19:39:45.064, 1, NVIDIA GeForce RTX 5070 Ti, 31.69, 0, 0, 6129, 2295, 15051, 29, 5, 4
1791023985.006225059,2026/10/03 19:39:45.066, 2, NVIDIA GeForce RTX 5070 Ti, 16.02, 0, 0, 2, 195, 405, 31, 1, 8
1791023985.006225059,2026/10/03 19:39:45.078, 3, NVIDIA GeForce RTX 5060 Ti, 17.64, 0, 0, 2, 2542, 15251, 28, 5, 4
1791023986.105442338,2026/10/03 19:39:46.159, 0, NVIDIA GeForce RTX 5070 Ti, 7.13, 0, 0, 2, 195, 405, 31, 1, 8
1791023986.105442338,2026/10/03 19:39:46.173, 1, NVIDIA GeForce RTX 5070 Ti, 31.63, 0, 0, 6129, 2295, 15051, 29, 5, 4
1791023986.105442338,2026/10/03 19:39:46.175, 2, NVIDIA GeForce RTX 5070 Ti, 16.03, 0, 0, 2, 195, 405, 31, 1, 8
1791023986.105442338,2026/10/03 19:39:46.187, 3, NVIDIA GeForce RTX 5060 Ti, 17.61, 0, 0, 2, 2542, 15251, 29, 5, 4
1791023987.225515415,2026/10/03 19:39:47.273, 0, NVIDIA GeForce RTX 5070 Ti, 7.26, 0, 0, 2, 195, 405, 31, 1, 8
1791023987.225515415,2026/10/03 19:39:47.286, 1, NVIDIA GeForce RTX 5070 Ti, 31.58, 0, 0, 6129, 2295, 15051, 29, 5, 4
1791023987.225515415,2026/10/03 19:39:47.288, 2, NVIDIA GeForce RTX 5070 Ti, 16.05, 0, 1, 2, 195, 405, 31, 1, 8
1791023987.225515415,2026/10/03 19:39:47.300, 3, NVIDIA GeForce RTX 5060 Ti, 15.91, 0, 0, 2, 690, 7001, 28, 5, 4
1791023988.332355171,2026/10/03 19:39:48.373, 0, NVIDIA GeForce RTX 5070 Ti, 7.23, 0, 0, 2, 195, 405, 31, 1, 8
1791023988.332355171,2026/10/03 19:39:48.385, 1, NVIDIA GeForce RTX 5070 Ti, 34.34, 93, 24, 14513, 2295, 15051, 29, 5, 4
1791023988.332355171,2026/10/03 19:39:48.388, 2, NVIDIA GeForce RTX 5070 Ti, 16.04, 0, 0, 2, 195, 405, 31, 1, 8
1791023988.332355171,2026/10/03 19:39:48.400, 3, NVIDIA GeForce RTX 5060 Ti, 13.14, 0, 0, 2, 457, 7001, 28, 2, 4
1791023989.425200103,2026/10/03 19:39:49.466, 0, NVIDIA GeForce RTX 5070 Ti, 7.14, 0, 0, 2, 195, 405, 31, 1, 8
1791023989.425200103,2026/10/03 19:39:49.478, 1, NVIDIA GeForce RTX 5070 Ti, 34.13, 4, 0, 15119, 2295, 15051, 29, 5, 4
1791023989.425200103,2026/10/03 19:39:49.479, 2, NVIDIA GeForce RTX 5070 Ti, 16.05, 0, 0, 2, 195, 405, 31, 1, 8
1791023989.425200103,2026/10/03 19:39:49.491, 3, NVIDIA GeForce RTX 5060 Ti, 4.91, 0, 0, 2, 270, 810, 28, 1, 4
1791023990.515903830,2026/10/03 19:39:50.560, 0, NVIDIA GeForce RTX 5070 Ti, 19.05, 58, 3, 3988, 2310, 15051, 32, 5, 8
1791023990.515903830,2026/10/03 19:39:50.569, 1, NVIDIA GeForce RTX 5070 Ti, 31.62, 0, 0, 15119, 2295, 15051, 29, 5, 4
1791023990.515903830,2026/10/03 19:39:50.578, 2, NVIDIA GeForce RTX 5070 Ti, 16.47, 0, 0, 20, 195, 405, 31, 5, 8
1791023990.515903830,2026/10/03 19:39:50.587, 3, NVIDIA GeForce RTX 5060 Ti, 4.01, 0, 0, 2, 210, 405, 28, 1, 4
1791023991.601598045,2026/10/03 19:39:51.631, 0, NVIDIA GeForce RTX 5070 Ti, 37.53, 0, 0, 4522, 2310, 15051, 32, 5, 8
1791023991.601598045,2026/10/03 19:39:51.633, 1, NVIDIA GeForce RTX 5070 Ti, 31.62, 0, 0, 15119, 2295, 15051, 29, 5, 4
1791023991.601598045,2026/10/03 19:39:51.636, 2, NVIDIA GeForce RTX 5070 Ti, 32.41, 0, 0, 4510, 2295, 15051, 32, 5, 8
1791023991.601598045,2026/10/03 19:39:51.638, 3, NVIDIA GeForce RTX 5060 Ti, 4.06, 0, 0, 2, 210, 405, 28, 1, 4
1791023992.654278452,2026/10/03 19:39:52.683, 0, NVIDIA GeForce RTX 5070 Ti, 37.15, 0, 0, 4524, 2310, 15051, 32, 5, 8
1791023992.654278452,2026/10/03 19:39:52.686, 1, NVIDIA GeForce RTX 5070 Ti, 31.61, 0, 0, 15119, 2295, 15051, 29, 5, 4
1791023992.654278452,2026/10/03 19:39:52.688, 2, NVIDIA GeForce RTX 5070 Ti, 41.42, 0, 0, 5850, 2295, 15051, 32, 5, 8
1791023992.654278452,2026/10/03 19:39:52.690, 3, NVIDIA GeForce RTX 5060 Ti, 3.33, 0, 0, 2, 210, 405, 27, 1, 4
1791023993.704131765,2026/10/03 19:39:53.734, 0, NVIDIA GeForce RTX 5070 Ti, 37.08, 0, 0, 4618, 2310, 15051, 32, 5, 8
1791023993.704131765,2026/10/03 19:39:53.739, 1, NVIDIA GeForce RTX 5070 Ti, 31.55, 0, 0, 15119, 2295, 15051, 29, 5, 4
1791023993.704131765,2026/10/03 19:39:53.742, 2, NVIDIA GeForce RTX 5070 Ti, 40.80, 0, 0, 5850, 2295, 15051, 33, 5, 8
1791023993.704131765,2026/10/03 19:39:53.746, 3, NVIDIA GeForce RTX 5060 Ti, 3.29, 0, 0, 2, 210, 405, 27, 1, 4
1791023994.766986062,2026/10/03 19:39:54.797, 0, NVIDIA GeForce RTX 5070 Ti, 41.97, 87, 5, 15234, 2310, 15051, 32, 5, 8
1791023994.766986062,2026/10/03 19:39:54.799, 1, NVIDIA GeForce RTX 5070 Ti, 31.58, 0, 0, 15119, 2295, 15051, 29, 5, 4
1791023994.766986062,2026/10/03 19:39:54.801, 2, NVIDIA GeForce RTX 5070 Ti, 43.08, 79, 15, 15138, 2295, 15051, 33, 5, 8
1791023994.766986062,2026/10/03 19:39:54.804, 3, NVIDIA GeForce RTX 5060 Ti, 3.25, 0, 0, 2, 210, 405, 27, 1, 4
1791023995.820183981,2026/10/03 19:39:55.850, 0, NVIDIA GeForce RTX 5070 Ti, 38.30, 2, 0, 15620, 2310, 15051, 32, 5, 8
1791023995.820183981,2026/10/03 19:39:55.852, 1, NVIDIA GeForce RTX 5070 Ti, 31.63, 0, 0, 15119, 2295, 15051, 29, 5, 4
1791023995.820183981,2026/10/03 19:39:55.853, 2, NVIDIA GeForce RTX 5070 Ti, 44.87, 1, 0, 15744, 2295, 15051, 33, 5, 8
1791023995.820183981,2026/10/03 19:39:55.855, 3, NVIDIA GeForce RTX 5060 Ti, 3.22, 0, 0, 2, 210, 405, 27, 1, 4
1791023996.870742284,2026/10/03 19:39:56.901, 0, NVIDIA GeForce RTX 5070 Ti, 37.23, 0, 0, 15620, 2310, 15051, 32, 5, 8
1791023996.870742284,2026/10/03 19:39:56.904, 1, NVIDIA GeForce RTX 5070 Ti, 31.51, 0, 0, 15119, 2295, 15051, 29, 5, 4
1791023996.870742284,2026/10/03 19:39:56.906, 2, NVIDIA GeForce RTX 5070 Ti, 41.05, 0, 0, 15744, 2295, 15051, 33, 5, 8
1791023996.870742284,2026/10/03 19:39:56.908, 3, NVIDIA GeForce RTX 5060 Ti, 3.24, 0, 0, 2, 210, 405, 27, 1, 4
1791023997.923667101,2026/10/03 19:39:57.954, 0, NVIDIA GeForce RTX 5070 Ti, 36.97, 0, 0, 15620, 2310, 15051, 32, 5, 8
1791023997.923667101,2026/10/03 19:39:57.957, 1, NVIDIA GeForce RTX 5070 Ti, 31.42, 0, 0, 15119, 2295, 15051, 29, 5, 4
1791023997.923667101,2026/10/03 19:39:57.959, 2, NVIDIA GeForce RTX 5070 Ti, 40.88, 0, 0, 15744, 2295, 15051, 33, 5, 8
1791023997.923667101,2026/10/03 19:39:57.961, 3, NVIDIA GeForce RTX 5060 Ti, 3.27, 0, 0, 2, 210, 405, 27, 1, 4
1791023998.975745574,2026/10/03 19:39:59.006, 0, NVIDIA GeForce RTX 5070 Ti, 36.86, 0, 0, 15620, 2310, 15051, 32, 5, 8
1791023998.975745574,2026/10/03 19:39:59.009, 1, NVIDIA GeForce RTX 5070 Ti, 31.45, 0, 0, 15119, 2295, 15051, 29, 5, 4
1791023998.975745574,2026/10/03 19:39:59.011, 2, NVIDIA GeForce RTX 5070 Ti, 40.96, 0, 0, 15744, 2295, 15051, 33, 5, 8
1791023998.975745574,2026/10/03 19:39:59.013, 3, NVIDIA GeForce RTX 5060 Ti, 3.30, 0, 0, 2, 210, 405, 27, 1, 4
1791024000.028413671,2026/10/03 19:40:00.058, 0, NVIDIA GeForce RTX 5070 Ti, 36.92, 0, 0, 15620, 2310, 15051, 32, 5, 8
1791024000.028413671,2026/10/03 19:40:00.061, 1, NVIDIA GeForce RTX 5070 Ti, 31.54, 0, 0, 15119, 2295, 15051, 29, 5, 4
1791024000.028413671,2026/10/03 19:40:00.063, 2, NVIDIA GeForce RTX 5070 Ti, 40.89, 0, 0, 15744, 2295, 15051, 33, 5, 8
1791024000.028413671,2026/10/03 19:40:00.065, 3, NVIDIA GeForce RTX 5060 Ti, 3.21, 0, 0, 2, 210, 405, 27, 1, 4
1791024001.079892130,2026/10/03 19:40:01.110, 0, NVIDIA GeForce RTX 5070 Ti, 36.85, 0, 0, 15620, 2310, 15051, 32, 5, 8
1791024001.079892130,2026/10/03 19:40:01.113, 1, NVIDIA GeForce RTX 5070 Ti, 31.49, 0, 0, 15119, 2295, 15051, 29, 5, 4
1791024001.079892130,2026/10/03 19:40:01.114, 2, NVIDIA GeForce RTX 5070 Ti, 40.88, 0, 0, 15744, 2295, 15051, 33, 5, 8
1791024001.079892130,2026/10/03 19:40:01.116, 3, NVIDIA GeForce RTX 5060 Ti, 3.21, 0, 0, 2, 210, 405, 27, 1, 4
1791024002.132239525,2026/10/03 19:40:02.162, 0, NVIDIA GeForce RTX 5070 Ti, 36.93, 0, 0, 15620, 2310, 15051, 32, 5, 8
1791024002.132239525,2026/10/03 19:40:02.165, 1, NVIDIA GeForce RTX 5070 Ti, 31.66, 0, 0, 15119, 2295, 15051, 29, 5, 4
1791024002.132239525,2026/10/03 19:40:02.167, 2, NVIDIA GeForce RTX 5070 Ti, 40.85, 0, 0, 15744, 2295, 15051, 33, 5, 8
1791024002.132239525,2026/10/03 19:40:02.169, 3, NVIDIA GeForce RTX 5060 Ti, 3.23, 0, 0, 2, 210, 405, 27, 1, 4
1791024003.185380500,2026/10/03 19:40:03.215, 0, NVIDIA GeForce RTX 5070 Ti, 36.80, 0, 0, 15620, 2310, 15051, 32, 5, 8
1791024003.185380500,2026/10/03 19:40:03.218, 1, NVIDIA GeForce RTX 5070 Ti, 31.62, 0, 0, 15119, 2295, 15051, 29, 5, 4
1791024003.185380500,2026/10/03 19:40:03.220, 2, NVIDIA GeForce RTX 5070 Ti, 40.82, 0, 0, 15744, 2295, 15051, 33, 5, 8
1791024003.185380500,2026/10/03 19:40:03.222, 3, NVIDIA GeForce RTX 5060 Ti, 3.27, 0, 0, 2, 210, 405, 27, 1, 4
1791024004.236782235,2026/10/03 19:40:04.267, 0, NVIDIA GeForce RTX 5070 Ti, 36.75, 0, 0, 15620, 2310, 15051, 32, 5, 8
1791024004.236782235,2026/10/03 19:40:04.270, 1, NVIDIA GeForce RTX 5070 Ti, 31.54, 0, 0, 15119, 2295, 15051, 30, 5, 4
1791024004.236782235,2026/10/03 19:40:04.272, 2, NVIDIA GeForce RTX 5070 Ti, 40.74, 0, 0, 15744, 2295, 15051, 33, 5, 8
1791024004.236782235,2026/10/03 19:40:04.274, 3, NVIDIA GeForce RTX 5060 Ti, 3.27, 0, 0, 2, 210, 405, 27, 1, 4
1791024005.289302617,2026/10/03 19:40:05.320, 0, NVIDIA GeForce RTX 5070 Ti, 36.82, 0, 0, 15620, 2310, 15051, 32, 5, 8
1791024005.289302617,2026/10/03 19:40:05.323, 1, NVIDIA GeForce RTX 5070 Ti, 31.50, 0, 0, 15119, 2295, 15051, 30, 5, 4
1791024005.289302617,2026/10/03 19:40:05.325, 2, NVIDIA GeForce RTX 5070 Ti, 40.84, 0, 0, 15744, 2295, 15051, 33, 5, 8
1791024005.289302617,2026/10/03 19:40:05.327, 3, NVIDIA GeForce RTX 5060 Ti, 3.22, 0, 0, 2, 210, 405, 27, 1, 4
1791024006.342072757,2026/10/03 19:40:06.373, 0, NVIDIA GeForce RTX 5070 Ti, 36.76, 0, 0, 15620, 2310, 15051, 32, 5, 8
1791024006.342072757,2026/10/03 19:40:06.375, 1, NVIDIA GeForce RTX 5070 Ti, 31.49, 0, 0, 15119, 2295, 15051, 30, 5, 4
1791024006.342072757,2026/10/03 19:40:06.378, 2, NVIDIA GeForce RTX 5070 Ti, 40.79, 0, 0, 15744, 2295, 15051, 33, 5, 8
1791024006.342072757,2026/10/03 19:40:06.380, 3, NVIDIA GeForce RTX 5060 Ti, 3.22, 0, 0, 2, 210, 405, 27, 1, 4
1791024007.395973314,2026/10/03 19:40:07.428, 0, NVIDIA GeForce RTX 5070 Ti, 36.79, 0, 0, 15620, 2310, 15051, 32, 5, 8
1791024007.395973314,2026/10/03 19:40:07.431, 1, NVIDIA GeForce RTX 5070 Ti, 24.73, 0, 0, 15119, 390, 810, 29, 2, 4
1791024007.395973314,2026/10/03 19:40:07.436, 2, NVIDIA GeForce RTX 5070 Ti, 40.81, 0, 0, 15744, 2295, 15051, 33, 5, 8
1791024007.395973314,2026/10/03 19:40:07.438, 3, NVIDIA GeForce RTX 5060 Ti, 3.20, 0, 0, 2, 210, 405, 27, 1, 4
1791024008.454810408,2026/10/03 19:40:08.486, 0, NVIDIA GeForce RTX 5070 Ti, 36.81, 0, 0, 15620, 2310, 15051, 32, 5, 8
1791024008.454810408,2026/10/03 19:40:08.489, 1, NVIDIA GeForce RTX 5070 Ti, 20.99, 0, 0, 15119, 360, 810, 29, 2, 4
1791024008.454810408,2026/10/03 19:40:08.493, 2, NVIDIA GeForce RTX 5070 Ti, 40.82, 0, 0, 15744, 2295, 15051, 33, 5, 8
1791024008.454810408,2026/10/03 19:40:08.495, 3, NVIDIA GeForce RTX 5060 Ti, 3.22, 0, 0, 2, 210, 405, 27, 1, 4
1791024009.510257566,2026/10/03 19:40:09.541, 0, NVIDIA GeForce RTX 5070 Ti, 36.62, 0, 0, 15620, 2310, 15051, 32, 5, 8
1791024009.510257566,2026/10/03 19:40:09.543, 1, NVIDIA GeForce RTX 5070 Ti, 10.85, 0, 0, 15119, 195, 405, 29, 1, 4
1791024009.510257566,2026/10/03 19:40:09.548, 2, NVIDIA GeForce RTX 5070 Ti, 40.81, 0, 0, 15744, 2295, 15051, 33, 5, 8
1791024009.510257566,2026/10/03 19:40:09.549, 3, NVIDIA GeForce RTX 5060 Ti, 3.23, 0, 0, 2, 210, 405, 27, 1, 4
1791024010.566756517,2026/10/03 19:40:10.598, 0, NVIDIA GeForce RTX 5070 Ti, 36.70, 0, 0, 15620, 2310, 15051, 32, 5, 8
1791024010.566756517,2026/10/03 19:40:10.601, 1, NVIDIA GeForce RTX 5070 Ti, 8.62, 0, 0, 15119, 195, 405, 29, 1, 4
1791024010.566756517,2026/10/03 19:40:10.605, 2, NVIDIA GeForce RTX 5070 Ti, 40.88, 0, 0, 15744, 2295, 15051, 33, 5, 8
1791024010.566756517,2026/10/03 19:40:10.607, 3, NVIDIA GeForce RTX 5060 Ti, 3.26, 0, 0, 2, 210, 405, 28, 1, 4
1791024011.623879743,2026/10/03 19:40:11.655, 0, NVIDIA GeForce RTX 5070 Ti, 36.78, 0, 0, 15620, 2310, 15051, 32, 5, 8
1791024011.623879743,2026/10/03 19:40:11.658, 1, NVIDIA GeForce RTX 5070 Ti, 7.91, 0, 0, 15119, 195, 405, 29, 1, 4
1791024011.623879743,2026/10/03 19:40:11.663, 2, NVIDIA GeForce RTX 5070 Ti, 40.89, 0, 0, 15744, 2295, 15051, 33, 5, 8
1791024011.623879743,2026/10/03 19:40:11.665, 3, NVIDIA GeForce RTX 5060 Ti, 3.23, 0, 0, 2, 210, 405, 28, 1, 4
1791024012.683212489,2026/10/03 19:40:12.717, 0, NVIDIA GeForce RTX 5070 Ti, 32.65, 0, 0, 15620, 1762, 7001, 32, 5, 8
1791024012.683212489,2026/10/03 19:40:12.723, 1, NVIDIA GeForce RTX 5070 Ti, 7.90, 0, 0, 15119, 195, 405, 29, 1, 4
1791024012.683212489,2026/10/03 19:40:12.727, 2, NVIDIA GeForce RTX 5070 Ti, 40.90, 0, 0, 15744, 2295, 15051, 33, 5, 8
1791024012.683212489,2026/10/03 19:40:12.730, 3, NVIDIA GeForce RTX 5060 Ti, 3.21, 0, 0, 2, 210, 405, 28, 1, 4
1791024013.748550445,2026/10/03 19:40:13.783, 0, NVIDIA GeForce RTX 5070 Ti, 15.75, 0, 0, 15620, 352, 810, 32, 2, 8
1791024013.748550445,2026/10/03 19:40:13.788, 1, NVIDIA GeForce RTX 5070 Ti, 7.85, 0, 0, 15119, 195, 405, 29, 1, 4
1791024013.748550445,2026/10/03 19:40:13.792, 2, NVIDIA GeForce RTX 5070 Ti, 27.52, 0, 0, 15744, 330, 810, 33, 2, 8
1791024013.748550445,2026/10/03 19:40:13.797, 3, NVIDIA GeForce RTX 5060 Ti, 3.23, 0, 0, 2, 210, 405, 28, 1, 4
1791024014.817028350,2026/10/03 19:40:14.852, 0, NVIDIA GeForce RTX 5070 Ti, 9.76, 0, 0, 15620, 202, 810, 31, 1, 8
1791024014.817028350,2026/10/03 19:40:14.857, 1, NVIDIA GeForce RTX 5070 Ti, 7.78, 0, 0, 15119, 195, 405, 29, 1, 4
1791024014.817028350,2026/10/03 19:40:14.861, 2, NVIDIA GeForce RTX 5070 Ti, 19.15, 0, 0, 15744, 195, 810, 32, 2, 8
1791024014.817028350,2026/10/03 19:40:14.866, 3, NVIDIA GeForce RTX 5060 Ti, 3.26, 0, 0, 2, 210, 405, 27, 1, 4
1791024015.885675159,2026/10/03 19:40:15.921, 0, NVIDIA GeForce RTX 5070 Ti, 7.11, 0, 0, 15620, 195, 405, 31, 1, 8
1791024015.885675159,2026/10/03 19:40:15.925, 1, NVIDIA GeForce RTX 5070 Ti, 7.80, 0, 0, 15119, 195, 405, 29, 1, 4
1791024015.885675159,2026/10/03 19:40:15.930, 2, NVIDIA GeForce RTX 5070 Ti, 15.88, 0, 0, 15744, 195, 405, 32, 1, 8
1791024015.885675159,2026/10/03 19:40:15.934, 3, NVIDIA GeForce RTX 5060 Ti, 3.28, 0, 0, 2, 210, 405, 28, 1, 4
1791024016.953012004,2026/10/03 19:40:16.988, 0, NVIDIA GeForce RTX 5070 Ti, 6.99, 0, 0, 15620, 195, 405, 31, 1, 8
1791024016.953012004,2026/10/03 19:40:16.993, 1, NVIDIA GeForce RTX 5070 Ti, 7.82, 0, 0, 15119, 195, 405, 29, 1, 4
1791024016.953012004,2026/10/03 19:40:16.997, 2, NVIDIA GeForce RTX 5070 Ti, 15.79, 0, 0, 15744, 195, 405, 32, 1, 8
1791024016.953012004,2026/10/03 19:40:17.001, 3, NVIDIA GeForce RTX 5060 Ti, 3.27, 0, 0, 2, 210, 405, 28, 1, 4
1791024018.020369172,2026/10/03 19:40:18.055, 0, NVIDIA GeForce RTX 5070 Ti, 6.89, 0, 0, 15620, 195, 405, 31, 1, 8
1791024018.020369172,2026/10/03 19:40:18.060, 1, NVIDIA GeForce RTX 5070 Ti, 7.93, 0, 0, 15119, 195, 405, 29, 1, 4
1791024018.020369172,2026/10/03 19:40:18.064, 2, NVIDIA GeForce RTX 5070 Ti, 15.69, 0, 0, 15744, 195, 405, 32, 1, 8
1791024018.020369172,2026/10/03 19:40:18.068, 3, NVIDIA GeForce RTX 5060 Ti, 3.31, 0, 0, 2, 210, 405, 28, 1, 4
1791024019.087485749,2026/10/03 19:40:19.122, 0, NVIDIA GeForce RTX 5070 Ti, 6.94, 0, 0, 15620, 195, 405, 31, 1, 8
1791024019.087485749,2026/10/03 19:40:19.127, 1, NVIDIA GeForce RTX 5070 Ti, 8.04, 0, 0, 15119, 195, 405, 29, 1, 4
1791024019.087485749,2026/10/03 19:40:19.132, 2, NVIDIA GeForce RTX 5070 Ti, 15.74, 0, 0, 15744, 195, 405, 32, 1, 8
1791024019.087485749,2026/10/03 19:40:19.136, 3, NVIDIA GeForce RTX 5060 Ti, 3.33, 0, 0, 2, 210, 405, 28, 1, 4
1791024020.154743172,2026/10/03 19:40:20.189, 0, NVIDIA GeForce RTX 5070 Ti, 6.96, 0, 0, 15620, 195, 405, 31, 1, 8
1791024020.154743172,2026/10/03 19:40:20.194, 1, NVIDIA GeForce RTX 5070 Ti, 7.90, 0, 0, 15119, 195, 405, 29, 1, 4
1791024020.154743172,2026/10/03 19:40:20.199, 2, NVIDIA GeForce RTX 5070 Ti, 15.72, 0, 0, 15744, 195, 405, 32, 1, 8
1791024020.154743172,2026/10/03 19:40:20.203, 3, NVIDIA GeForce RTX 5060 Ti, 3.33, 0, 0, 2, 210, 405, 28, 1, 4
1791024021.223028039,2026/10/03 19:40:21.258, 0, NVIDIA GeForce RTX 5070 Ti, 6.91, 0, 0, 15620, 195, 405, 31, 1, 8
1791024021.223028039,2026/10/03 19:40:21.263, 1, NVIDIA GeForce RTX 5070 Ti, 7.89, 0, 0, 15119, 195, 405, 29, 1, 4
1791024021.223028039,2026/10/03 19:40:21.267, 2, NVIDIA GeForce RTX 5070 Ti, 15.75, 0, 0, 15744, 195, 405, 32, 1, 8
1791024021.223028039,2026/10/03 19:40:21.271, 3, NVIDIA GeForce RTX 5060 Ti, 3.36, 0, 0, 2, 210, 405, 28, 1, 4
1791024022.290262871,2026/10/03 19:40:22.325, 0, NVIDIA GeForce RTX 5070 Ti, 6.88, 0, 0, 15620, 195, 405, 31, 1, 8
1791024022.290262871,2026/10/03 19:40:22.330, 1, NVIDIA GeForce RTX 5070 Ti, 7.89, 0, 0, 15119, 187, 405, 29, 1, 4
1791024022.290262871,2026/10/03 19:40:22.334, 2, NVIDIA GeForce RTX 5070 Ti, 15.72, 0, 0, 15744, 195, 405, 32, 1, 8
1791024022.290262871,2026/10/03 19:40:22.338, 3, NVIDIA GeForce RTX 5060 Ti, 3.38, 0, 0, 2, 210, 405, 28, 1, 4
1791024023.357865047,2026/10/03 19:40:23.393, 0, NVIDIA GeForce RTX 5070 Ti, 6.87, 0, 0, 15620, 195, 405, 31, 1, 8
1791024023.357865047,2026/10/03 19:40:23.397, 1, NVIDIA GeForce RTX 5070 Ti, 7.80, 0, 0, 15119, 195, 405, 29, 1, 4
1791024023.357865047,2026/10/03 19:40:23.402, 2, NVIDIA GeForce RTX 5070 Ti, 15.68, 0, 0, 15744, 195, 405, 32, 1, 8
1791024023.357865047,2026/10/03 19:40:23.406, 3, NVIDIA GeForce RTX 5060 Ti, 3.37, 0, 0, 2, 210, 405, 28, 1, 4
1791024024.426031740,2026/10/03 19:40:24.461, 0, NVIDIA GeForce RTX 5070 Ti, 6.88, 0, 0, 15620, 195, 405, 31, 1, 8
1791024024.426031740,2026/10/03 19:40:24.466, 1, NVIDIA GeForce RTX 5070 Ti, 7.80, 0, 0, 15119, 195, 405, 29, 1, 4
1791024024.426031740,2026/10/03 19:40:24.471, 2, NVIDIA GeForce RTX 5070 Ti, 15.69, 0, 0, 15744, 195, 405, 32, 1, 8
1791024024.426031740,2026/10/03 19:40:24.475, 3, NVIDIA GeForce RTX 5060 Ti, 3.34, 0, 0, 2, 210, 405, 28, 1, 4
1791024025.495390855,2026/10/03 19:40:25.530, 0, NVIDIA GeForce RTX 5070 Ti, 6.94, 0, 0, 15620, 195, 405, 31, 1, 8
1791024025.495390855,2026/10/03 19:40:25.536, 1, NVIDIA GeForce RTX 5070 Ti, 7.87, 0, 0, 15119, 195, 405, 29, 1, 4
1791024025.495390855,2026/10/03 19:40:25.540, 2, NVIDIA GeForce RTX 5070 Ti, 15.64, 0, 0, 15744, 195, 405, 32, 1, 8
1791024025.495390855,2026/10/03 19:40:25.545, 3, NVIDIA GeForce RTX 5060 Ti, 3.31, 0, 0, 2, 210, 405, 28, 1, 4
1791024026.564554355,2026/10/03 19:40:26.598, 0, NVIDIA GeForce RTX 5070 Ti, 6.89, 0, 0, 15620, 195, 405, 31, 1, 8
1791024026.564554355,2026/10/03 19:40:26.603, 1, NVIDIA GeForce RTX 5070 Ti, 7.90, 0, 0, 15119, 195, 405, 29, 1, 4
1791024026.564554355,2026/10/03 19:40:26.608, 2, NVIDIA GeForce RTX 5070 Ti, 15.54, 0, 0, 15744, 195, 405, 32, 1, 8
1791024026.564554355,2026/10/03 19:40:26.612, 3, NVIDIA GeForce RTX 5060 Ti, 3.33, 0, 0, 2, 210, 405, 28, 1, 4
1791024027.632033987,2026/10/03 19:40:27.663, 0, NVIDIA GeForce RTX 5070 Ti, 57.70, 9, 2, 15670, 2287, 15051, 33, 5, 8
1791024027.632033987,2026/10/03 19:40:27.665, 1, NVIDIA GeForce RTX 5070 Ti, 7.89, 0, 0, 15119, 195, 405, 29, 1, 4
1791024027.632033987,2026/10/03 19:40:27.670, 2, NVIDIA GeForce RTX 5070 Ti, 24.01, 0, 0, 15794, 2295, 15051, 33, 5, 8
1791024027.632033987,2026/10/03 19:40:27.673, 3, NVIDIA GeForce RTX 5060 Ti, 3.35, 0, 0, 2, 210, 405, 28, 1, 4
1791024028.690435334,2026/10/03 19:40:28.721, 0, NVIDIA GeForce RTX 5070 Ti, 44.77, 44, 19, 15692, 2295, 15051, 34, 5, 8
1791024028.690435334,2026/10/03 19:40:28.724, 1, NVIDIA GeForce RTX 5070 Ti, 7.96, 0, 0, 15119, 195, 405, 29, 1, 4
1791024028.690435334,2026/10/03 19:40:28.728, 2, NVIDIA GeForce RTX 5070 Ti, 91.95, 45, 18, 15816, 2302, 15051, 38, 5, 8
1791024028.690435334,2026/10/03 19:40:28.731, 3, NVIDIA GeForce RTX 5060 Ti, 3.60, 0, 0, 2, 210, 405, 28, 1, 4
1791024029.748249378,2026/10/03 19:40:29.778, 0, NVIDIA GeForce RTX 5070 Ti, 71.47, 48, 25, 15692, 2287, 15051, 35, 5, 8
1791024029.748249378,2026/10/03 19:40:29.781, 1, NVIDIA GeForce RTX 5070 Ti, 8.14, 0, 0, 15163, 195, 405, 29, 1, 4
1791024029.748249378,2026/10/03 19:40:29.784, 2, NVIDIA GeForce RTX 5070 Ti, 93.60, 13, 5, 15816, 2302, 15051, 36, 5, 8
1791024029.748249378,2026/10/03 19:40:29.786, 3, NVIDIA GeForce RTX 5060 Ti, 4.00, 0, 0, 2, 210, 405, 28, 1, 4
1791024030.802599862,2026/10/03 19:40:30.833, 0, NVIDIA GeForce RTX 5070 Ti, 43.09, 0, 0, 15692, 2310, 15051, 33, 5, 8
1791024030.802599862,2026/10/03 19:40:30.835, 1, NVIDIA GeForce RTX 5070 Ti, 46.73, 100, 13, 15169, 2295, 15051, 31, 5, 4
1791024030.802599862,2026/10/03 19:40:30.839, 2, NVIDIA GeForce RTX 5070 Ti, 42.87, 0, 0, 15816, 2302, 15051, 34, 5, 8
1791024030.802599862,2026/10/03 19:40:30.841, 3, NVIDIA GeForce RTX 5060 Ti, 4.07, 0, 0, 2, 210, 405, 28, 1, 4
1791024031.856666925,2026/10/03 19:40:31.887, 0, NVIDIA GeForce RTX 5070 Ti, 35.35, 0, 0, 15692, 2310, 15051, 33, 5, 8
1791024031.856666925,2026/10/03 19:40:31.890, 1, NVIDIA GeForce RTX 5070 Ti, 64.36, 100, 14, 15169, 2295, 15051, 32, 5, 4
1791024031.856666925,2026/10/03 19:40:31.894, 2, NVIDIA GeForce RTX 5070 Ti, 41.21, 0, 0, 15816, 2295, 15051, 34, 5, 8
1791024031.856666925,2026/10/03 19:40:31.896, 3, NVIDIA GeForce RTX 5060 Ti, 3.87, 0, 0, 2, 210, 405, 28, 1, 4
1791024032.911373464,2026/10/03 19:40:32.941, 0, NVIDIA GeForce RTX 5070 Ti, 35.28, 0, 0, 15692, 2310, 15051, 33, 5, 8
1791024032.911373464,2026/10/03 19:40:32.944, 1, NVIDIA GeForce RTX 5070 Ti, 64.06, 100, 11, 15175, 2295, 15051, 32, 5, 4
1791024032.911373464,2026/10/03 19:40:32.947, 2, NVIDIA GeForce RTX 5070 Ti, 41.06, 0, 0, 15816, 2295, 15051, 34, 5, 8
1791024032.911373464,2026/10/03 19:40:32.949, 3, NVIDIA GeForce RTX 5060 Ti, 3.76, 0, 0, 2, 210, 405, 28, 1, 4
1791024033.964181147,2026/10/03 19:40:33.995, 0, NVIDIA GeForce RTX 5070 Ti, 35.37, 0, 0, 15692, 2310, 15051, 33, 5, 8
1791024033.964181147,2026/10/03 19:40:33.997, 1, NVIDIA GeForce RTX 5070 Ti, 68.19, 98, 25, 15205, 2280, 15051, 33, 5, 4
1791024033.964181147,2026/10/03 19:40:34.001, 2, NVIDIA GeForce RTX 5070 Ti, 40.99, 0, 0, 15816, 2295, 15051, 34, 5, 8
1791024033.964181147,2026/10/03 19:40:34.003, 3, NVIDIA GeForce RTX 5060 Ti, 3.78, 0, 0, 2, 210, 405, 28, 1, 4
1791024035.018987769,2026/10/03 19:40:35.049, 0, NVIDIA GeForce RTX 5070 Ti, 34.65, 0, 0, 15692, 2310, 15051, 33, 5, 8
1791024035.018987769,2026/10/03 19:40:35.052, 1, NVIDIA GeForce RTX 5070 Ti, 95.58, 98, 30, 15205, 2287, 15051, 34, 5, 4
1791024035.018987769,2026/10/03 19:40:35.055, 2, NVIDIA GeForce RTX 5070 Ti, 40.97, 0, 0, 15816, 2295, 15051, 34, 5, 8
1791024035.018987769,2026/10/03 19:40:35.057, 3, NVIDIA GeForce RTX 5060 Ti, 3.80, 0, 0, 2, 210, 405, 28, 1, 4
1791024036.073493040,2026/10/03 19:40:36.104, 0, NVIDIA GeForce RTX 5070 Ti, 69.36, 51, 33, 15692, 2280, 15051, 36, 5, 8
1791024036.073493040,2026/10/03 19:40:36.106, 1, NVIDIA GeForce RTX 5070 Ti, 38.22, 0, 0, 15205, 2295, 15051, 31, 5, 4
1791024036.073493040,2026/10/03 19:40:36.108, 2, NVIDIA GeForce RTX 5070 Ti, 72.79, 47, 21, 15816, 2302, 15051, 37, 5, 8
1791024036.073493040,2026/10/03 19:40:36.111, 3, NVIDIA GeForce RTX 5060 Ti, 4.01, 0, 0, 2, 210, 405, 28, 1, 4
1791024037.127298832,2026/10/03 19:40:37.157, 0, NVIDIA GeForce RTX 5070 Ti, 74.73, 45, 26, 15692, 2287, 15051, 35, 5, 8
1791024037.127298832,2026/10/03 19:40:37.161, 1, NVIDIA GeForce RTX 5070 Ti, 32.07, 0, 0, 15205, 2295, 15051, 31, 5, 4
1791024037.127298832,2026/10/03 19:40:37.163, 2, NVIDIA GeForce RTX 5070 Ti, 102.21, 49, 21, 15816, 2302, 15051, 38, 5, 8
1791024037.127298832,2026/10/03 19:40:37.167, 3, NVIDIA GeForce RTX 5060 Ti, 3.84, 0, 0, 2, 210, 405, 28, 1, 4
1791024038.182986281,2026/10/03 19:40:38.213, 0, NVIDIA GeForce RTX 5070 Ti, 72.75, 47, 25, 15692, 2287, 15051, 36, 5, 8
1791024038.182986281,2026/10/03 19:40:38.216, 1, NVIDIA GeForce RTX 5070 Ti, 32.06, 0, 0, 15205, 2295, 15051, 31, 5, 4
1791024038.182986281,2026/10/03 19:40:38.218, 2, NVIDIA GeForce RTX 5070 Ti, 100.40, 47, 21, 15816, 2302, 15051, 38, 5, 8
1791024038.182986281,2026/10/03 19:40:38.220, 3, NVIDIA GeForce RTX 5060 Ti, 3.99, 0, 0, 2, 210, 405, 28, 1, 4
1791024039.236187889,2026/10/03 19:40:39.267, 0, NVIDIA GeForce RTX 5070 Ti, 75.17, 48, 28, 15692, 2287, 15051, 36, 5, 8
1791024039.236187889,2026/10/03 19:40:39.270, 1, NVIDIA GeForce RTX 5070 Ti, 32.04, 0, 0, 15205, 2295, 15051, 31, 5, 4
1791024039.236187889,2026/10/03 19:40:39.272, 2, NVIDIA GeForce RTX 5070 Ti, 102.52, 48, 20, 15816, 2302, 15051, 39, 5, 8
1791024039.236187889,2026/10/03 19:40:39.274, 3, NVIDIA GeForce RTX 5060 Ti, 3.95, 0, 0, 2, 210, 405, 28, 1, 4
1791024040.290220601,2026/10/03 19:40:40.320, 0, NVIDIA GeForce RTX 5070 Ti, 75.58, 49, 30, 15692, 2287, 15051, 36, 5, 8
1791024040.290220601,2026/10/03 19:40:40.323, 1, NVIDIA GeForce RTX 5070 Ti, 31.99, 0, 0, 15205, 2295, 15051, 31, 5, 4
1791024040.290220601,2026/10/03 19:40:40.325, 2, NVIDIA GeForce RTX 5070 Ti, 102.51, 48, 22, 15816, 2302, 15051, 38, 5, 8
1791024040.290220601,2026/10/03 19:40:40.328, 3, NVIDIA GeForce RTX 5060 Ti, 3.87, 0, 0, 2, 210, 405, 28, 1, 4
1791024041.344605246,2026/10/03 19:40:41.375, 0, NVIDIA GeForce RTX 5070 Ti, 75.81, 51, 32, 15692, 2287, 15051, 36, 5, 8
1791024041.344605246,2026/10/03 19:40:41.378, 1, NVIDIA GeForce RTX 5070 Ti, 32.02, 0, 0, 15205, 2295, 15051, 31, 5, 4
1791024041.344605246,2026/10/03 19:40:41.379, 2, NVIDIA GeForce RTX 5070 Ti, 102.29, 50, 24, 15816, 2302, 15051, 39, 5, 8
1791024041.344605246,2026/10/03 19:40:41.382, 3, NVIDIA GeForce RTX 5060 Ti, 3.87, 0, 0, 2, 210, 405, 28, 1, 4
1791024042.398727601,2026/10/03 19:40:42.430, 0, NVIDIA GeForce RTX 5070 Ti, 75.11, 52, 30, 15692, 2287, 15051, 37, 5, 8
1791024042.398727601,2026/10/03 19:40:42.432, 1, NVIDIA GeForce RTX 5070 Ti, 32.17, 0, 0, 15205, 2295, 15051, 31, 5, 4
1791024042.398727601,2026/10/03 19:40:42.434, 2, NVIDIA GeForce RTX 5070 Ti, 102.27, 55, 24, 15816, 2302, 15051, 38, 5, 8
1791024042.398727601,2026/10/03 19:40:42.438, 3, NVIDIA GeForce RTX 5060 Ti, 3.85, 0, 0, 2, 210, 405, 28, 1, 4
1791024043.453884288,2026/10/03 19:40:43.484, 0, NVIDIA GeForce RTX 5070 Ti, 75.99, 47, 25, 15692, 2287, 15051, 37, 5, 8
1791024043.453884288,2026/10/03 19:40:43.486, 1, NVIDIA GeForce RTX 5070 Ti, 32.12, 0, 0, 15205, 2295, 15051, 31, 5, 4
1791024043.453884288,2026/10/03 19:40:43.488, 2, NVIDIA GeForce RTX 5070 Ti, 103.51, 52, 24, 15816, 2302, 15051, 39, 5, 8
1791024043.453884288,2026/10/03 19:40:43.491, 3, NVIDIA GeForce RTX 5060 Ti, 3.85, 0, 0, 2, 210, 405, 28, 1, 4
1791024044.507820176,2026/10/03 19:40:44.539, 0, NVIDIA GeForce RTX 5070 Ti, 75.00, 51, 28, 15692, 2280, 15051, 36, 5, 8
1791024044.507820176,2026/10/03 19:40:44.542, 1, NVIDIA GeForce RTX 5070 Ti, 32.07, 0, 0, 15205, 2295, 15051, 31, 5, 4
1791024044.507820176,2026/10/03 19:40:44.544, 2, NVIDIA GeForce RTX 5070 Ti, 101.58, 49, 23, 15816, 2302, 15051, 39, 5, 8
1791024044.507820176,2026/10/03 19:40:44.547, 3, NVIDIA GeForce RTX 5060 Ti, 3.82, 0, 0, 2, 210, 405, 28, 1, 4
1791024045.563185431,2026/10/03 19:40:45.594, 0, NVIDIA GeForce RTX 5070 Ti, 74.12, 46, 27, 15692, 2287, 15051, 37, 5, 8
1791024045.563185431,2026/10/03 19:40:45.598, 1, NVIDIA GeForce RTX 5070 Ti, 32.11, 0, 0, 15205, 2295, 15051, 31, 5, 4
1791024045.563185431,2026/10/03 19:40:45.599, 2, NVIDIA GeForce RTX 5070 Ti, 102.07, 52, 20, 15816, 2302, 15051, 39, 5, 8
1791024045.563185431,2026/10/03 19:40:45.602, 3, NVIDIA GeForce RTX 5060 Ti, 3.81, 0, 0, 2, 210, 405, 28, 1, 4
1791024046.618876540,2026/10/03 19:40:46.649, 0, NVIDIA GeForce RTX 5070 Ti, 74.81, 50, 31, 15692, 2280, 15051, 36, 5, 8
1791024046.618876540,2026/10/03 19:40:46.652, 1, NVIDIA GeForce RTX 5070 Ti, 32.06, 0, 0, 15205, 2295, 15051, 31, 5, 4
1791024046.618876540,2026/10/03 19:40:46.654, 2, NVIDIA GeForce RTX 5070 Ti, 99.97, 54, 26, 15816, 2302, 15051, 39, 5, 8
1791024046.618876540,2026/10/03 19:40:46.657, 3, NVIDIA GeForce RTX 5060 Ti, 3.88, 0, 0, 2, 210, 405, 28, 1, 4
1791024047.672697943,2026/10/03 19:40:47.703, 0, NVIDIA GeForce RTX 5070 Ti, 77.19, 50, 31, 15692, 2280, 15051, 37, 5, 8
1791024047.672697943,2026/10/03 19:40:47.707, 1, NVIDIA GeForce RTX 5070 Ti, 32.03, 0, 0, 15205, 2295, 15051, 31, 5, 4
1791024047.672697943,2026/10/03 19:40:47.709, 2, NVIDIA GeForce RTX 5070 Ti, 104.15, 48, 22, 15816, 2302, 15051, 39, 5, 8
1791024047.672697943,2026/10/03 19:40:47.712, 3, NVIDIA GeForce RTX 5060 Ti, 3.81, 0, 0, 2, 210, 405, 28, 1, 4
1791024048.727301107,2026/10/03 19:40:48.757, 0, NVIDIA GeForce RTX 5070 Ti, 76.04, 48, 30, 15692, 2280, 15051, 36, 5, 8
1791024048.727301107,2026/10/03 19:40:48.760, 1, NVIDIA GeForce RTX 5070 Ti, 31.97, 0, 0, 15205, 2295, 15051, 31, 5, 4
1791024048.727301107,2026/10/03 19:40:48.762, 2, NVIDIA GeForce RTX 5070 Ti, 103.70, 47, 22, 15816, 2302, 15051, 40, 5, 8
1791024048.727301107,2026/10/03 19:40:48.765, 3, NVIDIA GeForce RTX 5060 Ti, 3.68, 0, 0, 2, 210, 405, 28, 1, 4
1791024049.780960364,2026/10/03 19:40:49.811, 0, NVIDIA GeForce RTX 5070 Ti, 76.05, 44, 27, 15692, 2280, 15051, 37, 5, 8
1791024049.780960364,2026/10/03 19:40:49.814, 1, NVIDIA GeForce RTX 5070 Ti, 32.02, 0, 0, 15205, 2295, 15051, 31, 5, 4
1791024049.780960364,2026/10/03 19:40:49.816, 2, NVIDIA GeForce RTX 5070 Ti, 102.97, 43, 20, 15816, 2302, 15051, 41, 5, 8
1791024049.780960364,2026/10/03 19:40:49.818, 3, NVIDIA GeForce RTX 5060 Ti, 3.71, 0, 0, 2, 210, 405, 28, 1, 4
1791024050.833793187,2026/10/03 19:40:50.864, 0, NVIDIA GeForce RTX 5070 Ti, 75.47, 45, 28, 15692, 2287, 15051, 36, 5, 8
1791024050.833793187,2026/10/03 19:40:50.867, 1, NVIDIA GeForce RTX 5070 Ti, 31.94, 0, 0, 15205, 2295, 15051, 31, 5, 4
1791024050.833793187,2026/10/03 19:40:50.869, 2, NVIDIA GeForce RTX 5070 Ti, 102.48, 50, 24, 15816, 2302, 15051, 40, 5, 8
1791024050.833793187,2026/10/03 19:40:50.872, 3, NVIDIA GeForce RTX 5060 Ti, 3.75, 0, 0, 2, 210, 405, 28, 1, 4
1791024051.887782897,2026/10/03 19:40:51.918, 0, NVIDIA GeForce RTX 5070 Ti, 75.26, 50, 31, 15692, 2280, 15051, 38, 5, 8
1791024051.887782897,2026/10/03 19:40:51.920, 1, NVIDIA GeForce RTX 5070 Ti, 32.02, 0, 0, 15205, 2295, 15051, 31, 5, 4
1791024051.887782897,2026/10/03 19:40:51.922, 2, NVIDIA GeForce RTX 5070 Ti, 103.37, 53, 24, 15816, 2302, 15051, 40, 5, 8
1791024051.887782897,2026/10/03 19:40:51.926, 3, NVIDIA GeForce RTX 5060 Ti, 3.74, 0, 0, 2, 210, 405, 28, 1, 4
1791024052.941535558,2026/10/03 19:40:52.973, 0, NVIDIA GeForce RTX 5070 Ti, 78.08, 45, 28, 15692, 2280, 15051, 37, 5, 8
1791024052.941535558,2026/10/03 19:40:52.976, 1, NVIDIA GeForce RTX 5070 Ti, 29.69, 0, 0, 15205, 1680, 7001, 31, 2, 4
1791024052.941535558,2026/10/03 19:40:52.980, 2, NVIDIA GeForce RTX 5070 Ti, 106.08, 55, 24, 15816, 2302, 15051, 40, 5, 8
1791024052.941535558,2026/10/03 19:40:52.983, 3, NVIDIA GeForce RTX 5060 Ti, 3.59, 0, 0, 2, 210, 405, 28, 1, 4
1791024053.999479376,2026/10/03 19:40:54.030, 0, NVIDIA GeForce RTX 5070 Ti, 75.70, 45, 28, 15692, 2287, 15051, 37, 5, 8
1791024053.999479376,2026/10/03 19:40:54.033, 1, NVIDIA GeForce RTX 5070 Ti, 15.49, 0, 0, 15205, 345, 810, 30, 2, 4
1791024053.999479376,2026/10/03 19:40:54.038, 2, NVIDIA GeForce RTX 5070 Ti, 103.75, 48, 22, 15816, 2302, 15051, 41, 5, 8
1791024053.999479376,2026/10/03 19:40:54.040, 3, NVIDIA GeForce RTX 5060 Ti, 3.65, 0, 0, 2, 210, 405, 28, 1, 4
1791024055.057080382,2026/10/03 19:40:55.088, 0, NVIDIA GeForce RTX 5070 Ti, 76.17, 50, 31, 15692, 2287, 15051, 37, 5, 8
1791024055.057080382,2026/10/03 19:40:55.091, 1, NVIDIA GeForce RTX 5070 Ti, 8.85, 0, 0, 15205, 202, 810, 30, 1, 4
1791024055.057080382,2026/10/03 19:40:55.095, 2, NVIDIA GeForce RTX 5070 Ti, 102.96, 47, 21, 15816, 2302, 15051, 41, 5, 8
1791024055.057080382,2026/10/03 19:40:55.097, 3, NVIDIA GeForce RTX 5060 Ti, 3.80, 0, 0, 2, 210, 405, 28, 1, 4
1791024056.115356534,2026/10/03 19:40:56.146, 0, NVIDIA GeForce RTX 5070 Ti, 77.60, 52, 30, 15692, 2280, 15051, 37, 5, 8
1791024056.115356534,2026/10/03 19:40:56.149, 1, NVIDIA GeForce RTX 5070 Ti, 8.28, 0, 0, 15205, 195, 405, 30, 1, 4
1791024056.115356534,2026/10/03 19:40:56.154, 2, NVIDIA GeForce RTX 5070 Ti, 105.51, 53, 24, 15816, 2302, 15051, 41, 5, 8
1791024056.115356534,2026/10/03 19:40:56.157, 3, NVIDIA GeForce RTX 5060 Ti, 3.73, 0, 0, 2, 210, 405, 28, 1, 4
1791024057.175042443,2026/10/03 19:40:57.207, 0, NVIDIA GeForce RTX 5070 Ti, 74.42, 49, 26, 15692, 2287, 15051, 38, 5, 8
1791024057.175042443,2026/10/03 19:40:57.210, 1, NVIDIA GeForce RTX 5070 Ti, 7.78, 0, 0, 15205, 195, 405, 30, 1, 4
1791024057.175042443,2026/10/03 19:40:57.214, 2, NVIDIA GeForce RTX 5070 Ti, 102.34, 47, 21, 15816, 2302, 15051, 43, 5, 8
1791024057.175042443,2026/10/03 19:40:57.217, 3, NVIDIA GeForce RTX 5060 Ti, 3.80, 0, 0, 2, 210, 405, 28, 1, 4
1791024058.234393878,2026/10/03 19:40:58.266, 0, NVIDIA GeForce RTX 5070 Ti, 77.18, 50, 27, 15692, 2280, 15051, 38, 5, 8
1791024058.234393878,2026/10/03 19:40:58.270, 1, NVIDIA GeForce RTX 5070 Ti, 7.57, 0, 0, 15205, 195, 405, 30, 1, 4
1791024058.234393878,2026/10/03 19:40:58.274, 2, NVIDIA GeForce RTX 5070 Ti, 104.89, 50, 22, 15816, 2302, 15051, 42, 5, 8
1791024058.234393878,2026/10/03 19:40:58.277, 3, NVIDIA GeForce RTX 5060 Ti, 3.79, 0, 0, 2, 210, 405, 28, 1, 4
1791024059.294740664,2026/10/03 19:40:59.326, 0, NVIDIA GeForce RTX 5070 Ti, 77.83, 52, 31, 15692, 2280, 15051, 38, 5, 8
1791024059.294740664,2026/10/03 19:40:59.328, 1, NVIDIA GeForce RTX 5070 Ti, 7.66, 0, 0, 15205, 195, 405, 30, 1, 4
1791024059.294740664,2026/10/03 19:40:59.333, 2, NVIDIA GeForce RTX 5070 Ti, 104.61, 49, 21, 15816, 2302, 15051, 43, 5, 8
1791024059.294740664,2026/10/03 19:40:59.336, 3, NVIDIA GeForce RTX 5060 Ti, 3.81, 0, 0, 2, 210, 405, 28, 1, 4
1791024060.352542077,2026/10/03 19:41:00.384, 0, NVIDIA GeForce RTX 5070 Ti, 76.90, 45, 27, 15692, 2280, 15051, 37, 5, 8
1791024060.352542077,2026/10/03 19:41:00.387, 1, NVIDIA GeForce RTX 5070 Ti, 7.72, 0, 0, 15205, 195, 405, 30, 1, 4
1791024060.352542077,2026/10/03 19:41:00.391, 2, NVIDIA GeForce RTX 5070 Ti, 104.96, 51, 22, 15816, 2302, 15051, 43, 5, 8
1791024060.352542077,2026/10/03 19:41:00.393, 3, NVIDIA GeForce RTX 5060 Ti, 3.83, 0, 0, 2, 210, 405, 28, 1, 4
1791024061.411616382,2026/10/03 19:41:01.442, 0, NVIDIA GeForce RTX 5070 Ti, 74.50, 50, 26, 15692, 2287, 15051, 37, 5, 8
1791024061.411616382,2026/10/03 19:41:01.445, 1, NVIDIA GeForce RTX 5070 Ti, 7.79, 0, 0, 15205, 195, 405, 30, 1, 4
1791024061.411616382,2026/10/03 19:41:01.448, 2, NVIDIA GeForce RTX 5070 Ti, 100.88, 53, 21, 15816, 2302, 15051, 42, 5, 8
1791024061.411616382,2026/10/03 19:41:01.450, 3, NVIDIA GeForce RTX 5060 Ti, 3.86, 0, 0, 2, 210, 405, 28, 1, 4
1791024062.467322170,2026/10/03 19:41:02.498, 0, NVIDIA GeForce RTX 5070 Ti, 44.26, 0, 0, 15692, 2295, 15051, 35, 5, 8
1791024062.467322170,2026/10/03 19:41:02.501, 1, NVIDIA GeForce RTX 5070 Ti, 49.50, 99, 40, 15205, 2287, 15051, 35, 5, 4
1791024062.467322170,2026/10/03 19:41:02.504, 2, NVIDIA GeForce RTX 5070 Ti, 54.14, 0, 0, 15816, 2302, 15051, 39, 5, 8
1791024062.467322170,2026/10/03 19:41:02.506, 3, NVIDIA GeForce RTX 5060 Ti, 4.02, 0, 0, 2, 210, 405, 28, 1, 4
1791024063.522076041,2026/10/03 19:41:03.553, 0, NVIDIA GeForce RTX 5070 Ti, 29.24, 0, 0, 15692, 2295, 15051, 34, 5, 8
1791024063.522076041,2026/10/03 19:41:03.556, 1, NVIDIA GeForce RTX 5070 Ti, 105.84, 98, 35, 15205, 2287, 15051, 36, 5, 4
1791024063.522076041,2026/10/03 19:41:03.560, 2, NVIDIA GeForce RTX 5070 Ti, 41.87, 0, 0, 15816, 2302, 15051, 38, 5, 8
1791024063.522076041,2026/10/03 19:41:03.562, 3, NVIDIA GeForce RTX 5060 Ti, 4.12, 0, 0, 2, 210, 405, 28, 1, 4
1791024064.578368594,2026/10/03 19:41:04.609, 0, NVIDIA GeForce RTX 5070 Ti, 29.34, 0, 0, 15692, 2295, 15051, 34, 5, 8
1791024064.578368594,2026/10/03 19:41:04.612, 1, NVIDIA GeForce RTX 5070 Ti, 100.20, 99, 33, 15205, 2295, 15051, 36, 5, 4
1791024064.578368594,2026/10/03 19:41:04.615, 2, NVIDIA GeForce RTX 5070 Ti, 41.72, 0, 0, 15816, 2302, 15051, 38, 5, 8
1791024064.578368594,2026/10/03 19:41:04.617, 3, NVIDIA GeForce RTX 5060 Ti, 4.28, 0, 0, 2, 210, 405, 28, 1, 4
1791024065.635094694,2026/10/03 19:41:05.665, 0, NVIDIA GeForce RTX 5070 Ti, 29.43, 0, 0, 15692, 2295, 15051, 34, 5, 8
1791024065.635094694,2026/10/03 19:41:05.667, 1, NVIDIA GeForce RTX 5070 Ti, 103.61, 97, 36, 15205, 2287, 15051, 36, 5, 4
1791024065.635094694,2026/10/03 19:41:05.671, 2, NVIDIA GeForce RTX 5070 Ti, 41.89, 0, 0, 15816, 2302, 15051, 38, 5, 8
1791024065.635094694,2026/10/03 19:41:05.673, 3, NVIDIA GeForce RTX 5060 Ti, 4.16, 0, 0, 2, 210, 405, 28, 1, 4
1791024066.689735280,2026/10/03 19:41:06.719, 0, NVIDIA GeForce RTX 5070 Ti, 29.41, 0, 0, 15692, 2295, 15051, 34, 5, 8
1791024066.689735280,2026/10/03 19:41:06.722, 1, NVIDIA GeForce RTX 5070 Ti, 105.50, 98, 35, 15205, 2295, 15051, 37, 5, 4
1791024066.689735280,2026/10/03 19:41:06.725, 2, NVIDIA GeForce RTX 5070 Ti, 41.85, 0, 0, 15816, 2302, 15051, 38, 5, 8
1791024066.689735280,2026/10/03 19:41:06.727, 3, NVIDIA GeForce RTX 5060 Ti, 4.16, 0, 0, 2, 210, 405, 28, 1, 4
1791024067.743294432,2026/10/03 19:41:07.775, 0, NVIDIA GeForce RTX 5070 Ti, 29.40, 0, 0, 15692, 2295, 15051, 34, 5, 8
1791024067.743294432,2026/10/03 19:41:07.777, 1, NVIDIA GeForce RTX 5070 Ti, 110.19, 98, 34, 15205, 2287, 15051, 38, 5, 4
1791024067.743294432,2026/10/03 19:41:07.781, 2, NVIDIA GeForce RTX 5070 Ti, 41.83, 0, 0, 15816, 2302, 15051, 38, 5, 8
1791024067.743294432,2026/10/03 19:41:07.783, 3, NVIDIA GeForce RTX 5060 Ti, 4.15, 0, 0, 2, 210, 405, 28, 1, 4
1791024068.799737661,2026/10/03 19:41:08.830, 0, NVIDIA GeForce RTX 5070 Ti, 29.44, 0, 0, 15692, 2295, 15051, 34, 5, 8
1791024068.799737661,2026/10/03 19:41:08.833, 1, NVIDIA GeForce RTX 5070 Ti, 99.39, 98, 30, 15205, 2295, 15051, 37, 5, 4
1791024068.799737661,2026/10/03 19:41:08.837, 2, NVIDIA GeForce RTX 5070 Ti, 41.88, 0, 0, 15816, 2302, 15051, 38, 5, 8
1791024068.799737661,2026/10/03 19:41:08.839, 3, NVIDIA GeForce RTX 5060 Ti, 4.10, 0, 0, 2, 202, 405, 28, 1, 4
1791024069.854974611,2026/10/03 19:41:09.886, 0, NVIDIA GeForce RTX 5070 Ti, 29.27, 0, 0, 15692, 2295, 15051, 34, 5, 8
1791024069.854974611,2026/10/03 19:41:09.888, 1, NVIDIA GeForce RTX 5070 Ti, 102.78, 100, 41, 15205, 2287, 15051, 37, 5, 4
1791024069.854974611,2026/10/03 19:41:09.891, 2, NVIDIA GeForce RTX 5070 Ti, 41.86, 0, 0, 15816, 2302, 15051, 38, 5, 8
1791024069.854974611,2026/10/03 19:41:09.893, 3, NVIDIA GeForce RTX 5060 Ti, 4.09, 0, 0, 2, 210, 405, 28, 1, 4
1791024070.909379697,2026/10/03 19:41:10.943, 0, NVIDIA GeForce RTX 5070 Ti, 29.23, 0, 0, 15692, 2295, 15051, 34, 5, 8
1791024070.909379697,2026/10/03 19:41:10.946, 1, NVIDIA GeForce RTX 5070 Ti, 104.82, 98, 39, 15205, 2295, 15051, 37, 5, 4
1791024070.909379697,2026/10/03 19:41:10.949, 2, NVIDIA GeForce RTX 5070 Ti, 41.99, 0, 0, 15816, 2302, 15051, 38, 5, 8
1791024070.909379697,2026/10/03 19:41:10.951, 3, NVIDIA GeForce RTX 5060 Ti, 4.05, 0, 0, 2, 210, 405, 28, 1, 4
1791024071.967758594,2026/10/03 19:41:11.997, 0, NVIDIA GeForce RTX 5070 Ti, 29.18, 0, 0, 15692, 2295, 15051, 34, 5, 8
1791024071.967758594,2026/10/03 19:41:12.000, 1, NVIDIA GeForce RTX 5070 Ti, 102.90, 98, 33, 15205, 2287, 15051, 38, 5, 4
1791024071.967758594,2026/10/03 19:41:12.004, 2, NVIDIA GeForce RTX 5070 Ti, 42.11, 0, 0, 15816, 2302, 15051, 38, 5, 8
1791024071.967758594,2026/10/03 19:41:12.006, 3, NVIDIA GeForce RTX 5060 Ti, 4.01, 0, 0, 2, 210, 405, 28, 1, 4
1791024073.023093908,2026/10/03 19:41:13.053, 0, NVIDIA GeForce RTX 5070 Ti, 29.16, 0, 0, 15692, 2295, 15051, 34, 5, 8
1791024073.023093908,2026/10/03 19:41:13.055, 1, NVIDIA GeForce RTX 5070 Ti, 102.56, 98, 31, 15205, 2295, 15051, 37, 5, 4
1791024073.023093908,2026/10/03 19:41:13.058, 2, NVIDIA GeForce RTX 5070 Ti, 42.00, 0, 0, 15816, 2302, 15051, 38, 5, 8
1791024073.023093908,2026/10/03 19:41:13.060, 3, NVIDIA GeForce RTX 5060 Ti, 4.09, 0, 0, 2, 210, 405, 28, 1, 4
1791024074.075403320,2026/10/03 19:41:14.106, 0, NVIDIA GeForce RTX 5070 Ti, 29.14, 0, 0, 15692, 2295, 15051, 34, 5, 8
1791024074.075403320,2026/10/03 19:41:14.109, 1, NVIDIA GeForce RTX 5070 Ti, 104.46, 99, 26, 15205, 2295, 15051, 38, 5, 4
1791024074.075403320,2026/10/03 19:41:14.112, 2, NVIDIA GeForce RTX 5070 Ti, 41.92, 0, 0, 15816, 2302, 15051, 38, 5, 8
1791024074.075403320,2026/10/03 19:41:14.114, 3, NVIDIA GeForce RTX 5060 Ti, 4.14, 0, 0, 2, 210, 405, 28, 1, 4
1791024075.132147341,2026/10/03 19:41:15.163, 0, NVIDIA GeForce RTX 5070 Ti, 29.04, 0, 0, 15692, 2295, 15051, 34, 5, 8
1791024075.132147341,2026/10/03 19:41:15.166, 1, NVIDIA GeForce RTX 5070 Ti, 109.44, 98, 41, 15205, 2287, 15051, 39, 5, 4
1791024075.132147341,2026/10/03 19:41:15.169, 2, NVIDIA GeForce RTX 5070 Ti, 41.92, 0, 0, 15816, 2302, 15051, 38, 5, 8
1791024075.132147341,2026/10/03 19:41:15.171, 3, NVIDIA GeForce RTX 5060 Ti, 4.05, 0, 0, 2, 210, 405, 28, 1, 4
1791024076.187624351,2026/10/03 19:41:16.218, 0, NVIDIA GeForce RTX 5070 Ti, 29.11, 0, 0, 15692, 2295, 15051, 34, 5, 8
1791024076.187624351,2026/10/03 19:41:16.220, 1, NVIDIA GeForce RTX 5070 Ti, 101.13, 99, 34, 15205, 2287, 15051, 39, 5, 4
1791024076.187624351,2026/10/03 19:41:16.223, 2, NVIDIA GeForce RTX 5070 Ti, 41.99, 0, 0, 15816, 2302, 15051, 39, 5, 8
1791024076.187624351,2026/10/03 19:41:16.225, 3, NVIDIA GeForce RTX 5060 Ti, 4.00, 0, 0, 2, 210, 405, 28, 1, 4
1791024077.243112341,2026/10/03 19:41:17.274, 0, NVIDIA GeForce RTX 5070 Ti, 29.05, 0, 0, 15692, 2295, 15051, 34, 5, 8
1791024077.243112341,2026/10/03 19:41:17.277, 1, NVIDIA GeForce RTX 5070 Ti, 95.75, 100, 30, 15205, 2295, 15051, 38, 5, 4
1791024077.243112341,2026/10/03 19:41:17.280, 2, NVIDIA GeForce RTX 5070 Ti, 41.98, 0, 0, 15816, 2302, 15051, 39, 5, 8
1791024077.243112341,2026/10/03 19:41:17.282, 3, NVIDIA GeForce RTX 5060 Ti, 4.00, 0, 0, 2, 210, 405, 28, 1, 4
1791024078.298166764,2026/10/03 19:41:18.332, 0, NVIDIA GeForce RTX 5070 Ti, 29.12, 0, 0, 15692, 2295, 15051, 34, 5, 8
1791024078.298166764,2026/10/03 19:41:18.335, 1, NVIDIA GeForce RTX 5070 Ti, 103.41, 100, 30, 15205, 2287, 15051, 39, 5, 4
1791024078.298166764,2026/10/03 19:41:18.338, 2, NVIDIA GeForce RTX 5070 Ti, 36.76, 0, 0, 15816, 420, 810, 38, 2, 8
1791024078.298166764,2026/10/03 19:41:18.343, 3, NVIDIA GeForce RTX 5060 Ti, 3.93, 0, 0, 2, 210, 405, 28, 1, 4
1791024079.362310982,2026/10/03 19:41:19.395, 0, NVIDIA GeForce RTX 5070 Ti, 19.97, 0, 0, 15692, 397, 810, 34, 2, 8
1791024079.362310982,2026/10/03 19:41:19.401, 1, NVIDIA GeForce RTX 5070 Ti, 102.93, 98, 30, 15205, 2287, 15051, 38, 5, 4
1791024079.362310982,2026/10/03 19:41:19.404, 2, NVIDIA GeForce RTX 5070 Ti, 26.33, 0, 0, 15816, 330, 810, 38, 2, 8
1791024079.362310982,2026/10/03 19:41:19.409, 3, NVIDIA GeForce RTX 5060 Ti, 4.00, 0, 0, 2, 210, 405, 28, 1, 4
1791024080.456411465,2026/10/03 19:41:20.490, 0, NVIDIA GeForce RTX 5070 Ti, 15.52, 0, 0, 15692, 345, 810, 34, 2, 8
1791024080.456411465,2026/10/03 19:41:20.495, 1, NVIDIA GeForce RTX 5070 Ti, 103.87, 98, 28, 15205, 2287, 15051, 39, 5, 4
1791024080.456411465,2026/10/03 19:41:20.498, 2, NVIDIA GeForce RTX 5070 Ti, 18.79, 0, 0, 15816, 195, 810, 38, 1, 8
1791024080.456411465,2026/10/03 19:41:20.502, 3, NVIDIA GeForce RTX 5060 Ti, 4.07, 0, 0, 2, 202, 405, 28, 1, 4
1791024081.521306213,2026/10/03 19:41:21.554, 0, NVIDIA GeForce RTX 5070 Ti, 8.83, 0, 0, 15692, 195, 405, 33, 1, 8
1791024081.521306213,2026/10/03 19:41:21.559, 1, NVIDIA GeForce RTX 5070 Ti, 110.56, 97, 40, 15205, 2287, 15051, 40, 5, 4
1791024081.521306213,2026/10/03 19:41:21.562, 2, NVIDIA GeForce RTX 5070 Ti, 16.15, 0, 0, 15816, 195, 405, 37, 1, 8
1791024081.521306213,2026/10/03 19:41:21.567, 3, NVIDIA GeForce RTX 5060 Ti, 4.09, 0, 0, 2, 210, 405, 28, 1, 4
1791024082.585567236,2026/10/03 19:41:22.619, 0, NVIDIA GeForce RTX 5070 Ti, 6.61, 0, 0, 15692, 195, 405, 33, 1, 8
1791024082.585567236,2026/10/03 19:41:22.624, 1, NVIDIA GeForce RTX 5070 Ti, 108.53, 98, 42, 15205, 2287, 15051, 40, 5, 4
1791024082.585567236,2026/10/03 19:41:22.627, 2, NVIDIA GeForce RTX 5070 Ti, 15.98, 0, 0, 15816, 195, 405, 37, 1, 8
1791024082.585567236,2026/10/03 19:41:22.631, 3, NVIDIA GeForce RTX 5060 Ti, 4.04, 0, 0, 2, 210, 405, 28, 1, 4
1791024083.649635082,2026/10/03 19:41:23.683, 0, NVIDIA GeForce RTX 5070 Ti, 6.60, 0, 0, 15692, 195, 405, 33, 1, 8
1791024083.649635082,2026/10/03 19:41:23.688, 1, NVIDIA GeForce RTX 5070 Ti, 107.81, 98, 38, 15205, 2287, 15051, 40, 5, 4
1791024083.649635082,2026/10/03 19:41:23.691, 2, NVIDIA GeForce RTX 5070 Ti, 15.85, 0, 0, 15816, 195, 405, 37, 1, 8
1791024083.649635082,2026/10/03 19:41:23.695, 3, NVIDIA GeForce RTX 5060 Ti, 4.07, 0, 0, 2, 210, 405, 28, 1, 4
1791024084.714833642,2026/10/03 19:41:24.748, 0, NVIDIA GeForce RTX 5070 Ti, 6.64, 0, 0, 15692, 195, 405, 33, 1, 8
1791024084.714833642,2026/10/03 19:41:24.753, 1, NVIDIA GeForce RTX 5070 Ti, 98.21, 100, 32, 15205, 2295, 15051, 40, 5, 4
1791024084.714833642,2026/10/03 19:41:24.756, 2, NVIDIA GeForce RTX 5070 Ti, 15.82, 0, 0, 15816, 195, 405, 37, 1, 8
1791024084.714833642,2026/10/03 19:41:24.760, 3, NVIDIA GeForce RTX 5060 Ti, 4.15, 0, 0, 2, 210, 405, 28, 1, 4
1791024085.779027593,2026/10/03 19:41:25.813, 0, NVIDIA GeForce RTX 5070 Ti, 6.54, 0, 0, 15692, 195, 405, 33, 1, 8
1791024085.779027593,2026/10/03 19:41:25.818, 1, NVIDIA GeForce RTX 5070 Ti, 107.47, 100, 36, 15205, 2287, 15051, 41, 5, 4
1791024085.779027593,2026/10/03 19:41:25.821, 2, NVIDIA GeForce RTX 5070 Ti, 15.96, 0, 0, 15816, 195, 405, 37, 1, 8
1791024085.779027593,2026/10/03 19:41:25.825, 3, NVIDIA GeForce RTX 5060 Ti, 4.08, 0, 0, 2, 210, 405, 28, 1, 4
1791024086.844513285,2026/10/03 19:41:26.878, 0, NVIDIA GeForce RTX 5070 Ti, 6.58, 0, 0, 15692, 195, 405, 33, 1, 8
1791024086.844513285,2026/10/03 19:41:26.883, 1, NVIDIA GeForce RTX 5070 Ti, 106.89, 100, 30, 15205, 2287, 15051, 41, 5, 4
1791024086.844513285,2026/10/03 19:41:26.887, 2, NVIDIA GeForce RTX 5070 Ti, 16.03, 0, 1, 15816, 195, 405, 37, 1, 8
1791024086.844513285,2026/10/03 19:41:26.892, 3, NVIDIA GeForce RTX 5060 Ti, 4.01, 0, 0, 2, 202, 405, 28, 1, 4
1791024087.911487247,2026/10/03 19:41:27.944, 0, NVIDIA GeForce RTX 5070 Ti, 6.64, 0, 0, 15692, 195, 405, 33, 1, 8
1791024087.911487247,2026/10/03 19:41:27.949, 1, NVIDIA GeForce RTX 5070 Ti, 106.49, 100, 31, 15205, 2287, 15051, 41, 5, 4
1791024087.911487247,2026/10/03 19:41:27.951, 2, NVIDIA GeForce RTX 5070 Ti, 16.06, 0, 0, 15816, 195, 405, 37, 1, 8
1791024087.911487247,2026/10/03 19:41:27.956, 3, NVIDIA GeForce RTX 5060 Ti, 4.05, 0, 0, 2, 210, 405, 28, 1, 4
1791024088.974738349,2026/10/03 19:41:29.007, 0, NVIDIA GeForce RTX 5070 Ti, 6.62, 0, 0, 15692, 195, 405, 33, 1, 8
1791024088.974738349,2026/10/03 19:41:29.012, 1, NVIDIA GeForce RTX 5070 Ti, 105.25, 98, 32, 15205, 2287, 15051, 41, 5, 4
1791024088.974738349,2026/10/03 19:41:29.015, 2, NVIDIA GeForce RTX 5070 Ti, 16.00, 0, 0, 15816, 195, 405, 37, 1, 8
1791024088.974738349,2026/10/03 19:41:29.019, 3, NVIDIA GeForce RTX 5060 Ti, 3.98, 0, 0, 2, 210, 405, 28, 1, 4
1791024090.037712111,2026/10/03 19:41:30.071, 0, NVIDIA GeForce RTX 5070 Ti, 6.62, 0, 0, 15692, 195, 405, 33, 1, 8
1791024090.037712111,2026/10/03 19:41:30.076, 1, NVIDIA GeForce RTX 5070 Ti, 109.08, 99, 32, 15205, 2287, 15051, 41, 5, 4
1791024090.037712111,2026/10/03 19:41:30.079, 2, NVIDIA GeForce RTX 5070 Ti, 16.00, 0, 0, 15816, 195, 405, 37, 1, 8
1791024090.037712111,2026/10/03 19:41:30.083, 3, NVIDIA GeForce RTX 5060 Ti, 3.98, 0, 0, 2, 210, 405, 28, 1, 4
1791024091.101708043,2026/10/03 19:41:31.133, 0, NVIDIA GeForce RTX 5070 Ti, 6.66, 0, 1, 15692, 195, 405, 33, 1, 8
1791024091.101708043,2026/10/03 19:41:31.138, 1, NVIDIA GeForce RTX 5070 Ti, 113.10, 98, 41, 15205, 2287, 15051, 41, 5, 4
1791024091.101708043,2026/10/03 19:41:31.141, 2, NVIDIA GeForce RTX 5070 Ti, 16.07, 0, 0, 15816, 195, 405, 37, 1, 8
1791024091.101708043,2026/10/03 19:41:31.145, 3, NVIDIA GeForce RTX 5060 Ti, 4.14, 0, 0, 2, 210, 405, 28, 1, 4
1791024092.163629422,2026/10/03 19:41:32.197, 0, NVIDIA GeForce RTX 5070 Ti, 6.63, 0, 0, 15692, 195, 405, 33, 1, 8
1791024092.163629422,2026/10/03 19:41:32.202, 1, NVIDIA GeForce RTX 5070 Ti, 106.90, 99, 13, 15205, 2287, 15051, 40, 5, 4
1791024092.163629422,2026/10/03 19:41:32.205, 2, NVIDIA GeForce RTX 5070 Ti, 16.09, 0, 0, 15816, 195, 405, 37, 1, 8
1791024092.163629422,2026/10/03 19:41:32.210, 3, NVIDIA GeForce RTX 5060 Ti, 4.00, 0, 0, 2, 210, 405, 28, 1, 4
1791024093.228726458,2026/10/03 19:41:33.261, 0, NVIDIA GeForce RTX 5070 Ti, 6.61, 0, 0, 15692, 195, 405, 33, 1, 8
1791024093.228726458,2026/10/03 19:41:33.266, 1, NVIDIA GeForce RTX 5070 Ti, 103.26, 100, 34, 15205, 2287, 15051, 42, 5, 4
1791024093.228726458,2026/10/03 19:41:33.268, 2, NVIDIA GeForce RTX 5070 Ti, 16.02, 0, 0, 15816, 195, 405, 37, 1, 8
1791024093.228726458,2026/10/03 19:41:33.273, 3, NVIDIA GeForce RTX 5060 Ti, 3.99, 0, 0, 2, 210, 405, 28, 1, 4
1791024094.291829785,2026/10/03 19:41:34.325, 0, NVIDIA GeForce RTX 5070 Ti, 6.65, 0, 0, 15692, 195, 405, 33, 1, 8
1791024094.291829785,2026/10/03 19:41:34.329, 1, NVIDIA GeForce RTX 5070 Ti, 108.17, 100, 31, 15205, 2287, 15051, 42, 5, 4
1791024094.291829785,2026/10/03 19:41:34.333, 2, NVIDIA GeForce RTX 5070 Ti, 15.89, 0, 0, 15816, 195, 405, 37, 1, 8
1791024094.291829785,2026/10/03 19:41:34.337, 3, NVIDIA GeForce RTX 5060 Ti, 4.09, 0, 0, 2, 210, 405, 28, 1, 4
1791024095.356095538,2026/10/03 19:41:35.389, 0, NVIDIA GeForce RTX 5070 Ti, 6.63, 0, 0, 15692, 195, 405, 33, 1, 8
1791024095.356095538,2026/10/03 19:41:35.394, 1, NVIDIA GeForce RTX 5070 Ti, 104.22, 100, 29, 15205, 2287, 15051, 41, 5, 4
1791024095.356095538,2026/10/03 19:41:35.397, 2, NVIDIA GeForce RTX 5070 Ti, 15.89, 0, 0, 15816, 195, 405, 37, 1, 8
1791024095.356095538,2026/10/03 19:41:35.401, 3, NVIDIA GeForce RTX 5060 Ti, 4.18, 0, 0, 2, 210, 405, 28, 1, 4
1791024096.420280878,2026/10/03 19:41:36.453, 0, NVIDIA GeForce RTX 5070 Ti, 6.63, 0, 0, 15692, 195, 405, 33, 1, 8
1791024096.420280878,2026/10/03 19:41:36.458, 1, NVIDIA GeForce RTX 5070 Ti, 107.32, 100, 36, 15205, 2287, 15051, 43, 5, 4
1791024096.420280878,2026/10/03 19:41:36.461, 2, NVIDIA GeForce RTX 5070 Ti, 15.86, 0, 1, 15816, 195, 405, 37, 1, 8
1791024096.420280878,2026/10/03 19:41:36.466, 3, NVIDIA GeForce RTX 5060 Ti, 4.17, 0, 0, 2, 210, 405, 28, 1, 4
1791024097.485663036,2026/10/03 19:41:37.518, 0, NVIDIA GeForce RTX 5070 Ti, 6.68, 0, 0, 15692, 195, 405, 33, 1, 8
1791024097.485663036,2026/10/03 19:41:37.523, 1, NVIDIA GeForce RTX 5070 Ti, 110.50, 100, 41, 15205, 2295, 15051, 42, 5, 4
1791024097.485663036,2026/10/03 19:41:37.526, 2, NVIDIA GeForce RTX 5070 Ti, 15.89, 0, 0, 15816, 195, 405, 37, 1, 8
1791024097.485663036,2026/10/03 19:41:37.531, 3, NVIDIA GeForce RTX 5060 Ti, 4.20, 0, 0, 2, 210, 405, 28, 1, 4
1791024098.551461751,2026/10/03 19:41:38.584, 0, NVIDIA GeForce RTX 5070 Ti, 6.76, 0, 0, 15692, 195, 405, 33, 1, 8
1791024098.551461751,2026/10/03 19:41:38.588, 1, NVIDIA GeForce RTX 5070 Ti, 111.54, 98, 36, 15205, 2287, 15051, 43, 5, 4
1791024098.551461751,2026/10/03 19:41:38.592, 2, NVIDIA GeForce RTX 5070 Ti, 15.91, 0, 0, 15816, 195, 405, 37, 1, 8
1791024098.551461751,2026/10/03 19:41:38.596, 3, NVIDIA GeForce RTX 5060 Ti, 4.19, 0, 0, 2, 210, 405, 28, 1, 4
1791024099.616438193,2026/10/03 19:41:39.652, 0, NVIDIA GeForce RTX 5070 Ti, 6.66, 0, 0, 15692, 195, 405, 33, 1, 8
1791024099.616438193,2026/10/03 19:41:39.656, 1, NVIDIA GeForce RTX 5070 Ti, 103.72, 98, 34, 15205, 2287, 15051, 43, 5, 4
1791024099.616438193,2026/10/03 19:41:39.659, 2, NVIDIA GeForce RTX 5070 Ti, 15.89, 0, 0, 15816, 195, 405, 37, 1, 8
1791024099.616438193,2026/10/03 19:41:39.663, 3, NVIDIA GeForce RTX 5060 Ti, 4.07, 0, 0, 2, 210, 405, 28, 1, 4
1791024100.682016819,2026/10/03 19:41:40.715, 0, NVIDIA GeForce RTX 5070 Ti, 52.51, 49, 28, 15692, 2287, 15051, 37, 5, 8
1791024100.682016819,2026/10/03 19:41:40.719, 1, NVIDIA GeForce RTX 5070 Ti, 102.31, 100, 41, 15205, 2287, 15051, 42, 5, 4
1791024100.682016819,2026/10/03 19:41:40.722, 2, NVIDIA GeForce RTX 5070 Ti, 46.98, 48, 22, 15816, 2302, 15051, 41, 5, 8
1791024100.682016819,2026/10/03 19:41:40.725, 3, NVIDIA GeForce RTX 5060 Ti, 4.12, 0, 0, 2, 210, 405, 28, 1, 4
1791024101.742840493,2026/10/03 19:41:41.775, 0, NVIDIA GeForce RTX 5070 Ti, 77.05, 52, 32, 15692, 2287, 15051, 38, 5, 8
1791024101.742840493,2026/10/03 19:41:41.779, 1, NVIDIA GeForce RTX 5070 Ti, 108.06, 100, 32, 15205, 2287, 15051, 43, 5, 4
1791024101.742840493,2026/10/03 19:41:41.782, 2, NVIDIA GeForce RTX 5070 Ti, 104.42, 46, 21, 15816, 2302, 15051, 42, 5, 8
1791024101.742840493,2026/10/03 19:41:41.784, 3, NVIDIA GeForce RTX 5060 Ti, 4.46, 0, 0, 2, 210, 405, 28, 1, 4
1791024102.803337205,2026/10/03 19:41:42.838, 0, NVIDIA GeForce RTX 5070 Ti, 75.52, 51, 31, 15692, 2287, 15051, 38, 5, 8
1791024102.803337205,2026/10/03 19:41:42.841, 1, NVIDIA GeForce RTX 5070 Ti, 106.08, 100, 28, 15205, 2287, 15051, 43, 5, 4
1791024102.803337205,2026/10/03 19:41:42.845, 2, NVIDIA GeForce RTX 5070 Ti, 103.76, 49, 22, 15816, 2302, 15051, 43, 5, 8
1791024102.803337205,2026/10/03 19:41:42.847, 3, NVIDIA GeForce RTX 5060 Ti, 4.44, 0, 0, 2, 210, 405, 28, 1, 4
1791024103.864346537,2026/10/03 19:41:43.896, 0, NVIDIA GeForce RTX 5070 Ti, 76.32, 48, 27, 15692, 2287, 15051, 38, 5, 8
1791024103.864346537,2026/10/03 19:41:43.899, 1, NVIDIA GeForce RTX 5070 Ti, 105.41, 99, 33, 15205, 2287, 15051, 43, 5, 4
1791024103.864346537,2026/10/03 19:41:43.903, 2, NVIDIA GeForce RTX 5070 Ti, 103.19, 48, 23, 15816, 2302, 15051, 43, 5, 8
1791024103.864346537,2026/10/03 19:41:43.907, 3, NVIDIA GeForce RTX 5060 Ti, 4.48, 0, 0, 2, 210, 405, 28, 1, 4
1791024104.926115490,2026/10/03 19:41:44.957, 0, NVIDIA GeForce RTX 5070 Ti, 76.91, 49, 31, 15692, 2280, 15051, 38, 5, 8
1791024104.926115490,2026/10/03 19:41:44.960, 1, NVIDIA GeForce RTX 5070 Ti, 108.81, 99, 33, 15205, 2287, 15051, 44, 5, 4
1791024104.926115490,2026/10/03 19:41:44.963, 2, NVIDIA GeForce RTX 5070 Ti, 101.87, 27, 10, 15816, 2302, 15051, 42, 5, 8
1791024104.926115490,2026/10/03 19:41:44.965, 3, NVIDIA GeForce RTX 5060 Ti, 4.48, 0, 0, 2, 210, 405, 28, 1, 4
1791024105.981453764,2026/10/03 19:41:46.012, 0, NVIDIA GeForce RTX 5070 Ti, 40.34, 0, 0, 15692, 2295, 15051, 35, 5, 8
1791024105.981453764,2026/10/03 19:41:46.015, 1, NVIDIA GeForce RTX 5070 Ti, 113.02, 98, 44, 15205, 2287, 15051, 43, 5, 4
1791024105.981453764,2026/10/03 19:41:46.017, 2, NVIDIA GeForce RTX 5070 Ti, 44.98, 0, 0, 15816, 2302, 15051, 39, 5, 8
1791024105.981453764,2026/10/03 19:41:46.019, 3, NVIDIA GeForce RTX 5060 Ti, 4.53, 0, 0, 2, 210, 405, 28, 1, 4
1791024107.035592060,2026/10/03 19:41:47.066, 0, NVIDIA GeForce RTX 5070 Ti, 29.75, 0, 0, 15692, 2295, 15051, 35, 5, 8
1791024107.035592060,2026/10/03 19:41:47.069, 1, NVIDIA GeForce RTX 5070 Ti, 106.89, 98, 35, 15205, 2287, 15051, 44, 5, 4
1791024107.035592060,2026/10/03 19:41:47.072, 2, NVIDIA GeForce RTX 5070 Ti, 41.82, 0, 0, 15816, 2302, 15051, 39, 5, 8
1791024107.035592060,2026/10/03 19:41:47.074, 3, NVIDIA GeForce RTX 5060 Ti, 4.36, 0, 0, 2, 210, 405, 28, 1, 4
1791024108.090777168,2026/10/03 19:41:48.124, 0, NVIDIA GeForce RTX 5070 Ti, 52.96, 46, 28, 15692, 2287, 15051, 38, 5, 8
1791024108.090777168,2026/10/03 19:41:48.127, 1, NVIDIA GeForce RTX 5070 Ti, 99.41, 100, 38, 15205, 2287, 15051, 43, 5, 4
1791024108.090777168,2026/10/03 19:41:48.130, 2, NVIDIA GeForce RTX 5070 Ti, 53.46, 56, 24, 15816, 2302, 15051, 42, 5, 8
1791024108.090777168,2026/10/03 19:41:48.134, 3, NVIDIA GeForce RTX 5060 Ti, 4.32, 0, 0, 2, 210, 405, 28, 1, 4
1791024109.152272670,2026/10/03 19:41:49.186, 0, NVIDIA GeForce RTX 5070 Ti, 77.20, 53, 32, 15692, 2287, 15051, 38, 5, 8
1791024109.152272670,2026/10/03 19:41:49.191, 1, NVIDIA GeForce RTX 5070 Ti, 109.99, 100, 43, 15205, 2287, 15051, 44, 5, 4
1791024109.152272670,2026/10/03 19:41:49.194, 2, NVIDIA GeForce RTX 5070 Ti, 105.19, 51, 23, 15816, 2302, 15051, 43, 5, 8
1791024109.152272670,2026/10/03 19:41:49.197, 3, NVIDIA GeForce RTX 5060 Ti, 4.58, 0, 0, 2, 210, 405, 28, 1, 4
1791024110.215582415,2026/10/03 19:41:50.249, 0, NVIDIA GeForce RTX 5070 Ti, 77.45, 51, 27, 15692, 2280, 15051, 38, 5, 8
1791024110.215582415,2026/10/03 19:41:50.252, 1, NVIDIA GeForce RTX 5070 Ti, 109.27, 100, 38, 15205, 2287, 15051, 44, 5, 4
1791024110.215582415,2026/10/03 19:41:50.255, 2, NVIDIA GeForce RTX 5070 Ti, 105.92, 51, 24, 15816, 2302, 15051, 43, 5, 8
1791024110.215582415,2026/10/03 19:41:50.258, 3, NVIDIA GeForce RTX 5060 Ti, 4.63, 0, 0, 2, 210, 405, 28, 1, 4
1791024111.275847707,2026/10/03 19:41:51.308, 0, NVIDIA GeForce RTX 5070 Ti, 78.04, 52, 32, 15692, 2280, 15051, 38, 5, 8
1791024111.275847707,2026/10/03 19:41:51.311, 1, NVIDIA GeForce RTX 5070 Ti, 103.26, 100, 31, 15205, 2287, 15051, 43, 5, 4
1791024111.275847707,2026/10/03 19:41:51.314, 2, NVIDIA GeForce RTX 5070 Ti, 104.32, 48, 23, 15816, 2302, 15051, 44, 5, 8
1791024111.275847707,2026/10/03 19:41:51.317, 3, NVIDIA GeForce RTX 5060 Ti, 4.58, 0, 0, 2, 210, 405, 28, 1, 4
1791024112.335406151,2026/10/03 19:41:52.369, 0, NVIDIA GeForce RTX 5070 Ti, 75.42, 48, 23, 15692, 2287, 15051, 39, 5, 8
1791024112.335406151,2026/10/03 19:41:52.373, 1, NVIDIA GeForce RTX 5070 Ti, 106.72, 99, 33, 15205, 2287, 15051, 43, 5, 4
1791024112.335406151,2026/10/03 19:41:52.376, 2, NVIDIA GeForce RTX 5070 Ti, 101.92, 55, 23, 15816, 2302, 15051, 43, 5, 8
1791024112.335406151,2026/10/03 19:41:52.379, 3, NVIDIA GeForce RTX 5060 Ti, 4.60, 0, 0, 2, 210, 405, 28, 1, 4
1791024113.396622831,2026/10/03 19:41:53.427, 0, NVIDIA GeForce RTX 5070 Ti, 55.83, 0, 0, 15692, 2295, 15051, 35, 5, 8
1791024113.396622831,2026/10/03 19:41:53.430, 1, NVIDIA GeForce RTX 5070 Ti, 108.24, 98, 34, 15205, 2287, 15051, 44, 5, 4
1791024113.396622831,2026/10/03 19:41:53.433, 2, NVIDIA GeForce RTX 5070 Ti, 65.69, 0, 0, 15816, 2302, 15051, 40, 5, 8
1791024113.396622831,2026/10/03 19:41:53.435, 3, NVIDIA GeForce RTX 5060 Ti, 4.55, 0, 0, 2, 210, 405, 28, 1, 4
1791024114.450699665,2026/10/03 19:41:54.482, 0, NVIDIA GeForce RTX 5070 Ti, 29.33, 0, 0, 15692, 2295, 15051, 35, 5, 8
1791024114.450699665,2026/10/03 19:41:54.484, 1, NVIDIA GeForce RTX 5070 Ti, 109.02, 100, 35, 15205, 2287, 15051, 44, 5, 4
1791024114.450699665,2026/10/03 19:41:54.488, 2, NVIDIA GeForce RTX 5070 Ti, 41.88, 0, 0, 15816, 2302, 15051, 40, 5, 8
1791024114.450699665,2026/10/03 19:41:54.490, 3, NVIDIA GeForce RTX 5060 Ti, 4.25, 0, 0, 2, 210, 405, 28, 1, 4
1791024115.506665754,2026/10/03 19:41:55.539, 0, NVIDIA GeForce RTX 5070 Ti, 29.37, 0, 0, 15692, 2295, 15051, 35, 5, 8
1791024115.506665754,2026/10/03 19:41:55.542, 1, NVIDIA GeForce RTX 5070 Ti, 101.78, 100, 31, 15205, 2295, 15051, 44, 5, 4
1791024115.506665754,2026/10/03 19:41:55.546, 2, NVIDIA GeForce RTX 5070 Ti, 48.55, 45, 20, 15816, 2302, 15051, 41, 5, 8
1791024115.506665754,2026/10/03 19:41:55.548, 3, NVIDIA GeForce RTX 5060 Ti, 4.19, 0, 0, 2, 210, 405, 28, 1, 4
1791024116.566465078,2026/10/03 19:41:56.600, 0, NVIDIA GeForce RTX 5070 Ti, 77.57, 48, 30, 15692, 2280, 15051, 38, 5, 8
1791024116.566465078,2026/10/03 19:41:56.603, 1, NVIDIA GeForce RTX 5070 Ti, 109.14, 100, 29, 15205, 2287, 15051, 44, 5, 4
1791024116.566465078,2026/10/03 19:41:56.608, 2, NVIDIA GeForce RTX 5070 Ti, 103.58, 50, 24, 15816, 2302, 15051, 44, 5, 8
1791024116.566465078,2026/10/03 19:41:56.611, 3, NVIDIA GeForce RTX 5060 Ti, 4.30, 0, 0, 2, 210, 405, 28, 1, 4
1791024117.629269462,2026/10/03 19:41:57.662, 0, NVIDIA GeForce RTX 5070 Ti, 78.00, 49, 28, 15692, 2280, 15051, 39, 5, 8
1791024117.629269462,2026/10/03 19:41:57.665, 1, NVIDIA GeForce RTX 5070 Ti, 107.07, 98, 36, 15205, 2287, 15051, 43, 5, 4
1791024117.629269462,2026/10/03 19:41:57.668, 2, NVIDIA GeForce RTX 5070 Ti, 104.56, 48, 22, 15816, 2302, 15051, 45, 5, 8
1791024117.629269462,2026/10/03 19:41:57.671, 3, NVIDIA GeForce RTX 5060 Ti, 4.52, 0, 0, 2, 210, 405, 28, 1, 4
1791024118.689809845,2026/10/03 19:41:58.723, 0, NVIDIA GeForce RTX 5070 Ti, 77.17, 50, 27, 15692, 2287, 15051, 38, 5, 8
1791024118.689809845,2026/10/03 19:41:58.727, 1, NVIDIA GeForce RTX 5070 Ti, 102.03, 99, 29, 15205, 2287, 15051, 44, 5, 4
1791024118.689809845,2026/10/03 19:41:58.730, 2, NVIDIA GeForce RTX 5070 Ti, 104.96, 48, 21, 15816, 2302, 15051, 44, 5, 8
1791024118.689809845,2026/10/03 19:41:58.732, 3, NVIDIA GeForce RTX 5060 Ti, 4.50, 0, 0, 2, 210, 405, 28, 1, 4
1791024119.749554417,2026/10/03 19:41:59.782, 0, NVIDIA GeForce RTX 5070 Ti, 77.53, 50, 31, 15692, 2280, 15051, 39, 5, 8
1791024119.749554417,2026/10/03 19:41:59.786, 1, NVIDIA GeForce RTX 5070 Ti, 105.58, 99, 31, 15205, 2287, 15051, 44, 5, 4
1791024119.749554417,2026/10/03 19:41:59.790, 2, NVIDIA GeForce RTX 5070 Ti, 104.91, 50, 24, 15816, 2302, 15051, 46, 5, 8
1791024119.749554417,2026/10/03 19:41:59.792, 3, NVIDIA GeForce RTX 5060 Ti, 4.47, 0, 0, 2, 210, 405, 28, 1, 4
1791024120.810277117,2026/10/03 19:42:00.841, 0, NVIDIA GeForce RTX 5070 Ti, 59.24, 0, 0, 15692, 2295, 15051, 36, 5, 8
1791024120.810277117,2026/10/03 19:42:00.844, 1, NVIDIA GeForce RTX 5070 Ti, 103.73, 99, 35, 15205, 2287, 15051, 44, 5, 4
1791024120.810277117,2026/10/03 19:42:00.847, 2, NVIDIA GeForce RTX 5070 Ti, 69.68, 0, 0, 15816, 2302, 15051, 41, 5, 8
1791024120.810277117,2026/10/03 19:42:00.849, 3, NVIDIA GeForce RTX 5060 Ti, 4.46, 0, 0, 2, 210, 405, 28, 1, 4
1791024121.866879362,2026/10/03 19:42:01.897, 0, NVIDIA GeForce RTX 5070 Ti, 29.76, 0, 0, 15692, 2295, 15051, 35, 5, 8
1791024121.866879362,2026/10/03 19:42:01.900, 1, NVIDIA GeForce RTX 5070 Ti, 111.55, 98, 34, 15205, 2287, 15051, 44, 5, 4
1791024121.866879362,2026/10/03 19:42:01.903, 2, NVIDIA GeForce RTX 5070 Ti, 42.13, 0, 0, 15816, 2302, 15051, 41, 5, 8
1791024121.866879362,2026/10/03 19:42:01.905, 3, NVIDIA GeForce RTX 5060 Ti, 4.27, 0, 0, 2, 210, 405, 28, 1, 4
1791024122.921872742,2026/10/03 19:42:02.953, 0, NVIDIA GeForce RTX 5070 Ti, 29.60, 0, 0, 15692, 2295, 15051, 35, 5, 8
1791024122.921872742,2026/10/03 19:42:02.957, 1, NVIDIA GeForce RTX 5070 Ti, 108.02, 100, 26, 15205, 2287, 15051, 44, 5, 4
1791024122.921872742,2026/10/03 19:42:02.960, 2, NVIDIA GeForce RTX 5070 Ti, 47.68, 56, 21, 15816, 2302, 15051, 43, 5, 8
1791024122.921872742,2026/10/03 19:42:02.963, 3, NVIDIA GeForce RTX 5060 Ti, 4.22, 0, 0, 2, 210, 405, 28, 1, 4
1791024123.981265370,2026/10/03 19:42:04.015, 0, NVIDIA GeForce RTX 5070 Ti, 72.13, 57, 29, 15692, 2287, 15051, 38, 5, 8
1791024123.981265370,2026/10/03 19:42:04.018, 1, NVIDIA GeForce RTX 5070 Ti, 100.93, 100, 37, 15205, 2287, 15051, 44, 5, 4
1791024123.981265370,2026/10/03 19:42:04.022, 2, NVIDIA GeForce RTX 5070 Ti, 105.05, 54, 24, 15816, 2302, 15051, 45, 5, 8
1791024123.981265370,2026/10/03 19:42:04.024, 3, NVIDIA GeForce RTX 5060 Ti, 4.14, 0, 0, 2, 210, 405, 28, 1, 4
1791024125.042110645,2026/10/03 19:42:05.075, 0, NVIDIA GeForce RTX 5070 Ti, 78.08, 49, 27, 15692, 2287, 15051, 38, 5, 8
1791024125.042110645,2026/10/03 19:42:05.079, 1, NVIDIA GeForce RTX 5070 Ti, 107.99, 100, 30, 15205, 2287, 15051, 44, 5, 4
1791024125.042110645,2026/10/03 19:42:05.082, 2, NVIDIA GeForce RTX 5070 Ti, 105.73, 49, 22, 15816, 2302, 15051, 45, 5, 8
1791024125.042110645,2026/10/03 19:42:05.085, 3, NVIDIA GeForce RTX 5060 Ti, 4.41, 0, 0, 2, 210, 405, 28, 1, 4
1791024126.103594467,2026/10/03 19:42:06.136, 0, NVIDIA GeForce RTX 5070 Ti, 78.25, 48, 30, 15692, 2287, 15051, 38, 5, 8
1791024126.103594467,2026/10/03 19:42:06.140, 1, NVIDIA GeForce RTX 5070 Ti, 102.71, 100, 33, 15205, 2287, 15051, 44, 5, 4
1791024126.103594467,2026/10/03 19:42:06.143, 2, NVIDIA GeForce RTX 5070 Ti, 104.84, 52, 22, 15816, 2302, 15051, 46, 5, 8
1791024126.103594467,2026/10/03 19:42:06.147, 3, NVIDIA GeForce RTX 5060 Ti, 4.56, 0, 0, 2, 210, 405, 28, 1, 4
1791024127.165904251,2026/10/03 19:42:07.199, 0, NVIDIA GeForce RTX 5070 Ti, 76.56, 55, 28, 15692, 2287, 15051, 39, 5, 8
1791024127.165904251,2026/10/03 19:42:07.203, 1, NVIDIA GeForce RTX 5070 Ti, 103.34, 98, 33, 15205, 2287, 15051, 44, 5, 4
1791024127.165904251,2026/10/03 19:42:07.206, 2, NVIDIA GeForce RTX 5070 Ti, 104.14, 46, 17, 15816, 2302, 15051, 45, 5, 8
1791024127.165904251,2026/10/03 19:42:07.208, 3, NVIDIA GeForce RTX 5060 Ti, 4.58, 0, 0, 2, 210, 405, 28, 1, 4
1791024128.225506737,2026/10/03 19:42:08.256, 0, NVIDIA GeForce RTX 5070 Ti, 58.57, 0, 0, 15692, 2295, 15051, 36, 5, 8
1791024128.225506737,2026/10/03 19:42:08.258, 1, NVIDIA GeForce RTX 5070 Ti, 108.56, 99, 36, 15205, 2287, 15051, 43, 5, 4
1791024128.225506737,2026/10/03 19:42:08.261, 2, NVIDIA GeForce RTX 5070 Ti, 68.82, 0, 0, 15816, 2302, 15051, 42, 5, 8
1791024128.225506737,2026/10/03 19:42:08.263, 3, NVIDIA GeForce RTX 5060 Ti, 4.52, 0, 0, 2, 210, 405, 28, 1, 4
1791024129.279332800,2026/10/03 19:42:09.309, 0, NVIDIA GeForce RTX 5070 Ti, 29.75, 0, 0, 15692, 2295, 15051, 36, 5, 8
1791024129.279332800,2026/10/03 19:42:09.312, 1, NVIDIA GeForce RTX 5070 Ti, 109.12, 99, 32, 15205, 2287, 15051, 44, 5, 4
1791024129.279332800,2026/10/03 19:42:09.315, 2, NVIDIA GeForce RTX 5070 Ti, 42.24, 0, 0, 15816, 2302, 15051, 42, 5, 8
1791024129.279332800,2026/10/03 19:42:09.317, 3, NVIDIA GeForce RTX 5060 Ti, 4.32, 0, 0, 2, 210, 405, 28, 1, 4
1791024130.334482127,2026/10/03 19:42:10.368, 0, NVIDIA GeForce RTX 5070 Ti, 29.83, 0, 0, 15692, 2295, 15051, 36, 5, 8
1791024130.334482127,2026/10/03 19:42:10.371, 1, NVIDIA GeForce RTX 5070 Ti, 105.85, 98, 30, 15205, 2287, 15051, 44, 5, 4
1791024130.334482127,2026/10/03 19:42:10.375, 2, NVIDIA GeForce RTX 5070 Ti, 42.28, 0, 0, 15816, 2302, 15051, 41, 5, 8
1791024130.334482127,2026/10/03 19:42:10.377, 3, NVIDIA GeForce RTX 5060 Ti, 4.14, 0, 0, 2, 210, 405, 28, 1, 4
1791024131.396239209,2026/10/03 19:42:11.430, 0, NVIDIA GeForce RTX 5070 Ti, 59.90, 51, 31, 15692, 2280, 15051, 38, 5, 8
1791024131.396239209,2026/10/03 19:42:11.434, 1, NVIDIA GeForce RTX 5070 Ti, 98.11, 100, 33, 15205, 2287, 15051, 44, 5, 4
1791024131.396239209,2026/10/03 19:42:11.437, 2, NVIDIA GeForce RTX 5070 Ti, 97.62, 49, 23, 15816, 2302, 15051, 46, 5, 8
1791024131.396239209,2026/10/03 19:42:11.440, 3, NVIDIA GeForce RTX 5060 Ti, 4.20, 0, 0, 2, 210, 405, 28, 1, 4
1791024132.458505952,2026/10/03 19:42:12.492, 0, NVIDIA GeForce RTX 5070 Ti, 77.51, 48, 30, 15692, 2280, 15051, 38, 5, 8
1791024132.458505952,2026/10/03 19:42:12.495, 1, NVIDIA GeForce RTX 5070 Ti, 106.18, 100, 37, 15205, 2287, 15051, 44, 5, 4
1791024132.458505952,2026/10/03 19:42:12.499, 2, NVIDIA GeForce RTX 5070 Ti, 104.93, 52, 23, 15816, 2302, 15051, 47, 5, 8
1791024132.458505952,2026/10/03 19:42:12.502, 3, NVIDIA GeForce RTX 5060 Ti, 4.31, 0, 0, 2, 210, 405, 28, 1, 4
1791024133.520991433,2026/10/03 19:42:13.554, 0, NVIDIA GeForce RTX 5070 Ti, 77.70, 49, 29, 15692, 2287, 15051, 39, 5, 8
1791024133.520991433,2026/10/03 19:42:13.557, 1, NVIDIA GeForce RTX 5070 Ti, 103.71, 100, 27, 15205, 2287, 15051, 44, 5, 4
1791024133.520991433,2026/10/03 19:42:13.561, 2, NVIDIA GeForce RTX 5070 Ti, 105.39, 49, 22, 15816, 2302, 15051, 46, 5, 8
1791024133.520991433,2026/10/03 19:42:13.563, 3, NVIDIA GeForce RTX 5060 Ti, 4.49, 0, 0, 2, 210, 405, 28, 1, 4
1791024134.581681013,2026/10/03 19:42:14.616, 0, NVIDIA GeForce RTX 5070 Ti, 76.37, 47, 29, 15692, 2280, 15051, 38, 5, 8
1791024134.581681013,2026/10/03 19:42:14.619, 1, NVIDIA GeForce RTX 5070 Ti, 99.71, 100, 37, 15205, 2287, 15051, 44, 5, 4
1791024134.581681013,2026/10/03 19:42:14.623, 2, NVIDIA GeForce RTX 5070 Ti, 105.14, 54, 25, 15816, 2302, 15051, 47, 5, 8
1791024134.581681013,2026/10/03 19:42:14.626, 3, NVIDIA GeForce RTX 5060 Ti, 4.49, 0, 0, 2, 210, 405, 28, 1, 4
1791024135.643960346,2026/10/03 19:42:15.674, 0, NVIDIA GeForce RTX 5070 Ti, 77.03, 52, 27, 15692, 2287, 15051, 38, 5, 8
1791024135.643960346,2026/10/03 19:42:15.677, 1, NVIDIA GeForce RTX 5070 Ti, 104.56, 99, 37, 15205, 2287, 15051, 44, 5, 4
1791024135.643960346,2026/10/03 19:42:15.680, 2, NVIDIA GeForce RTX 5070 Ti, 104.88, 51, 22, 15816, 2302, 15051, 46, 5, 8
1791024135.643960346,2026/10/03 19:42:15.682, 3, NVIDIA GeForce RTX 5060 Ti, 4.53, 0, 0, 2, 210, 405, 28, 1, 4
1791024136.698929895,2026/10/03 19:42:16.730, 0, NVIDIA GeForce RTX 5070 Ti, 35.29, 0, 0, 15692, 2295, 15051, 36, 5, 8
1791024136.698929895,2026/10/03 19:42:16.733, 1, NVIDIA GeForce RTX 5070 Ti, 110.89, 98, 34, 15205, 2287, 15051, 45, 5, 4
1791024136.698929895,2026/10/03 19:42:16.736, 2, NVIDIA GeForce RTX 5070 Ti, 42.11, 0, 0, 15816, 2302, 15051, 42, 5, 8
1791024136.698929895,2026/10/03 19:42:16.738, 3, NVIDIA GeForce RTX 5060 Ti, 4.51, 0, 0, 2, 210, 405, 28, 1, 4
1791024137.755671266,2026/10/03 19:42:17.786, 0, NVIDIA GeForce RTX 5070 Ti, 29.70, 0, 0, 15692, 2295, 15051, 36, 5, 8
1791024137.755671266,2026/10/03 19:42:17.789, 1, NVIDIA GeForce RTX 5070 Ti, 107.85, 100, 37, 15205, 2287, 15051, 44, 5, 4
1791024137.755671266,2026/10/03 19:42:17.792, 2, NVIDIA GeForce RTX 5070 Ti, 42.13, 0, 0, 15816, 2302, 15051, 42, 5, 8
1791024137.755671266,2026/10/03 19:42:17.794, 3, NVIDIA GeForce RTX 5060 Ti, 4.18, 0, 0, 2, 210, 405, 28, 1, 4
1791024138.811087993,2026/10/03 19:42:18.845, 0, NVIDIA GeForce RTX 5070 Ti, 59.23, 45, 28, 15692, 2287, 15051, 39, 5, 8
1791024138.811087993,2026/10/03 19:42:18.849, 1, NVIDIA GeForce RTX 5070 Ti, 102.35, 100, 38, 15205, 2287, 15051, 43, 5, 4
1791024138.811087993,2026/10/03 19:42:18.852, 2, NVIDIA GeForce RTX 5070 Ti, 93.13, 47, 21, 15816, 2302, 15051, 46, 5, 8
1791024138.811087993,2026/10/03 19:42:18.854, 3, NVIDIA GeForce RTX 5060 Ti, 4.17, 0, 0, 2, 210, 405, 28, 1, 4
1791024139.877135858,2026/10/03 19:42:19.911, 0, NVIDIA GeForce RTX 5070 Ti, 78.07, 47, 27, 15692, 2280, 15051, 40, 5, 8
1791024139.877135858,2026/10/03 19:42:19.914, 1, NVIDIA GeForce RTX 5070 Ti, 105.40, 100, 29, 15205, 2287, 15051, 44, 5, 4
1791024139.877135858,2026/10/03 19:42:19.917, 2, NVIDIA GeForce RTX 5070 Ti, 106.59, 52, 24, 15816, 2302, 15051, 48, 5, 8
1791024139.877135858,2026/10/03 19:42:19.920, 3, NVIDIA GeForce RTX 5060 Ti, 4.26, 0, 0, 2, 210, 405, 28, 1, 4
1791024140.938327067,2026/10/03 19:42:20.971, 0, NVIDIA GeForce RTX 5070 Ti, 77.04, 51, 28, 15692, 2287, 15051, 40, 5, 8
1791024140.938327067,2026/10/03 19:42:20.974, 1, NVIDIA GeForce RTX 5070 Ti, 104.54, 100, 29, 15205, 2287, 15051, 44, 5, 4
1791024140.938327067,2026/10/03 19:42:20.978, 2, NVIDIA GeForce RTX 5070 Ti, 103.57, 49, 23, 15816, 2302, 15051, 47, 5, 8
1791024140.938327067,2026/10/03 19:42:20.980, 3, NVIDIA GeForce RTX 5060 Ti, 4.40, 0, 0, 2, 210, 405, 28, 1, 4
1791024141.999035338,2026/10/03 19:42:22.033, 0, NVIDIA GeForce RTX 5070 Ti, 76.64, 46, 25, 15692, 2287, 15051, 40, 5, 8
1791024141.999035338,2026/10/03 19:42:22.036, 1, NVIDIA GeForce RTX 5070 Ti, 105.45, 100, 30, 15205, 2287, 15051, 43, 5, 4
1791024141.999035338,2026/10/03 19:42:22.039, 2, NVIDIA GeForce RTX 5070 Ti, 104.14, 49, 20, 15816, 2302, 15051, 46, 5, 8
1791024141.999035338,2026/10/03 19:42:22.042, 3, NVIDIA GeForce RTX 5060 Ti, 4.51, 0, 0, 2, 210, 405, 28, 1, 4
1791024143.060227297,2026/10/03 19:42:23.091, 0, NVIDIA GeForce RTX 5070 Ti, 76.80, 37, 21, 15692, 2280, 15051, 37, 5, 8
1791024143.060227297,2026/10/03 19:42:23.094, 1, NVIDIA GeForce RTX 5070 Ti, 107.13, 99, 31, 15205, 2287, 15051, 44, 5, 4
1791024143.060227297,2026/10/03 19:42:23.097, 2, NVIDIA GeForce RTX 5070 Ti, 104.46, 49, 22, 15816, 2302, 15051, 48, 5, 8
1791024143.060227297,2026/10/03 19:42:23.099, 3, NVIDIA GeForce RTX 5060 Ti, 4.57, 0, 0, 2, 210, 405, 28, 1, 4
1791024144.115600513,2026/10/03 19:42:24.147, 0, NVIDIA GeForce RTX 5070 Ti, 33.57, 0, 0, 15692, 2295, 15051, 36, 5, 8
1791024144.115600513,2026/10/03 19:42:24.149, 1, NVIDIA GeForce RTX 5070 Ti, 109.35, 99, 36, 15205, 2287, 15051, 45, 5, 4
1791024144.115600513,2026/10/03 19:42:24.153, 2, NVIDIA GeForce RTX 5070 Ti, 64.46, 0, 0, 15816, 2302, 15051, 43, 5, 8
1791024144.115600513,2026/10/03 19:42:24.155, 3, NVIDIA GeForce RTX 5060 Ti, 4.38, 0, 0, 2, 210, 405, 28, 1, 4
1791024145.172583823,2026/10/03 19:42:25.204, 0, NVIDIA GeForce RTX 5070 Ti, 29.80, 0, 0, 15692, 2295, 15051, 36, 5, 8
1791024145.172583823,2026/10/03 19:42:25.206, 1, NVIDIA GeForce RTX 5070 Ti, 106.28, 99, 38, 15205, 2287, 15051, 44, 5, 4
1791024145.172583823,2026/10/03 19:42:25.209, 2, NVIDIA GeForce RTX 5070 Ti, 42.10, 0, 0, 15816, 2302, 15051, 43, 5, 8
1791024145.172583823,2026/10/03 19:42:25.211, 3, NVIDIA GeForce RTX 5060 Ti, 4.15, 0, 0, 2, 210, 405, 28, 1, 4
1791024146.228460319,2026/10/03 19:42:26.261, 0, NVIDIA GeForce RTX 5070 Ti, 53.27, 53, 33, 15692, 2287, 15051, 40, 5, 8
1791024146.228460319,2026/10/03 19:42:26.266, 1, NVIDIA GeForce RTX 5070 Ti, 100.65, 100, 37, 15205, 2287, 15051, 44, 5, 4
1791024146.228460319,2026/10/03 19:42:26.269, 2, NVIDIA GeForce RTX 5070 Ti, 85.37, 52, 25, 15816, 2302, 15051, 46, 5, 8
1791024146.228460319,2026/10/03 19:42:26.273, 3, NVIDIA GeForce RTX 5060 Ti, 4.16, 0, 0, 2, 210, 405, 28, 1, 4
1791024147.291764163,2026/10/03 19:42:27.324, 0, NVIDIA GeForce RTX 5070 Ti, 77.74, 46, 28, 15692, 2280, 15051, 40, 5, 8
1791024147.291764163,2026/10/03 19:42:27.328, 1, NVIDIA GeForce RTX 5070 Ti, 109.36, 100, 37, 15205, 2287, 15051, 44, 5, 4
1791024147.291764163,2026/10/03 19:42:27.332, 2, NVIDIA GeForce RTX 5070 Ti, 105.82, 54, 25, 15816, 2302, 15051, 48, 5, 8
1791024147.291764163,2026/10/03 19:42:27.334, 3, NVIDIA GeForce RTX 5060 Ti, 4.39, 0, 0, 2, 210, 405, 28, 1, 4
1791024148.352244044,2026/10/03 19:42:28.384, 0, NVIDIA GeForce RTX 5070 Ti, 77.97, 50, 27, 15692, 2287, 15051, 40, 5, 8
1791024148.352244044,2026/10/03 19:42:28.387, 1, NVIDIA GeForce RTX 5070 Ti, 107.85, 100, 35, 15205, 2287, 15051, 45, 5, 4
1791024148.352244044,2026/10/03 19:42:28.390, 2, NVIDIA GeForce RTX 5070 Ti, 106.06, 51, 24, 15816, 2302, 15051, 47, 5, 8
1791024148.352244044,2026/10/03 19:42:28.394, 3, NVIDIA GeForce RTX 5060 Ti, 4.45, 0, 0, 2, 210, 405, 28, 1, 4
1791024149.413097870,2026/10/03 19:42:29.446, 0, NVIDIA GeForce RTX 5070 Ti, 77.93, 50, 30, 15692, 2280, 15051, 39, 5, 8
1791024149.413097870,2026/10/03 19:42:29.450, 1, NVIDIA GeForce RTX 5070 Ti, 101.83, 100, 25, 15205, 2287, 15051, 44, 5, 4
1791024149.413097870,2026/10/03 19:42:29.454, 2, NVIDIA GeForce RTX 5070 Ti, 105.65, 49, 23, 15816, 2302, 15051, 49, 5, 8
1791024149.413097870,2026/10/03 19:42:29.457, 3, NVIDIA GeForce RTX 5060 Ti, 4.52, 0, 0, 2, 210, 405, 28, 1, 4
1791024150.475208497,2026/10/03 19:42:30.510, 0, NVIDIA GeForce RTX 5070 Ti, 77.69, 53, 29, 15692, 2280, 15051, 39, 5, 8
1791024150.475208497,2026/10/03 19:42:30.514, 1, NVIDIA GeForce RTX 5070 Ti, 100.48, 100, 34, 15205, 2287, 15051, 43, 5, 4
1791024150.475208497,2026/10/03 19:42:30.517, 2, NVIDIA GeForce RTX 5070 Ti, 106.28, 50, 23, 15816, 2302, 15051, 49, 5, 8
1791024150.475208497,2026/10/03 19:42:30.519, 3, NVIDIA GeForce RTX 5060 Ti, 4.49, 0, 0, 2, 210, 405, 28, 1, 4
1791024151.536991100,2026/10/03 19:42:31.570, 0, NVIDIA GeForce RTX 5070 Ti, 75.79, 45, 29, 15692, 2287, 15051, 39, 5, 8
1791024151.536991100,2026/10/03 19:42:31.574, 1, NVIDIA GeForce RTX 5070 Ti, 111.76, 99, 38, 15205, 2287, 15051, 45, 5, 4
1791024151.536991100,2026/10/03 19:42:31.577, 2, NVIDIA GeForce RTX 5070 Ti, 104.31, 50, 24, 15816, 2302, 15051, 49, 5, 8
1791024151.536991100,2026/10/03 19:42:31.580, 3, NVIDIA GeForce RTX 5060 Ti, 4.52, 0, 0, 2, 210, 405, 28, 1, 4
1791024152.598145888,2026/10/03 19:42:32.630, 0, NVIDIA GeForce RTX 5070 Ti, 43.70, 0, 0, 15692, 2295, 15051, 37, 5, 8
1791024152.598145888,2026/10/03 19:42:32.632, 1, NVIDIA GeForce RTX 5070 Ti, 109.28, 99, 34, 15205, 2287, 15051, 45, 5, 4
1791024152.598145888,2026/10/03 19:42:32.635, 2, NVIDIA GeForce RTX 5070 Ti, 77.22, 0, 0, 15816, 2302, 15051, 45, 5, 8
1791024152.598145888,2026/10/03 19:42:32.637, 3, NVIDIA GeForce RTX 5060 Ti, 4.39, 0, 0, 2, 210, 405, 28, 1, 4
1791024153.654087896,2026/10/03 19:42:33.686, 0, NVIDIA GeForce RTX 5070 Ti, 55.21, 49, 31, 15692, 2287, 15051, 40, 5, 8
1791024153.654087896,2026/10/03 19:42:33.690, 1, NVIDIA GeForce RTX 5070 Ti, 98.66, 100, 36, 15205, 2287, 15051, 45, 5, 4
1791024153.654087896,2026/10/03 19:42:33.693, 2, NVIDIA GeForce RTX 5070 Ti, 56.16, 51, 23, 15816, 2302, 15051, 47, 5, 8
1791024153.654087896,2026/10/03 19:42:33.696, 3, NVIDIA GeForce RTX 5060 Ti, 4.14, 0, 0, 2, 210, 405, 28, 1, 4
1791024154.713347778,2026/10/03 19:42:34.746, 0, NVIDIA GeForce RTX 5070 Ti, 78.60, 48, 28, 15692, 2280, 15051, 40, 5, 8
1791024154.713347778,2026/10/03 19:42:34.749, 1, NVIDIA GeForce RTX 5070 Ti, 106.83, 100, 37, 15205, 2287, 15051, 45, 5, 4
1791024154.713347778,2026/10/03 19:42:34.753, 2, NVIDIA GeForce RTX 5070 Ti, 106.83, 48, 22, 15816, 2302, 15051, 49, 5, 8
1791024154.713347778,2026/10/03 19:42:34.756, 3, NVIDIA GeForce RTX 5060 Ti, 4.17, 0, 0, 2, 210, 405, 28, 1, 4
1791024155.774089710,2026/10/03 19:42:35.806, 0, NVIDIA GeForce RTX 5070 Ti, 77.58, 52, 27, 15692, 2280, 15051, 40, 5, 8
1791024155.774089710,2026/10/03 19:42:35.810, 1, NVIDIA GeForce RTX 5070 Ti, 102.57, 100, 34, 15205, 2287, 15051, 45, 5, 4
1791024155.774089710,2026/10/03 19:42:35.813, 2, NVIDIA GeForce RTX 5070 Ti, 105.75, 48, 22, 15816, 2302, 15051, 48, 5, 8
1791024155.774089710,2026/10/03 19:42:35.815, 3, NVIDIA GeForce RTX 5060 Ti, 4.28, 0, 0, 2, 210, 405, 28, 1, 4
1791024156.832850912,2026/10/03 19:42:36.867, 0, NVIDIA GeForce RTX 5070 Ti, 78.16, 47, 28, 15692, 2287, 15051, 40, 5, 8
1791024156.832850912,2026/10/03 19:42:36.871, 1, NVIDIA GeForce RTX 5070 Ti, 111.72, 100, 29, 15205, 2287, 15051, 46, 5, 4
1791024156.832850912,2026/10/03 19:42:36.875, 2, NVIDIA GeForce RTX 5070 Ti, 105.37, 49, 23, 15816, 2302, 15051, 50, 5, 8
1791024156.832850912,2026/10/03 19:42:36.879, 3, NVIDIA GeForce RTX 5060 Ti, 4.39, 0, 0, 2, 210, 405, 28, 1, 4
1791024157.898160627,2026/10/03 19:42:37.933, 0, NVIDIA GeForce RTX 5070 Ti, 75.87, 52, 27, 15692, 2287, 15051, 40, 5, 8
1791024157.898160627,2026/10/03 19:42:37.936, 1, NVIDIA GeForce RTX 5070 Ti, 108.89, 100, 35, 15205, 2287, 15051, 45, 5, 4
1791024157.898160627,2026/10/03 19:42:37.940, 2, NVIDIA GeForce RTX 5070 Ti, 103.47, 51, 23, 15816, 2302, 15051, 49, 5, 8
1791024157.898160627,2026/10/03 19:42:37.943, 3, NVIDIA GeForce RTX 5060 Ti, 4.42, 0, 0, 2, 210, 405, 28, 1, 4
1791024158.961477432,2026/10/03 19:42:38.994, 0, NVIDIA GeForce RTX 5070 Ti, 74.32, 49, 30, 15692, 2287, 15051, 40, 5, 8
1791024158.961477432,2026/10/03 19:42:38.997, 1, NVIDIA GeForce RTX 5070 Ti, 103.51, 100, 30, 15205, 2287, 15051, 45, 5, 4
1791024158.961477432,2026/10/03 19:42:39.000, 2, NVIDIA GeForce RTX 5070 Ti, 101.89, 56, 25, 15816, 2302, 15051, 48, 5, 8
1791024158.961477432,2026/10/03 19:42:39.003, 3, NVIDIA GeForce RTX 5060 Ti, 4.41, 0, 0, 2, 210, 405, 28, 1, 4
1791024160.021440872,2026/10/03 19:42:40.055, 0, NVIDIA GeForce RTX 5070 Ti, 77.69, 48, 28, 15692, 2280, 15051, 40, 5, 8
1791024160.021440872,2026/10/03 19:42:40.058, 1, NVIDIA GeForce RTX 5070 Ti, 109.35, 99, 40, 15205, 2287, 15051, 45, 5, 4
1791024160.021440872,2026/10/03 19:42:40.062, 2, NVIDIA GeForce RTX 5070 Ti, 105.15, 50, 21, 15816, 2302, 15051, 49, 5, 8
1791024160.021440872,2026/10/03 19:42:40.065, 3, NVIDIA GeForce RTX 5060 Ti, 4.37, 0, 0, 2, 210, 405, 28, 1, 4
1791024161.086414194,2026/10/03 19:42:41.121, 0, NVIDIA GeForce RTX 5070 Ti, 74.56, 52, 28, 15692, 2287, 15051, 40, 5, 8
1791024161.086414194,2026/10/03 19:42:41.125, 1, NVIDIA GeForce RTX 5070 Ti, 112.31, 100, 34, 15205, 2280, 15051, 45, 5, 4
1791024161.086414194,2026/10/03 19:42:41.129, 2, NVIDIA GeForce RTX 5070 Ti, 103.92, 53, 24, 15816, 2302, 15051, 50, 5, 8
1791024161.086414194,2026/10/03 19:42:41.131, 3, NVIDIA GeForce RTX 5060 Ti, 4.50, 0, 0, 2, 210, 405, 28, 1, 4
1791024162.152496890,2026/10/03 19:42:42.186, 0, NVIDIA GeForce RTX 5070 Ti, 76.74, 48, 28, 15692, 2280, 15051, 41, 5, 8
1791024162.152496890,2026/10/03 19:42:42.190, 1, NVIDIA GeForce RTX 5070 Ti, 102.25, 100, 34, 15205, 2287, 15051, 45, 5, 4
1791024162.152496890,2026/10/03 19:42:42.194, 2, NVIDIA GeForce RTX 5070 Ti, 104.38, 48, 21, 15816, 2302, 15051, 50, 5, 8
1791024162.152496890,2026/10/03 19:42:42.196, 3, NVIDIA GeForce RTX 5060 Ti, 4.51, 0, 0, 2, 210, 405, 28, 1, 4
1791024163.213591866,2026/10/03 19:42:43.244, 0, NVIDIA GeForce RTX 5070 Ti, 77.77, 53, 30, 15692, 2287, 15051, 40, 5, 8
1791024163.213591866,2026/10/03 19:42:43.249, 1, NVIDIA GeForce RTX 5070 Ti, 69.59, 0, 0, 15205, 2302, 15051, 41, 5, 4
1791024163.213591866,2026/10/03 19:42:43.253, 2, NVIDIA GeForce RTX 5070 Ti, 104.74, 50, 22, 15816, 2302, 15051, 49, 5, 8
1791024163.213591866,2026/10/03 19:42:43.256, 3, NVIDIA GeForce RTX 5060 Ti, 4.38, 0, 0, 2, 210, 405, 28, 1, 4
1791024164.277772385,2026/10/03 19:42:44.310, 0, NVIDIA GeForce RTX 5070 Ti, 76.10, 50, 29, 15692, 2280, 15051, 40, 5, 8
1791024164.277772385,2026/10/03 19:42:44.313, 1, NVIDIA GeForce RTX 5070 Ti, 87.27, 100, 30, 15205, 2287, 15051, 45, 5, 4
1791024164.277772385,2026/10/03 19:42:44.317, 2, NVIDIA GeForce RTX 5070 Ti, 104.02, 49, 22, 15816, 2302, 15051, 49, 5, 8
1791024164.277772385,2026/10/03 19:42:44.319, 3, NVIDIA GeForce RTX 5060 Ti, 4.26, 0, 0, 2, 210, 405, 28, 1, 4
1791024165.337646862,2026/10/03 19:42:45.372, 0, NVIDIA GeForce RTX 5070 Ti, 77.96, 50, 32, 15692, 2280, 15051, 41, 5, 8
1791024165.337646862,2026/10/03 19:42:45.375, 1, NVIDIA GeForce RTX 5070 Ti, 110.57, 100, 35, 15205, 2287, 15051, 45, 5, 4
1791024165.337646862,2026/10/03 19:42:45.378, 2, NVIDIA GeForce RTX 5070 Ti, 105.75, 55, 22, 15816, 2302, 15051, 50, 5, 8
1791024165.337646862,2026/10/03 19:42:45.381, 3, NVIDIA GeForce RTX 5060 Ti, 4.49, 0, 0, 2, 210, 405, 28, 1, 4
1791024166.399427115,2026/10/03 19:42:46.433, 0, NVIDIA GeForce RTX 5070 Ti, 76.14, 48, 29, 15692, 2287, 15051, 40, 5, 8
1791024166.399427115,2026/10/03 19:42:46.437, 1, NVIDIA GeForce RTX 5070 Ti, 106.46, 100, 27, 15205, 2287, 15051, 45, 5, 4
1791024166.399427115,2026/10/03 19:42:46.440, 2, NVIDIA GeForce RTX 5070 Ti, 105.12, 51, 25, 15816, 2302, 15051, 49, 5, 8
1791024166.399427115,2026/10/03 19:42:46.443, 3, NVIDIA GeForce RTX 5060 Ti, 4.56, 0, 0, 2, 210, 405, 28, 1, 4
1791024167.461344544,2026/10/03 19:42:47.494, 0, NVIDIA GeForce RTX 5070 Ti, 76.46, 52, 30, 15692, 2287, 15051, 40, 5, 8
1791024167.461344544,2026/10/03 19:42:47.497, 1, NVIDIA GeForce RTX 5070 Ti, 99.82, 100, 26, 15205, 2287, 15051, 44, 5, 4
1791024167.461344544,2026/10/03 19:42:47.501, 2, NVIDIA GeForce RTX 5070 Ti, 104.82, 52, 24, 15816, 2302, 15051, 51, 5, 8
1791024167.461344544,2026/10/03 19:42:47.504, 3, NVIDIA GeForce RTX 5060 Ti, 4.46, 0, 0, 2, 210, 405, 28, 1, 4
1791024168.522948110,2026/10/03 19:42:48.555, 0, NVIDIA GeForce RTX 5070 Ti, 77.16, 47, 27, 15692, 2280, 15051, 40, 5, 8
1791024168.522948110,2026/10/03 19:42:48.558, 1, NVIDIA GeForce RTX 5070 Ti, 106.15, 100, 39, 15205, 2287, 15051, 45, 5, 4
1791024168.522948110,2026/10/03 19:42:48.562, 2, NVIDIA GeForce RTX 5070 Ti, 105.48, 50, 22, 15816, 2302, 15051, 51, 5, 8
1791024168.522948110,2026/10/03 19:42:48.565, 3, NVIDIA GeForce RTX 5060 Ti, 4.41, 0, 0, 2, 210, 405, 28, 1, 4
1791024169.584555566,2026/10/03 19:42:49.617, 0, NVIDIA GeForce RTX 5070 Ti, 76.25, 53, 27, 15692, 2280, 15051, 40, 5, 8
1791024169.584555566,2026/10/03 19:42:49.620, 1, NVIDIA GeForce RTX 5070 Ti, 112.04, 98, 36, 15205, 2287, 15051, 46, 5, 4
1791024169.584555566,2026/10/03 19:42:49.623, 2, NVIDIA GeForce RTX 5070 Ti, 104.80, 49, 22, 15816, 2302, 15051, 51, 5, 8
1791024169.584555566,2026/10/03 19:42:49.625, 3, NVIDIA GeForce RTX 5060 Ti, 4.42, 0, 0, 2, 210, 405, 28, 1, 4
1791024170.645294797,2026/10/03 19:42:50.678, 0, NVIDIA GeForce RTX 5070 Ti, 77.65, 53, 32, 15692, 2280, 15051, 41, 5, 8
1791024170.645294797,2026/10/03 19:42:50.682, 1, NVIDIA GeForce RTX 5070 Ti, 109.20, 100, 35, 15205, 2287, 15051, 46, 5, 4
1791024170.645294797,2026/10/03 19:42:50.686, 2, NVIDIA GeForce RTX 5070 Ti, 105.44, 49, 23, 15816, 2302, 15051, 50, 5, 8
1791024170.645294797,2026/10/03 19:42:50.688, 3, NVIDIA GeForce RTX 5060 Ti, 4.39, 0, 0, 2, 210, 405, 28, 1, 4
1791024171.704507337,2026/10/03 19:42:51.735, 0, NVIDIA GeForce RTX 5070 Ti, 77.21, 50, 30, 15692, 2287, 15051, 40, 5, 8
1791024171.704507337,2026/10/03 19:42:51.739, 1, NVIDIA GeForce RTX 5070 Ti, 48.45, 0, 0, 15205, 2302, 15051, 41, 5, 4
1791024171.704507337,2026/10/03 19:42:51.741, 2, NVIDIA GeForce RTX 5070 Ti, 105.27, 47, 21, 15816, 2302, 15051, 51, 5, 8
1791024171.704507337,2026/10/03 19:42:51.744, 3, NVIDIA GeForce RTX 5060 Ti, 4.43, 0, 0, 2, 202, 405, 28, 1, 4
1791024172.760387643,2026/10/03 19:42:52.791, 0, NVIDIA GeForce RTX 5070 Ti, 75.80, 50, 27, 15692, 2287, 15051, 40, 5, 8
1791024172.760387643,2026/10/03 19:42:52.794, 1, NVIDIA GeForce RTX 5070 Ti, 34.32, 0, 0, 15205, 2302, 15051, 40, 5, 4
1791024172.760387643,2026/10/03 19:42:52.796, 2, NVIDIA GeForce RTX 5070 Ti, 104.58, 51, 24, 15816, 2302, 15051, 50, 5, 8
1791024172.760387643,2026/10/03 19:42:52.799, 3, NVIDIA GeForce RTX 5060 Ti, 3.88, 0, 0, 2, 210, 405, 28, 1, 4
1791024173.815677356,2026/10/03 19:42:53.846, 0, NVIDIA GeForce RTX 5070 Ti, 76.25, 49, 30, 15692, 2287, 15051, 41, 5, 8
1791024173.815677356,2026/10/03 19:42:53.849, 1, NVIDIA GeForce RTX 5070 Ti, 34.19, 0, 0, 15205, 2302, 15051, 40, 5, 4
1791024173.815677356,2026/10/03 19:42:53.851, 2, NVIDIA GeForce RTX 5070 Ti, 103.43, 46, 17, 15816, 2302, 15051, 51, 5, 8
1791024173.815677356,2026/10/03 19:42:53.854, 3, NVIDIA GeForce RTX 5060 Ti, 3.91, 0, 0, 2, 210, 405, 28, 1, 4
1791024174.870442617,2026/10/03 19:42:54.902, 0, NVIDIA GeForce RTX 5070 Ti, 76.51, 46, 29, 15692, 2287, 15051, 41, 5, 8
1791024174.870442617,2026/10/03 19:42:54.905, 1, NVIDIA GeForce RTX 5070 Ti, 34.18, 0, 0, 15205, 2302, 15051, 40, 5, 4
1791024174.870442617,2026/10/03 19:42:54.907, 2, NVIDIA GeForce RTX 5070 Ti, 106.41, 51, 24, 15816, 2302, 15051, 50, 5, 8
1791024174.870442617,2026/10/03 19:42:54.911, 3, NVIDIA GeForce RTX 5060 Ti, 3.90, 0, 0, 2, 210, 405, 28, 1, 4
1791024175.928393616,2026/10/03 19:42:55.958, 0, NVIDIA GeForce RTX 5070 Ti, 78.02, 50, 29, 15692, 2280, 15051, 41, 5, 8
1791024175.928393616,2026/10/03 19:42:55.961, 1, NVIDIA GeForce RTX 5070 Ti, 34.15, 0, 0, 15205, 2302, 15051, 39, 5, 4
1791024175.928393616,2026/10/03 19:42:55.963, 2, NVIDIA GeForce RTX 5070 Ti, 106.46, 49, 22, 15816, 2302, 15051, 51, 5, 8
1791024175.928393616,2026/10/03 19:42:55.966, 3, NVIDIA GeForce RTX 5060 Ti, 3.80, 0, 0, 2, 210, 405, 28, 1, 4
1791024176.981494420,2026/10/03 19:42:57.012, 0, NVIDIA GeForce RTX 5070 Ti, 77.18, 50, 29, 15692, 2287, 15051, 42, 5, 8
1791024176.981494420,2026/10/03 19:42:57.014, 1, NVIDIA GeForce RTX 5070 Ti, 34.09, 0, 0, 15205, 2302, 15051, 39, 5, 4
1791024176.981494420,2026/10/03 19:42:57.016, 2, NVIDIA GeForce RTX 5070 Ti, 106.99, 51, 22, 15816, 2302, 15051, 51, 5, 8
1791024176.981494420,2026/10/03 19:42:57.019, 3, NVIDIA GeForce RTX 5060 Ti, 3.79, 0, 0, 2, 210, 405, 28, 1, 4
1791024178.033960879,2026/10/03 19:42:58.064, 0, NVIDIA GeForce RTX 5070 Ti, 77.58, 52, 31, 15692, 2287, 15051, 42, 5, 8
1791024178.033960879,2026/10/03 19:42:58.067, 1, NVIDIA GeForce RTX 5070 Ti, 33.94, 0, 0, 15205, 2302, 15051, 39, 5, 4
1791024178.033960879,2026/10/03 19:42:58.069, 2, NVIDIA GeForce RTX 5070 Ti, 104.13, 49, 23, 15816, 2302, 15051, 51, 5, 8
1791024178.033960879,2026/10/03 19:42:58.071, 3, NVIDIA GeForce RTX 5060 Ti, 3.82, 0, 0, 2, 202, 405, 28, 1, 4
1791024179.088420297,2026/10/03 19:42:59.121, 0, NVIDIA GeForce RTX 5070 Ti, 76.25, 50, 28, 15692, 2287, 15051, 41, 5, 8
1791024179.088420297,2026/10/03 19:42:59.124, 1, NVIDIA GeForce RTX 5070 Ti, 49.38, 100, 25, 15205, 2295, 15051, 43, 5, 4
1791024179.088420297,2026/10/03 19:42:59.128, 2, NVIDIA GeForce RTX 5070 Ti, 106.65, 50, 22, 15816, 2302, 15051, 50, 5, 8
1791024179.088420297,2026/10/03 19:42:59.131, 3, NVIDIA GeForce RTX 5060 Ti, 3.93, 0, 0, 2, 210, 405, 28, 1, 4
1791024180.149527424,2026/10/03 19:43:00.185, 0, NVIDIA GeForce RTX 5070 Ti, 78.96, 49, 28, 15692, 2280, 15051, 41, 5, 8
1791024180.149527424,2026/10/03 19:43:00.189, 1, NVIDIA GeForce RTX 5070 Ti, 109.87, 100, 36, 15205, 2287, 15051, 45, 5, 4
1791024180.149527424,2026/10/03 19:43:00.193, 2, NVIDIA GeForce RTX 5070 Ti, 105.14, 48, 21, 15816, 2302, 15051, 51, 5, 8
1791024180.149527424,2026/10/03 19:43:00.196, 3, NVIDIA GeForce RTX 5060 Ti, 4.41, 0, 0, 2, 210, 405, 28, 1, 4
1791024181.213975094,2026/10/03 19:43:01.248, 0, NVIDIA GeForce RTX 5070 Ti, 78.78, 51, 28, 15692, 2287, 15051, 41, 5, 8
1791024181.213975094,2026/10/03 19:43:01.250, 1, NVIDIA GeForce RTX 5070 Ti, 107.74, 100, 31, 15205, 2287, 15051, 44, 5, 4
1791024181.213975094,2026/10/03 19:43:01.254, 2, NVIDIA GeForce RTX 5070 Ti, 107.56, 47, 22, 15816, 2302, 15051, 51, 5, 8
1791024181.213975094,2026/10/03 19:43:01.257, 3, NVIDIA GeForce RTX 5060 Ti, 4.44, 0, 0, 2, 210, 405, 28, 1, 4
1791024182.277748797,2026/10/03 19:43:02.311, 0, NVIDIA GeForce RTX 5070 Ti, 79.31, 49, 31, 15692, 2280, 15051, 41, 5, 8
1791024182.277748797,2026/10/03 19:43:02.314, 1, NVIDIA GeForce RTX 5070 Ti, 103.59, 100, 36, 15205, 2287, 15051, 44, 5, 4
1791024182.277748797,2026/10/03 19:43:02.317, 2, NVIDIA GeForce RTX 5070 Ti, 108.42, 49, 22, 15816, 2302, 15051, 52, 5, 8
1791024182.277748797,2026/10/03 19:43:02.320, 3, NVIDIA GeForce RTX 5060 Ti, 4.46, 0, 0, 2, 210, 405, 28, 1, 4
1791024183.338195997,2026/10/03 19:43:03.371, 0, NVIDIA GeForce RTX 5070 Ti, 78.32, 46, 27, 15692, 2280, 15051, 41, 5, 8
1791024183.338195997,2026/10/03 19:43:03.376, 1, NVIDIA GeForce RTX 5070 Ti, 106.41, 100, 40, 15205, 2287, 15051, 45, 5, 4
1791024183.338195997,2026/10/03 19:43:03.379, 2, NVIDIA GeForce RTX 5070 Ti, 107.50, 49, 22, 15816, 2302, 15051, 51, 5, 8
1791024183.338195997,2026/10/03 19:43:03.382, 3, NVIDIA GeForce RTX 5060 Ti, 4.45, 0, 0, 2, 202, 405, 28, 1, 4
1791024184.401340265,2026/10/03 19:43:04.434, 0, NVIDIA GeForce RTX 5070 Ti, 76.67, 47, 29, 15692, 2280, 15051, 40, 5, 8
1791024184.401340265,2026/10/03 19:43:04.438, 1, NVIDIA GeForce RTX 5070 Ti, 104.81, 99, 24, 15205, 2287, 15051, 44, 5, 4
1791024184.401340265,2026/10/03 19:43:04.441, 2, NVIDIA GeForce RTX 5070 Ti, 104.90, 51, 22, 15816, 2302, 15051, 52, 5, 8
1791024184.401340265,2026/10/03 19:43:04.444, 3, NVIDIA GeForce RTX 5060 Ti, 4.44, 0, 0, 2, 210, 405, 28, 1, 4
1791024185.461507063,2026/10/03 19:43:05.494, 0, NVIDIA GeForce RTX 5070 Ti, 78.56, 48, 29, 15692, 2280, 15051, 41, 5, 8
1791024185.461507063,2026/10/03 19:43:05.498, 1, NVIDIA GeForce RTX 5070 Ti, 106.03, 98, 42, 15205, 2287, 15051, 44, 5, 4
1791024185.461507063,2026/10/03 19:43:05.502, 2, NVIDIA GeForce RTX 5070 Ti, 107.18, 48, 22, 15816, 2302, 15051, 52, 5, 8
1791024185.461507063,2026/10/03 19:43:05.504, 3, NVIDIA GeForce RTX 5060 Ti, 4.50, 0, 0, 2, 210, 405, 28, 1, 4
1791024186.521942012,2026/10/03 19:43:06.551, 0, NVIDIA GeForce RTX 5070 Ti, 78.36, 50, 30, 15692, 2280, 15051, 41, 5, 8
1791024186.521942012,2026/10/03 19:43:06.554, 1, NVIDIA GeForce RTX 5070 Ti, 90.87, 0, 0, 15205, 2295, 15051, 41, 5, 4
1791024186.521942012,2026/10/03 19:43:06.556, 2, NVIDIA GeForce RTX 5070 Ti, 107.30, 49, 22, 15816, 2302, 15051, 50, 5, 8
1791024186.521942012,2026/10/03 19:43:06.559, 3, NVIDIA GeForce RTX 5060 Ti, 4.45, 0, 0, 2, 210, 405, 29, 1, 4
1791024187.575486855,2026/10/03 19:43:07.607, 0, NVIDIA GeForce RTX 5070 Ti, 77.67, 45, 27, 15692, 2287, 15051, 41, 5, 8
1791024187.575486855,2026/10/03 19:43:07.610, 1, NVIDIA GeForce RTX 5070 Ti, 34.27, 0, 0, 15205, 2302, 15051, 40, 5, 4
1791024187.575486855,2026/10/03 19:43:07.612, 2, NVIDIA GeForce RTX 5070 Ti, 107.17, 46, 21, 15816, 2302, 15051, 50, 5, 8
1791024187.575486855,2026/10/03 19:43:07.615, 3, NVIDIA GeForce RTX 5060 Ti, 4.39, 0, 0, 2, 210, 405, 29, 1, 4
1791024188.631294037,2026/10/03 19:43:08.663, 0, NVIDIA GeForce RTX 5070 Ti, 77.33, 50, 27, 15692, 2280, 15051, 41, 5, 8
1791024188.631294037,2026/10/03 19:43:08.666, 1, NVIDIA GeForce RTX 5070 Ti, 34.06, 0, 0, 15205, 2302, 15051, 39, 5, 4
1791024188.631294037,2026/10/03 19:43:08.668, 2, NVIDIA GeForce RTX 5070 Ti, 105.31, 53, 22, 15816, 2302, 15051, 50, 5, 8
1791024188.631294037,2026/10/03 19:43:08.671, 3, NVIDIA GeForce RTX 5060 Ti, 3.94, 0, 0, 2, 210, 405, 29, 1, 4
1791024189.686467785,2026/10/03 19:43:09.718, 0, NVIDIA GeForce RTX 5070 Ti, 76.47, 46, 28, 15692, 2280, 15051, 41, 5, 8
1791024189.686467785,2026/10/03 19:43:09.722, 1, NVIDIA GeForce RTX 5070 Ti, 34.05, 0, 0, 15205, 2302, 15051, 39, 5, 4
1791024189.686467785,2026/10/03 19:43:09.723, 2, NVIDIA GeForce RTX 5070 Ti, 104.04, 48, 21, 15816, 2302, 15051, 50, 5, 8
1791024189.686467785,2026/10/03 19:43:09.726, 3, NVIDIA GeForce RTX 5060 Ti, 3.91, 0, 0, 2, 210, 405, 29, 1, 4
1791024190.742637212,2026/10/03 19:43:10.773, 0, NVIDIA GeForce RTX 5070 Ti, 78.52, 49, 29, 15692, 2280, 15051, 43, 5, 8
1791024190.742637212,2026/10/03 19:43:10.775, 1, NVIDIA GeForce RTX 5070 Ti, 33.90, 0, 0, 15205, 2302, 15051, 39, 5, 4
1791024190.742637212,2026/10/03 19:43:10.777, 2, NVIDIA GeForce RTX 5070 Ti, 107.75, 52, 24, 15816, 2302, 15051, 52, 5, 8
1791024190.742637212,2026/10/03 19:43:10.779, 3, NVIDIA GeForce RTX 5060 Ti, 3.78, 0, 0, 2, 210, 405, 29, 1, 4
1791024191.794709355,2026/10/03 19:43:11.826, 0, NVIDIA GeForce RTX 5070 Ti, 74.40, 51, 16, 15692, 2280, 15051, 41, 5, 8
1791024191.794709355,2026/10/03 19:43:11.829, 1, NVIDIA GeForce RTX 5070 Ti, 33.70, 0, 0, 15205, 2302, 15051, 39, 5, 4
1791024191.794709355,2026/10/03 19:43:11.831, 2, NVIDIA GeForce RTX 5070 Ti, 102.43, 53, 24, 15816, 2302, 15051, 51, 5, 8
1791024191.794709355,2026/10/03 19:43:11.834, 3, NVIDIA GeForce RTX 5060 Ti, 3.80, 0, 0, 2, 210, 405, 29, 1, 4
1791024192.849905684,2026/10/03 19:43:12.880, 0, NVIDIA GeForce RTX 5070 Ti, 77.06, 50, 30, 15692, 2287, 15051, 41, 5, 8
1791024192.849905684,2026/10/03 19:43:12.883, 1, NVIDIA GeForce RTX 5070 Ti, 33.81, 0, 0, 15205, 2302, 15051, 39, 5, 4
1791024192.849905684,2026/10/03 19:43:12.885, 2, NVIDIA GeForce RTX 5070 Ti, 107.51, 55, 26, 15816, 2302, 15051, 51, 5, 8
1791024192.849905684,2026/10/03 19:43:12.889, 3, NVIDIA GeForce RTX 5060 Ti, 4.12, 0, 0, 2, 210, 405, 29, 1, 4
1791024193.904909814,2026/10/03 19:43:13.936, 0, NVIDIA GeForce RTX 5070 Ti, 77.84, 44, 28, 15692, 2287, 15051, 41, 5, 8
1791024193.904909814,2026/10/03 19:43:13.939, 1, NVIDIA GeForce RTX 5070 Ti, 33.88, 0, 0, 15205, 2302, 15051, 38, 5, 4
1791024193.904909814,2026/10/03 19:43:13.941, 2, NVIDIA GeForce RTX 5070 Ti, 106.77, 51, 23, 15816, 2302, 15051, 51, 5, 8
1791024193.904909814,2026/10/03 19:43:13.944, 3, NVIDIA GeForce RTX 5060 Ti, 3.95, 0, 0, 2, 210, 405, 29, 1, 4
1791024194.959772589,2026/10/03 19:43:14.993, 0, NVIDIA GeForce RTX 5070 Ti, 76.25, 51, 31, 15692, 2287, 15051, 43, 5, 8
1791024194.959772589,2026/10/03 19:43:14.996, 1, NVIDIA GeForce RTX 5070 Ti, 63.42, 100, 31, 15205, 2295, 15051, 42, 5, 4
1791024194.959772589,2026/10/03 19:43:14.999, 2, NVIDIA GeForce RTX 5070 Ti, 105.23, 57, 27, 15816, 2302, 15051, 50, 5, 8
1791024194.959772589,2026/10/03 19:43:15.001, 3, NVIDIA GeForce RTX 5060 Ti, 3.95, 0, 0, 2, 210, 405, 29, 1, 4
1791024196.019854294,2026/10/03 19:43:16.052, 0, NVIDIA GeForce RTX 5070 Ti, 77.79, 48, 29, 15692, 2280, 15051, 42, 5, 8
1791024196.019854294,2026/10/03 19:43:16.056, 1, NVIDIA GeForce RTX 5070 Ti, 108.65, 100, 30, 15205, 2287, 15051, 44, 5, 4
1791024196.019854294,2026/10/03 19:43:16.060, 2, NVIDIA GeForce RTX 5070 Ti, 106.59, 52, 23, 15816, 2302, 15051, 50, 5, 8
1791024196.019854294,2026/10/03 19:43:16.062, 3, NVIDIA GeForce RTX 5060 Ti, 4.44, 0, 0, 2, 210, 405, 29, 1, 4
1791024197.080234131,2026/10/03 19:43:17.113, 0, NVIDIA GeForce RTX 5070 Ti, 77.92, 55, 32, 15692, 2287, 15051, 41, 5, 8
1791024197.080234131,2026/10/03 19:43:17.117, 1, NVIDIA GeForce RTX 5070 Ti, 106.71, 100, 31, 15205, 2287, 15051, 43, 5, 4
1791024197.080234131,2026/10/03 19:43:17.120, 2, NVIDIA GeForce RTX 5070 Ti, 108.03, 49, 23, 15816, 2302, 15051, 51, 5, 8
1791024197.080234131,2026/10/03 19:43:17.123, 3, NVIDIA GeForce RTX 5060 Ti, 4.40, 0, 0, 2, 210, 405, 29, 1, 4
1791024198.140519634,2026/10/03 19:43:18.175, 0, NVIDIA GeForce RTX 5070 Ti, 78.05, 50, 29, 15692, 2280, 15051, 43, 5, 8
1791024198.140519634,2026/10/03 19:43:18.178, 1, NVIDIA GeForce RTX 5070 Ti, 109.46, 98, 39, 15205, 2287, 15051, 44, 5, 4
1791024198.140519634,2026/10/03 19:43:18.182, 2, NVIDIA GeForce RTX 5070 Ti, 107.61, 53, 25, 15816, 2302, 15051, 51, 5, 8
1791024198.140519634,2026/10/03 19:43:18.185, 3, NVIDIA GeForce RTX 5060 Ti, 4.36, 0, 0, 2, 210, 405, 29, 1, 4
1791024199.204574449,2026/10/03 19:43:19.238, 0, NVIDIA GeForce RTX 5070 Ti, 77.69, 46, 29, 15692, 2287, 15051, 42, 5, 8
1791024199.204574449,2026/10/03 19:43:19.242, 1, NVIDIA GeForce RTX 5070 Ti, 105.26, 98, 32, 15205, 2287, 15051, 44, 5, 4
1791024199.204574449,2026/10/03 19:43:19.245, 2, NVIDIA GeForce RTX 5070 Ti, 102.18, 28, 8, 15816, 2302, 15051, 51, 5, 8
1791024199.204574449,2026/10/03 19:43:19.249, 3, NVIDIA GeForce RTX 5060 Ti, 4.34, 0, 0, 2, 210, 405, 29, 1, 4
1791024200.266691726,2026/10/03 19:43:20.299, 0, NVIDIA GeForce RTX 5070 Ti, 76.43, 49, 31, 15692, 2287, 15051, 42, 5, 8
1791024200.266691726,2026/10/03 19:43:20.302, 1, NVIDIA GeForce RTX 5070 Ti, 106.92, 99, 25, 15205, 2287, 15051, 43, 5, 4
1791024200.266691726,2026/10/03 19:43:20.306, 2, NVIDIA GeForce RTX 5070 Ti, 103.93, 51, 25, 15816, 2302, 15051, 51, 5, 8
1791024200.266691726,2026/10/03 19:43:20.308, 3, NVIDIA GeForce RTX 5060 Ti, 4.36, 0, 0, 2, 210, 405, 29, 1, 4
1791024201.327312302,2026/10/03 19:43:21.361, 0, NVIDIA GeForce RTX 5070 Ti, 78.66, 48, 26, 15692, 2287, 15051, 43, 5, 8
1791024201.327312302,2026/10/03 19:43:21.364, 1, NVIDIA GeForce RTX 5070 Ti, 108.10, 98, 32, 15205, 2287, 15051, 44, 5, 4
1791024201.327312302,2026/10/03 19:43:21.368, 2, NVIDIA GeForce RTX 5070 Ti, 106.08, 55, 21, 15816, 2302, 15051, 51, 5, 8
1791024201.327312302,2026/10/03 19:43:21.372, 3, NVIDIA GeForce RTX 5060 Ti, 4.45, 0, 0, 2, 210, 405, 29, 1, 4
1791024202.390073805,2026/10/03 19:43:22.420, 0, NVIDIA GeForce RTX 5070 Ti, 77.21, 49, 27, 15692, 2287, 15051, 43, 5, 8
1791024202.390073805,2026/10/03 19:43:22.423, 1, NVIDIA GeForce RTX 5070 Ti, 80.54, 0, 0, 15205, 2302, 15051, 40, 5, 4
1791024202.390073805,2026/10/03 19:43:22.425, 2, NVIDIA GeForce RTX 5070 Ti, 106.26, 51, 24, 15816, 2302, 15051, 50, 5, 8
1791024202.390073805,2026/10/03 19:43:22.427, 3, NVIDIA GeForce RTX 5060 Ti, 4.50, 0, 0, 2, 210, 405, 29, 1, 4
1791024203.443433730,2026/10/03 19:43:23.474, 0, NVIDIA GeForce RTX 5070 Ti, 78.34, 51, 28, 15692, 2287, 15051, 42, 5, 8
1791024203.443433730,2026/10/03 19:43:23.477, 1, NVIDIA GeForce RTX 5070 Ti, 34.21, 0, 0, 15205, 2302, 15051, 39, 5, 4
1791024203.443433730,2026/10/03 19:43:23.479, 2, NVIDIA GeForce RTX 5070 Ti, 105.92, 48, 21, 15816, 2302, 15051, 52, 5, 8
1791024203.443433730,2026/10/03 19:43:23.481, 3, NVIDIA GeForce RTX 5060 Ti, 3.75, 0, 0, 2, 210, 405, 29, 1, 4
1791024204.496811325,2026/10/03 19:43:24.528, 0, NVIDIA GeForce RTX 5070 Ti, 77.69, 48, 30, 15692, 2287, 15051, 42, 5, 8
1791024204.496811325,2026/10/03 19:43:24.531, 1, NVIDIA GeForce RTX 5070 Ti, 34.01, 0, 0, 15205, 2302, 15051, 39, 5, 4
1791024204.496811325,2026/10/03 19:43:24.533, 2, NVIDIA GeForce RTX 5070 Ti, 106.88, 56, 25, 15816, 2302, 15051, 49, 5, 8
1791024204.496811325,2026/10/03 19:43:24.535, 3, NVIDIA GeForce RTX 5060 Ti, 3.87, 0, 0, 2, 210, 405, 29, 1, 4
1791024205.550945281,2026/10/03 19:43:25.582, 0, NVIDIA GeForce RTX 5070 Ti, 79.72, 51, 31, 15692, 2287, 15051, 43, 5, 8
1791024205.550945281,2026/10/03 19:43:25.585, 1, NVIDIA GeForce RTX 5070 Ti, 33.91, 0, 0, 15205, 2302, 15051, 39, 5, 4
1791024205.550945281,2026/10/03 19:43:25.586, 2, NVIDIA GeForce RTX 5070 Ti, 106.04, 50, 22, 15816, 2302, 15051, 50, 5, 8
1791024205.550945281,2026/10/03 19:43:25.589, 3, NVIDIA GeForce RTX 5060 Ti, 3.86, 0, 0, 2, 210, 405, 29, 1, 4
1791024206.604595967,2026/10/03 19:43:26.634, 0, NVIDIA GeForce RTX 5070 Ti, 79.44, 52, 27, 15692, 2287, 15051, 43, 5, 8
1791024206.604595967,2026/10/03 19:43:26.637, 1, NVIDIA GeForce RTX 5070 Ti, 33.97, 0, 0, 15205, 2302, 15051, 38, 5, 4
1791024206.604595967,2026/10/03 19:43:26.639, 2, NVIDIA GeForce RTX 5070 Ti, 107.55, 52, 25, 15816, 2302, 15051, 51, 5, 8
1791024206.604595967,2026/10/03 19:43:26.642, 3, NVIDIA GeForce RTX 5060 Ti, 3.78, 0, 0, 2, 210, 405, 29, 1, 4
1791024207.657497003,2026/10/03 19:43:27.687, 0, NVIDIA GeForce RTX 5070 Ti, 78.26, 47, 29, 15692, 2287, 15051, 43, 5, 8
1791024207.657497003,2026/10/03 19:43:27.691, 1, NVIDIA GeForce RTX 5070 Ti, 33.87, 0, 0, 15205, 2302, 15051, 38, 5, 4
1791024207.657497003,2026/10/03 19:43:27.692, 2, NVIDIA GeForce RTX 5070 Ti, 106.81, 57, 27, 15816, 2302, 15051, 50, 5, 8
1791024207.657497003,2026/10/03 19:43:27.695, 3, NVIDIA GeForce RTX 5060 Ti, 3.78, 0, 0, 2, 210, 405, 29, 1, 4
1791024208.710048985,2026/10/03 19:43:28.741, 0, NVIDIA GeForce RTX 5070 Ti, 78.42, 49, 29, 15692, 2287, 15051, 43, 5, 8
1791024208.710048985,2026/10/03 19:43:28.744, 1, NVIDIA GeForce RTX 5070 Ti, 33.83, 0, 0, 15205, 2302, 15051, 38, 5, 4
1791024208.710048985,2026/10/03 19:43:28.746, 2, NVIDIA GeForce RTX 5070 Ti, 107.67, 50, 22, 15816, 2302, 15051, 51, 5, 8
1791024208.710048985,2026/10/03 19:43:28.748, 3, NVIDIA GeForce RTX 5060 Ti, 3.77, 0, 0, 2, 210, 405, 29, 1, 4
1791024209.764524335,2026/10/03 19:43:29.799, 0, NVIDIA GeForce RTX 5070 Ti, 79.41, 46, 27, 15692, 2287, 15051, 42, 5, 8
1791024209.764524335,2026/10/03 19:43:29.802, 1, NVIDIA GeForce RTX 5070 Ti, 33.70, 0, 0, 15205, 2302, 15051, 38, 5, 4
1791024209.764524335,2026/10/03 19:43:29.806, 2, NVIDIA GeForce RTX 5070 Ti, 106.23, 48, 19, 15816, 2302, 15051, 50, 5, 8
1791024209.764524335,2026/10/03 19:43:29.809, 3, NVIDIA GeForce RTX 5060 Ti, 3.90, 0, 0, 2, 210, 405, 29, 1, 4
1791024210.827318228,2026/10/03 19:43:30.861, 0, NVIDIA GeForce RTX 5070 Ti, 76.42, 50, 29, 15692, 2287, 15051, 43, 5, 8
1791024210.827318228,2026/10/03 19:43:30.865, 1, NVIDIA GeForce RTX 5070 Ti, 98.33, 100, 38, 15205, 2287, 15051, 42, 5, 4
1791024210.827318228,2026/10/03 19:43:30.868, 2, NVIDIA GeForce RTX 5070 Ti, 104.16, 49, 23, 15816, 2302, 15051, 50, 5, 8
1791024210.827318228,2026/10/03 19:43:30.872, 3, NVIDIA GeForce RTX 5060 Ti, 4.14, 0, 0, 2, 210, 405, 29, 1, 4
1791024211.890108622,2026/10/03 19:43:31.925, 0, NVIDIA GeForce RTX 5070 Ti, 79.43, 47, 30, 15692, 2280, 15051, 43, 5, 8
1791024211.890108622,2026/10/03 19:43:31.929, 1, NVIDIA GeForce RTX 5070 Ti, 109.43, 100, 30, 15205, 2287, 15051, 44, 5, 4
1791024211.890108622,2026/10/03 19:43:31.933, 2, NVIDIA GeForce RTX 5070 Ti, 107.77, 50, 24, 15816, 2302, 15051, 50, 5, 8
1791024211.890108622,2026/10/03 19:43:31.935, 3, NVIDIA GeForce RTX 5060 Ti, 4.31, 0, 0, 2, 210, 405, 29, 1, 4
1791024212.955194729,2026/10/03 19:43:32.988, 0, NVIDIA GeForce RTX 5070 Ti, 78.11, 48, 27, 15692, 2287, 15051, 42, 5, 8
1791024212.955194729,2026/10/03 19:43:32.991, 1, NVIDIA GeForce RTX 5070 Ti, 107.79, 100, 34, 15205, 2287, 15051, 43, 5, 4
1791024212.955194729,2026/10/03 19:43:32.994, 2, NVIDIA GeForce RTX 5070 Ti, 104.78, 48, 21, 15816, 2302, 15051, 51, 5, 8
1791024212.955194729,2026/10/03 19:43:32.996, 3, NVIDIA GeForce RTX 5060 Ti, 4.47, 0, 0, 2, 210, 405, 29, 1, 4
1791024214.016326736,2026/10/03 19:43:34.048, 0, NVIDIA GeForce RTX 5070 Ti, 76.57, 53, 29, 15692, 2287, 15051, 42, 5, 8
1791024214.016326736,2026/10/03 19:43:34.052, 1, NVIDIA GeForce RTX 5070 Ti, 107.41, 97, 36, 15205, 2287, 15051, 44, 5, 4
1791024214.016326736,2026/10/03 19:43:34.056, 2, NVIDIA GeForce RTX 5070 Ti, 105.19, 50, 24, 15816, 2302, 15051, 49, 5, 8
1791024214.016326736,2026/10/03 19:43:34.059, 3, NVIDIA GeForce RTX 5060 Ti, 4.42, 0, 0, 2, 210, 405, 29, 1, 4
1791024215.076735804,2026/10/03 19:43:35.109, 0, NVIDIA GeForce RTX 5070 Ti, 77.11, 49, 30, 15692, 2287, 15051, 44, 5, 8
1791024215.076735804,2026/10/03 19:43:35.113, 1, NVIDIA GeForce RTX 5070 Ti, 106.47, 98, 37, 15205, 2287, 15051, 43, 5, 4
1791024215.076735804,2026/10/03 19:43:35.116, 2, NVIDIA GeForce RTX 5070 Ti, 105.85, 45, 19, 15816, 2302, 15051, 50, 5, 8
1791024215.076735804,2026/10/03 19:43:35.118, 3, NVIDIA GeForce RTX 5060 Ti, 4.48, 0, 0, 2, 210, 405, 29, 1, 4
1791024216.136226405,2026/10/03 19:43:36.169, 0, NVIDIA GeForce RTX 5070 Ti, 79.60, 53, 32, 15692, 2287, 15051, 43, 5, 8
1791024216.136226405,2026/10/03 19:43:36.173, 1, NVIDIA GeForce RTX 5070 Ti, 105.27, 99, 36, 15205, 2287, 15051, 44, 5, 4
1791024216.136226405,2026/10/03 19:43:36.176, 2, NVIDIA GeForce RTX 5070 Ti, 106.72, 53, 24, 15816, 2302, 15051, 50, 5, 8
1791024216.136226405,2026/10/03 19:43:36.178, 3, NVIDIA GeForce RTX 5060 Ti, 4.43, 0, 0, 2, 210, 405, 29, 1, 4
1791024217.196097221,2026/10/03 19:43:37.226, 0, NVIDIA GeForce RTX 5070 Ti, 77.44, 51, 27, 15692, 2287, 15051, 43, 5, 8
1791024217.196097221,2026/10/03 19:43:37.229, 1, NVIDIA GeForce RTX 5070 Ti, 108.18, 99, 34, 15205, 2287, 15051, 44, 5, 4
1791024217.196097221,2026/10/03 19:43:37.231, 2, NVIDIA GeForce RTX 5070 Ti, 106.58, 48, 18, 15816, 2302, 15051, 50, 5, 8
1791024217.196097221,2026/10/03 19:43:37.233, 3, NVIDIA GeForce RTX 5060 Ti, 4.38, 0, 0, 2, 210, 405, 29, 1, 4
1791024218.249306880,2026/10/03 19:43:38.279, 0, NVIDIA GeForce RTX 5070 Ti, 78.73, 45, 29, 15692, 2287, 15051, 43, 5, 8
1791024218.249306880,2026/10/03 19:43:38.283, 1, NVIDIA GeForce RTX 5070 Ti, 35.91, 0, 0, 15205, 2302, 15051, 39, 5, 4
1791024218.249306880,2026/10/03 19:43:38.285, 2, NVIDIA GeForce RTX 5070 Ti, 106.61, 48, 22, 15816, 2302, 15051, 49, 5, 8
1791024218.249306880,2026/10/03 19:43:38.287, 3, NVIDIA GeForce RTX 5060 Ti, 3.98, 0, 0, 2, 210, 405, 29, 1, 4
1791024219.303775229,2026/10/03 19:43:39.334, 0, NVIDIA GeForce RTX 5070 Ti, 78.88, 44, 27, 15692, 2287, 15051, 43, 5, 8
1791024219.303775229,2026/10/03 19:43:39.336, 1, NVIDIA GeForce RTX 5070 Ti, 34.01, 0, 0, 15205, 2302, 15051, 38, 5, 4
1791024219.303775229,2026/10/03 19:43:39.338, 2, NVIDIA GeForce RTX 5070 Ti, 106.90, 52, 23, 15816, 2302, 15051, 51, 5, 8
1791024219.303775229,2026/10/03 19:43:39.342, 3, NVIDIA GeForce RTX 5060 Ti, 3.82, 0, 0, 2, 210, 405, 29, 1, 4
1791024220.357034790,2026/10/03 19:43:40.387, 0, NVIDIA GeForce RTX 5070 Ti, 77.28, 45, 29, 15692, 2287, 15051, 43, 5, 8
1791024220.357034790,2026/10/03 19:43:40.390, 1, NVIDIA GeForce RTX 5070 Ti, 33.87, 0, 0, 15205, 2302, 15051, 38, 5, 4
1791024220.357034790,2026/10/03 19:43:40.392, 2, NVIDIA GeForce RTX 5070 Ti, 104.94, 52, 24, 15816, 2302, 15051, 49, 5, 8
1791024220.357034790,2026/10/03 19:43:40.395, 3, NVIDIA GeForce RTX 5060 Ti, 3.79, 0, 0, 2, 210, 405, 29, 1, 4
1791024221.411690436,2026/10/03 19:43:41.442, 0, NVIDIA GeForce RTX 5070 Ti, 79.24, 52, 28, 15692, 2287, 15051, 43, 5, 8
1791024221.411690436,2026/10/03 19:43:41.445, 1, NVIDIA GeForce RTX 5070 Ti, 33.80, 0, 0, 15205, 2302, 15051, 38, 5, 4
1791024221.411690436,2026/10/03 19:43:41.447, 2, NVIDIA GeForce RTX 5070 Ti, 107.04, 49, 22, 15816, 2302, 15051, 50, 5, 8
1791024221.411690436,2026/10/03 19:43:41.450, 3, NVIDIA GeForce RTX 5060 Ti, 3.75, 0, 0, 2, 210, 405, 29, 1, 4
1791024222.465842953,2026/10/03 19:43:42.495, 0, NVIDIA GeForce RTX 5070 Ti, 80.00, 46, 26, 15692, 2287, 15051, 43, 5, 8
1791024222.465842953,2026/10/03 19:43:42.498, 1, NVIDIA GeForce RTX 5070 Ti, 33.71, 0, 0, 15205, 2302, 15051, 38, 5, 4
1791024222.465842953,2026/10/03 19:43:42.500, 2, NVIDIA GeForce RTX 5070 Ti, 107.49, 51, 22, 15816, 2302, 15051, 50, 5, 8
1791024222.465842953,2026/10/03 19:43:42.502, 3, NVIDIA GeForce RTX 5060 Ti, 3.78, 0, 0, 2, 210, 405, 29, 1, 4
1791024223.518081292,2026/10/03 19:43:43.548, 0, NVIDIA GeForce RTX 5070 Ti, 79.23, 48, 27, 15692, 2287, 15051, 44, 5, 8
1791024223.518081292,2026/10/03 19:43:43.551, 1, NVIDIA GeForce RTX 5070 Ti, 33.83, 0, 0, 15205, 2302, 15051, 38, 5, 4
1791024223.518081292,2026/10/03 19:43:43.553, 2, NVIDIA GeForce RTX 5070 Ti, 107.01, 52, 22, 15816, 2302, 15051, 49, 5, 8
1791024223.518081292,2026/10/03 19:43:43.556, 3, NVIDIA GeForce RTX 5060 Ti, 3.83, 0, 0, 2, 210, 405, 29, 1, 4
1791024224.571910706,2026/10/03 19:43:44.602, 0, NVIDIA GeForce RTX 5070 Ti, 77.40, 48, 25, 15692, 2287, 15051, 44, 5, 8
1791024224.571910706,2026/10/03 19:43:44.604, 1, NVIDIA GeForce RTX 5070 Ti, 33.77, 0, 0, 15205, 2302, 15051, 38, 5, 4
1791024224.571910706,2026/10/03 19:43:44.606, 2, NVIDIA GeForce RTX 5070 Ti, 106.59, 50, 23, 15816, 2302, 15051, 49, 5, 8
1791024224.571910706,2026/10/03 19:43:44.609, 3, NVIDIA GeForce RTX 5060 Ti, 3.83, 0, 0, 2, 210, 405, 29, 1, 4
1791024225.625678987,2026/10/03 19:43:45.655, 0, NVIDIA GeForce RTX 5070 Ti, 78.50, 46, 30, 15692, 2287, 15051, 44, 5, 8
1791024225.625678987,2026/10/03 19:43:45.658, 1, NVIDIA GeForce RTX 5070 Ti, 33.70, 0, 0, 15205, 2302, 15051, 38, 5, 4
1791024225.625678987,2026/10/03 19:43:45.659, 2, NVIDIA GeForce RTX 5070 Ti, 104.59, 52, 23, 15816, 2302, 15051, 50, 5, 8
1791024225.625678987,2026/10/03 19:43:45.662, 3, NVIDIA GeForce RTX 5060 Ti, 3.82, 0, 0, 2, 210, 405, 29, 1, 4
1791024226.678258890,2026/10/03 19:43:46.709, 0, NVIDIA GeForce RTX 5070 Ti, 79.42, 46, 28, 15692, 2280, 15051, 43, 5, 8
1791024226.678258890,2026/10/03 19:43:46.712, 1, NVIDIA GeForce RTX 5070 Ti, 33.75, 0, 0, 15205, 2302, 15051, 37, 5, 4
1791024226.678258890,2026/10/03 19:43:46.714, 2, NVIDIA GeForce RTX 5070 Ti, 107.30, 49, 21, 15816, 2302, 15051, 49, 5, 8
1791024226.678258890,2026/10/03 19:43:46.717, 3, NVIDIA GeForce RTX 5060 Ti, 3.74, 0, 0, 2, 210, 405, 29, 1, 4
1791024227.731403436,2026/10/03 19:43:47.762, 0, NVIDIA GeForce RTX 5070 Ti, 79.17, 48, 28, 15692, 2287, 15051, 44, 5, 8
1791024227.731403436,2026/10/03 19:43:47.766, 1, NVIDIA GeForce RTX 5070 Ti, 33.77, 0, 0, 15205, 2302, 15051, 37, 5, 4
1791024227.731403436,2026/10/03 19:43:47.768, 2, NVIDIA GeForce RTX 5070 Ti, 107.10, 50, 24, 15816, 2302, 15051, 50, 5, 8
1791024227.731403436,2026/10/03 19:43:47.771, 3, NVIDIA GeForce RTX 5060 Ti, 3.66, 0, 0, 2, 210, 405, 29, 1, 4
1791024228.786696988,2026/10/03 19:43:48.817, 0, NVIDIA GeForce RTX 5070 Ti, 77.96, 47, 29, 15692, 2287, 15051, 43, 5, 8
1791024228.786696988,2026/10/03 19:43:48.820, 1, NVIDIA GeForce RTX 5070 Ti, 33.67, 0, 0, 15205, 2302, 15051, 37, 5, 4
1791024228.786696988,2026/10/03 19:43:48.822, 2, NVIDIA GeForce RTX 5070 Ti, 106.09, 48, 22, 15816, 2302, 15051, 50, 5, 8
1791024228.786696988,2026/10/03 19:43:48.825, 3, NVIDIA GeForce RTX 5060 Ti, 3.66, 0, 0, 2, 210, 405, 29, 1, 4
1791024229.840852365,2026/10/03 19:43:49.871, 0, NVIDIA GeForce RTX 5070 Ti, 78.49, 48, 28, 15692, 2287, 15051, 43, 5, 8
1791024229.840852365,2026/10/03 19:43:49.874, 1, NVIDIA GeForce RTX 5070 Ti, 33.65, 0, 0, 15205, 2302, 15051, 37, 5, 4
1791024229.840852365,2026/10/03 19:43:49.876, 2, NVIDIA GeForce RTX 5070 Ti, 105.75, 53, 25, 15816, 2302, 15051, 51, 5, 8
1791024229.840852365,2026/10/03 19:43:49.878, 3, NVIDIA GeForce RTX 5060 Ti, 3.79, 0, 0, 2, 210, 405, 29, 1, 4
1791024230.894884757,2026/10/03 19:43:50.927, 0, NVIDIA GeForce RTX 5070 Ti, 90.43, 100, 32, 15692, 2295, 15051, 44, 5, 8
1791024230.894884757,2026/10/03 19:43:50.930, 1, NVIDIA GeForce RTX 5070 Ti, 59.66, 100, 33, 15205, 2295, 15051, 41, 5, 4
1791024230.894884757,2026/10/03 19:43:50.933, 2, NVIDIA GeForce RTX 5070 Ti, 71.09, 0, 0, 15816, 2302, 15051, 48, 5, 8
1791024230.894884757,2026/10/03 19:43:50.937, 3, NVIDIA GeForce RTX 5060 Ti, 3.92, 0, 0, 2, 210, 405, 29, 1, 4
1791024231.955986493,2026/10/03 19:43:51.989, 0, NVIDIA GeForce RTX 5070 Ti, 45.61, 53, 23, 15692, 2295, 15051, 42, 5, 8
1791024231.955986493,2026/10/03 19:43:51.994, 1, NVIDIA GeForce RTX 5070 Ti, 109.92, 100, 31, 15205, 2287, 15051, 42, 5, 4
1791024231.955986493,2026/10/03 19:43:51.997, 2, NVIDIA GeForce RTX 5070 Ti, 105.25, 45, 19, 15816, 2302, 15051, 47, 5, 8
1791024231.955986493,2026/10/03 19:43:52.000, 3, NVIDIA GeForce RTX 5060 Ti, 4.25, 0, 0, 2, 210, 405, 29, 1, 4
1791024233.019198453,2026/10/03 19:43:53.054, 0, NVIDIA GeForce RTX 5070 Ti, 82.48, 0, 0, 15692, 2295, 15051, 41, 5, 8
1791024233.019198453,2026/10/03 19:43:53.059, 1, NVIDIA GeForce RTX 5070 Ti, 106.87, 100, 35, 15205, 2287, 15051, 42, 5, 4
1791024233.019198453,2026/10/03 19:43:53.063, 2, NVIDIA GeForce RTX 5070 Ti, 73.42, 100, 25, 15816, 2302, 15051, 50, 5, 8
1791024233.019198453,2026/10/03 19:43:53.066, 3, NVIDIA GeForce RTX 5060 Ti, 4.52, 0, 0, 2, 210, 405, 29, 1, 4
1791024234.086303731,2026/10/03 19:43:54.118, 0, NVIDIA GeForce RTX 5070 Ti, 88.70, 44, 12, 15692, 2295, 15051, 43, 5, 8
1791024234.086303731,2026/10/03 19:43:54.122, 1, NVIDIA GeForce RTX 5070 Ti, 109.59, 100, 40, 15205, 2287, 15051, 42, 5, 4
1791024234.086303731,2026/10/03 19:43:54.125, 2, NVIDIA GeForce RTX 5070 Ti, 79.11, 0, 0, 15816, 2302, 15051, 46, 5, 8
1791024234.086303731,2026/10/03 19:43:54.129, 3, NVIDIA GeForce RTX 5060 Ti, 4.28, 0, 0, 2, 210, 405, 29, 1, 4
1791024235.147851495,2026/10/03 19:43:55.178, 0, NVIDIA GeForce RTX 5070 Ti, 40.09, 0, 0, 15692, 2295, 15051, 42, 5, 8
1791024235.147851495,2026/10/03 19:43:55.181, 1, NVIDIA GeForce RTX 5070 Ti, 105.32, 100, 35, 15205, 2287, 15051, 42, 5, 4
1791024235.147851495,2026/10/03 19:43:55.185, 2, NVIDIA GeForce RTX 5070 Ti, 88.78, 90, 9, 15816, 2302, 15051, 47, 5, 8
1791024235.147851495,2026/10/03 19:43:55.187, 3, NVIDIA GeForce RTX 5060 Ti, 4.35, 0, 0, 2, 210, 405, 29, 1, 4
1791024236.202663898,2026/10/03 19:43:56.233, 0, NVIDIA GeForce RTX 5070 Ti, 30.37, 0, 0, 15692, 2295, 15051, 41, 5, 8
1791024236.202663898,2026/10/03 19:43:56.236, 1, NVIDIA GeForce RTX 5070 Ti, 107.87, 100, 25, 15205, 2287, 15051, 43, 5, 4
1791024236.202663898,2026/10/03 19:43:56.238, 2, NVIDIA GeForce RTX 5070 Ti, 43.36, 0, 0, 15816, 2302, 15051, 45, 5, 8
1791024236.202663898,2026/10/03 19:43:56.241, 3, NVIDIA GeForce RTX 5060 Ti, 4.17, 0, 0, 2, 210, 405, 29, 1, 4
1791024237.256858526,2026/10/03 19:43:57.287, 0, NVIDIA GeForce RTX 5070 Ti, 30.16, 0, 0, 15692, 2295, 15051, 40, 5, 8
1791024237.256858526,2026/10/03 19:43:57.290, 1, NVIDIA GeForce RTX 5070 Ti, 109.59, 100, 32, 15205, 2287, 15051, 43, 5, 4
1791024237.256858526,2026/10/03 19:43:57.293, 2, NVIDIA GeForce RTX 5070 Ti, 43.08, 0, 0, 15816, 2302, 15051, 45, 5, 8
1791024237.256858526,2026/10/03 19:43:57.295, 3, NVIDIA GeForce RTX 5060 Ti, 4.11, 0, 0, 2, 210, 405, 29, 1, 4
1791024238.310283693,2026/10/03 19:43:58.340, 0, NVIDIA GeForce RTX 5070 Ti, 29.67, 0, 0, 15692, 2295, 15051, 40, 5, 8
1791024238.310283693,2026/10/03 19:43:58.343, 1, NVIDIA GeForce RTX 5070 Ti, 92.19, 100, 13, 15205, 2302, 15051, 40, 5, 4
1791024238.310283693,2026/10/03 19:43:58.348, 2, NVIDIA GeForce RTX 5070 Ti, 42.92, 0, 0, 15816, 2302, 15051, 45, 5, 8
1791024238.310283693,2026/10/03 19:43:58.349, 3, NVIDIA GeForce RTX 5060 Ti, 4.08, 0, 0, 2, 210, 405, 29, 1, 4
1791024239.365182580,2026/10/03 19:43:59.395, 0, NVIDIA GeForce RTX 5070 Ti, 29.60, 0, 0, 15692, 2295, 15051, 40, 5, 8
1791024239.365182580,2026/10/03 19:43:59.398, 1, NVIDIA GeForce RTX 5070 Ti, 68.67, 100, 11, 15205, 2302, 15051, 42, 5, 4
1791024239.365182580,2026/10/03 19:43:59.402, 2, NVIDIA GeForce RTX 5070 Ti, 42.84, 0, 0, 15816, 2302, 15051, 44, 5, 8
1791024239.365182580,2026/10/03 19:43:59.403, 3, NVIDIA GeForce RTX 5060 Ti, 3.66, 0, 0, 2, 210, 405, 29, 1, 4
1791024240.419029804,2026/10/03 19:44:00.449, 0, NVIDIA GeForce RTX 5070 Ti, 29.39, 0, 0, 15692, 2295, 15051, 40, 5, 8
1791024240.419029804,2026/10/03 19:44:00.452, 1, NVIDIA GeForce RTX 5070 Ti, 68.24, 100, 15, 15205, 2302, 15051, 40, 5, 4
1791024240.419029804,2026/10/03 19:44:00.456, 2, NVIDIA GeForce RTX 5070 Ti, 42.74, 0, 0, 15816, 2302, 15051, 44, 5, 8
1791024240.419029804,2026/10/03 19:44:00.458, 3, NVIDIA GeForce RTX 5060 Ti, 3.69, 0, 0, 2, 210, 405, 29, 1, 4
1791024241.473351687,2026/10/03 19:44:01.504, 0, NVIDIA GeForce RTX 5070 Ti, 29.40, 0, 0, 15692, 2295, 15051, 40, 5, 8
1791024241.473351687,2026/10/03 19:44:01.506, 1, NVIDIA GeForce RTX 5070 Ti, 63.60, 99, 27, 15205, 2302, 15051, 41, 5, 4
1791024241.473351687,2026/10/03 19:44:01.510, 2, NVIDIA GeForce RTX 5070 Ti, 42.56, 0, 0, 15816, 2302, 15051, 44, 5, 8
1791024241.473351687,2026/10/03 19:44:01.512, 3, NVIDIA GeForce RTX 5060 Ti, 3.70, 0, 0, 2, 210, 405, 29, 1, 4
1791024242.526313385,2026/10/03 19:44:02.558, 0, NVIDIA GeForce RTX 5070 Ti, 29.50, 0, 0, 15692, 2295, 15051, 40, 5, 8
1791024242.526313385,2026/10/03 19:44:02.560, 1, NVIDIA GeForce RTX 5070 Ti, 68.15, 100, 14, 15205, 2302, 15051, 40, 5, 4
1791024242.526313385,2026/10/03 19:44:02.565, 2, NVIDIA GeForce RTX 5070 Ti, 42.54, 0, 0, 15816, 2302, 15051, 44, 5, 8
1791024242.526313385,2026/10/03 19:44:02.567, 3, NVIDIA GeForce RTX 5060 Ti, 3.69, 0, 0, 2, 210, 405, 29, 1, 4
1791024243.581811556,2026/10/03 19:44:03.611, 0, NVIDIA GeForce RTX 5070 Ti, 29.31, 0, 0, 15692, 2295, 15051, 40, 5, 8
1791024243.581811556,2026/10/03 19:44:03.614, 1, NVIDIA GeForce RTX 5070 Ti, 66.98, 100, 12, 15205, 2302, 15051, 41, 5, 4
1791024243.581811556,2026/10/03 19:44:03.618, 2, NVIDIA GeForce RTX 5070 Ti, 42.72, 0, 0, 15816, 2302, 15051, 44, 5, 8
1791024243.581811556,2026/10/03 19:44:03.620, 3, NVIDIA GeForce RTX 5060 Ti, 3.76, 0, 0, 2, 210, 405, 29, 1, 4
1791024244.635597368,2026/10/03 19:44:04.667, 0, NVIDIA GeForce RTX 5070 Ti, 29.25, 0, 0, 15692, 2295, 15051, 40, 5, 8
1791024244.635597368,2026/10/03 19:44:04.669, 1, NVIDIA GeForce RTX 5070 Ti, 62.81, 100, 10, 15205, 2302, 15051, 40, 5, 4
1791024244.635597368,2026/10/03 19:44:04.672, 2, NVIDIA GeForce RTX 5070 Ti, 42.62, 0, 0, 15816, 2302, 15051, 44, 5, 8
1791024244.635597368,2026/10/03 19:44:04.674, 3, NVIDIA GeForce RTX 5060 Ti, 3.75, 0, 0, 2, 210, 405, 29, 1, 4
1791024245.690371039,2026/10/03 19:44:05.720, 0, NVIDIA GeForce RTX 5070 Ti, 29.64, 0, 0, 15692, 2295, 15051, 40, 5, 8
1791024245.690371039,2026/10/03 19:44:05.723, 1, NVIDIA GeForce RTX 5070 Ti, 105.24, 100, 30, 15205, 2287, 15051, 42, 5, 4
1791024245.690371039,2026/10/03 19:44:05.727, 2, NVIDIA GeForce RTX 5070 Ti, 42.51, 0, 0, 15816, 2302, 15051, 44, 5, 8
1791024245.690371039,2026/10/03 19:44:05.728, 3, NVIDIA GeForce RTX 5060 Ti, 3.91, 0, 0, 2, 210, 405, 29, 1, 4
1791024246.745284226,2026/10/03 19:44:06.776, 0, NVIDIA GeForce RTX 5070 Ti, 29.65, 0, 0, 15692, 2295, 15051, 40, 5, 8
1791024246.745284226,2026/10/03 19:44:06.778, 1, NVIDIA GeForce RTX 5070 Ti, 104.30, 100, 31, 15205, 2287, 15051, 43, 5, 4
1791024246.745284226,2026/10/03 19:44:06.781, 2, NVIDIA GeForce RTX 5070 Ti, 42.78, 0, 0, 15816, 2302, 15051, 43, 5, 8
1791024246.745284226,2026/10/03 19:44:06.783, 3, NVIDIA GeForce RTX 5060 Ti, 4.16, 0, 0, 2, 210, 405, 29, 1, 4
1791024247.799865670,2026/10/03 19:44:07.830, 0, NVIDIA GeForce RTX 5070 Ti, 29.69, 0, 0, 15692, 2295, 15051, 40, 5, 8
1791024247.799865670,2026/10/03 19:44:07.833, 1, NVIDIA GeForce RTX 5070 Ti, 105.62, 100, 31, 15205, 2287, 15051, 43, 5, 4
1791024247.799865670,2026/10/03 19:44:07.836, 2, NVIDIA GeForce RTX 5070 Ti, 42.64, 0, 0, 15816, 2302, 15051, 43, 5, 8
1791024247.799865670,2026/10/03 19:44:07.838, 3, NVIDIA GeForce RTX 5060 Ti, 4.14, 0, 0, 2, 210, 405, 29, 1, 4
1791024248.854226765,2026/10/03 19:44:08.884, 0, NVIDIA GeForce RTX 5070 Ti, 29.84, 0, 0, 15692, 2295, 15051, 40, 5, 8
1791024248.854226765,2026/10/03 19:44:08.887, 1, NVIDIA GeForce RTX 5070 Ti, 106.51, 100, 35, 15205, 2287, 15051, 43, 5, 4
1791024248.854226765,2026/10/03 19:44:08.891, 2, NVIDIA GeForce RTX 5070 Ti, 42.63, 0, 0, 15816, 2302, 15051, 43, 5, 8
1791024248.854226765,2026/10/03 19:44:08.892, 3, NVIDIA GeForce RTX 5060 Ti, 4.17, 0, 0, 2, 210, 405, 29, 1, 4
1791024249.909078729,2026/10/03 19:44:09.939, 0, NVIDIA GeForce RTX 5070 Ti, 29.94, 0, 0, 15692, 2295, 15051, 40, 5, 8
1791024249.909078729,2026/10/03 19:44:09.942, 1, NVIDIA GeForce RTX 5070 Ti, 104.61, 100, 28, 15205, 2287, 15051, 44, 5, 4
1791024249.909078729,2026/10/03 19:44:09.945, 2, NVIDIA GeForce RTX 5070 Ti, 42.64, 0, 0, 15816, 2302, 15051, 43, 5, 8
1791024249.909078729,2026/10/03 19:44:09.947, 3, NVIDIA GeForce RTX 5060 Ti, 4.20, 0, 0, 2, 210, 405, 29, 1, 4
1791024250.962989526,2026/10/03 19:44:10.993, 0, NVIDIA GeForce RTX 5070 Ti, 29.92, 0, 0, 15692, 2295, 15051, 40, 5, 8
1791024250.962989526,2026/10/03 19:44:10.995, 1, NVIDIA GeForce RTX 5070 Ti, 110.09, 98, 38, 15205, 2287, 15051, 43, 5, 4
1791024250.962989526,2026/10/03 19:44:10.998, 2, NVIDIA GeForce RTX 5070 Ti, 42.59, 0, 0, 15816, 2302, 15051, 43, 5, 8
1791024250.962989526,2026/10/03 19:44:11.000, 3, NVIDIA GeForce RTX 5060 Ti, 4.11, 0, 0, 2, 210, 405, 29, 1, 4
1791024252.016058609,2026/10/03 19:44:12.048, 0, NVIDIA GeForce RTX 5070 Ti, 26.67, 0, 0, 15692, 442, 7001, 40, 5, 8
1791024252.016058609,2026/10/03 19:44:12.054, 1, NVIDIA GeForce RTX 5070 Ti, 106.07, 99, 36, 15205, 2287, 15051, 43, 5, 4
1791024252.016058609,2026/10/03 19:44:12.058, 2, NVIDIA GeForce RTX 5070 Ti, 42.53, 0, 0, 15816, 2302, 15051, 43, 5, 8
1791024252.016058609,2026/10/03 19:44:12.061, 3, NVIDIA GeForce RTX 5060 Ti, 4.10, 0, 0, 2, 210, 405, 29, 1, 4
1791024253.079102383,2026/10/03 19:44:13.111, 0, NVIDIA GeForce RTX 5070 Ti, 18.70, 0, 0, 15692, 360, 810, 39, 2, 8
1791024253.079102383,2026/10/03 19:44:13.116, 1, NVIDIA GeForce RTX 5070 Ti, 71.88, 100, 14, 15205, 2302, 15051, 41, 5, 4
1791024253.079102383,2026/10/03 19:44:13.120, 2, NVIDIA GeForce RTX 5070 Ti, 27.20, 0, 0, 15816, 330, 810, 42, 2, 8
1791024253.079102383,2026/10/03 19:44:13.125, 3, NVIDIA GeForce RTX 5060 Ti, 3.84, 0, 0, 2, 210, 405, 29, 1, 4
1791024254.143087355,2026/10/03 19:44:14.175, 0, NVIDIA GeForce RTX 5070 Ti, 10.96, 0, 0, 15692, 210, 810, 39, 1, 8
1791024254.143087355,2026/10/03 19:44:14.180, 1, NVIDIA GeForce RTX 5070 Ti, 68.14, 100, 14, 15205, 2302, 15051, 40, 5, 4
1791024254.143087355,2026/10/03 19:44:14.184, 2, NVIDIA GeForce RTX 5070 Ti, 20.50, 0, 0, 15816, 195, 810, 41, 2, 8
1791024254.143087355,2026/10/03 19:44:14.189, 3, NVIDIA GeForce RTX 5060 Ti, 3.81, 0, 0, 2, 210, 405, 29, 1, 4
1791024255.208127879,2026/10/03 19:44:15.241, 0, NVIDIA GeForce RTX 5070 Ti, 7.58, 0, 0, 15692, 195, 405, 39, 1, 8
1791024255.208127879,2026/10/03 19:44:15.246, 1, NVIDIA GeForce RTX 5070 Ti, 67.41, 100, 11, 15205, 2302, 15051, 41, 5, 4
1791024255.208127879,2026/10/03 19:44:15.250, 2, NVIDIA GeForce RTX 5070 Ti, 18.05, 0, 0, 15816, 195, 405, 41, 1, 8
1791024255.208127879,2026/10/03 19:44:15.254, 3, NVIDIA GeForce RTX 5060 Ti, 3.79, 0, 0, 2, 210, 405, 29, 1, 4
1791024256.272523618,2026/10/03 19:44:16.304, 0, NVIDIA GeForce RTX 5070 Ti, 7.36, 0, 0, 15692, 195, 405, 39, 1, 8
1791024256.272523618,2026/10/03 19:44:16.309, 1, NVIDIA GeForce RTX 5070 Ti, 68.57, 100, 13, 15205, 2302, 15051, 40, 5, 4
1791024256.272523618,2026/10/03 19:44:16.314, 2, NVIDIA GeForce RTX 5070 Ti, 15.94, 0, 0, 15816, 195, 405, 41, 1, 8
1791024256.272523618,2026/10/03 19:44:16.318, 3, NVIDIA GeForce RTX 5060 Ti, 3.75, 0, 0, 2, 210, 405, 29, 1, 4
1791024257.335743579,2026/10/03 19:44:17.369, 0, NVIDIA GeForce RTX 5070 Ti, 7.16, 0, 1, 15692, 195, 405, 39, 1, 8
1791024257.335743579,2026/10/03 19:44:17.373, 1, NVIDIA GeForce RTX 5070 Ti, 67.71, 100, 12, 15205, 2302, 15051, 41, 5, 4
1791024257.335743579,2026/10/03 19:44:17.378, 2, NVIDIA GeForce RTX 5070 Ti, 15.94, 0, 0, 15816, 195, 405, 41, 1, 8
1791024257.335743579,2026/10/03 19:44:17.382, 3, NVIDIA GeForce RTX 5060 Ti, 3.77, 0, 0, 2, 210, 405, 29, 1, 4
1791024258.400496951,2026/10/03 19:44:18.433, 0, NVIDIA GeForce RTX 5070 Ti, 7.13, 0, 0, 15692, 195, 405, 39, 1, 8
1791024258.400496951,2026/10/03 19:44:18.438, 1, NVIDIA GeForce RTX 5070 Ti, 67.83, 100, 14, 15205, 2302, 15051, 40, 5, 4
1791024258.400496951,2026/10/03 19:44:18.442, 2, NVIDIA GeForce RTX 5070 Ti, 16.00, 0, 0, 15816, 195, 405, 41, 1, 8
1791024258.400496951,2026/10/03 19:44:18.446, 3, NVIDIA GeForce RTX 5060 Ti, 3.85, 0, 0, 2, 210, 405, 29, 1, 4
1791024259.465344138,2026/10/03 19:44:19.498, 0, NVIDIA GeForce RTX 5070 Ti, 7.11, 0, 0, 15692, 195, 405, 39, 1, 8
1791024259.465344138,2026/10/03 19:44:19.503, 1, NVIDIA GeForce RTX 5070 Ti, 62.29, 99, 21, 15205, 2302, 15051, 41, 5, 4
1791024259.465344138,2026/10/03 19:44:19.506, 2, NVIDIA GeForce RTX 5070 Ti, 16.04, 0, 0, 15816, 195, 405, 41, 1, 8
1791024259.465344138,2026/10/03 19:44:19.510, 3, NVIDIA GeForce RTX 5060 Ti, 3.82, 0, 0, 2, 210, 405, 29, 1, 4
1791024260.529374522,2026/10/03 19:44:20.562, 0, NVIDIA GeForce RTX 5070 Ti, 7.14, 0, 0, 15692, 195, 405, 39, 1, 8
1791024260.529374522,2026/10/03 19:44:20.568, 1, NVIDIA GeForce RTX 5070 Ti, 106.62, 99, 34, 15205, 2287, 15051, 43, 5, 4
1791024260.529374522,2026/10/03 19:44:20.571, 2, NVIDIA GeForce RTX 5070 Ti, 16.39, 0, 0, 15816, 195, 405, 40, 1, 8
1791024260.529374522,2026/10/03 19:44:20.576, 3, NVIDIA GeForce RTX 5060 Ti, 3.94, 0, 0, 2, 210, 405, 29, 1, 4
1791024261.594994950,2026/10/03 19:44:21.628, 0, NVIDIA GeForce RTX 5070 Ti, 7.03, 0, 0, 15692, 195, 405, 39, 1, 8
1791024261.594994950,2026/10/03 19:44:21.633, 1, NVIDIA GeForce RTX 5070 Ti, 106.02, 100, 36, 15205, 2287, 15051, 43, 5, 4
1791024261.594994950,2026/10/03 19:44:21.636, 2, NVIDIA GeForce RTX 5070 Ti, 16.32, 0, 0, 15816, 195, 405, 40, 1, 8
1791024261.594994950,2026/10/03 19:44:21.640, 3, NVIDIA GeForce RTX 5060 Ti, 4.20, 0, 0, 2, 210, 405, 29, 1, 4
1791024262.660025663,2026/10/03 19:44:22.693, 0, NVIDIA GeForce RTX 5070 Ti, 6.99, 0, 0, 15692, 195, 405, 39, 1, 8
1791024262.660025663,2026/10/03 19:44:22.698, 1, NVIDIA GeForce RTX 5070 Ti, 106.23, 100, 28, 15205, 2287, 15051, 43, 5, 4
1791024262.660025663,2026/10/03 19:44:22.701, 2, NVIDIA GeForce RTX 5070 Ti, 16.46, 0, 0, 15816, 195, 405, 40, 1, 8
1791024262.660025663,2026/10/03 19:44:22.705, 3, NVIDIA GeForce RTX 5060 Ti, 4.26, 0, 0, 2, 210, 405, 29, 1, 4
1791024263.726317398,2026/10/03 19:44:23.759, 0, NVIDIA GeForce RTX 5070 Ti, 6.99, 0, 0, 15692, 195, 405, 39, 1, 8
1791024263.726317398,2026/10/03 19:44:23.764, 1, NVIDIA GeForce RTX 5070 Ti, 105.85, 100, 32, 15205, 2287, 15051, 43, 5, 4
1791024263.726317398,2026/10/03 19:44:23.767, 2, NVIDIA GeForce RTX 5070 Ti, 16.10, 0, 0, 15816, 195, 405, 40, 1, 8
1791024263.726317398,2026/10/03 19:44:23.772, 3, NVIDIA GeForce RTX 5060 Ti, 4.15, 0, 0, 2, 210, 405, 29, 1, 4
1791024264.790546740,2026/10/03 19:44:24.823, 0, NVIDIA GeForce RTX 5070 Ti, 7.02, 0, 0, 15692, 195, 405, 39, 1, 8
1791024264.790546740,2026/10/03 19:44:24.828, 1, NVIDIA GeForce RTX 5070 Ti, 107.61, 100, 40, 15205, 2287, 15051, 43, 5, 4
1791024264.790546740,2026/10/03 19:44:24.831, 2, NVIDIA GeForce RTX 5070 Ti, 16.02, 0, 0, 15816, 195, 405, 40, 1, 8
1791024264.790546740,2026/10/03 19:44:24.835, 3, NVIDIA GeForce RTX 5060 Ti, 4.06, 0, 0, 2, 210, 405, 29, 1, 4
1791024265.854492040,2026/10/03 19:44:25.888, 0, NVIDIA GeForce RTX 5070 Ti, 7.05, 0, 0, 15692, 195, 405, 39, 1, 8
1791024265.854492040,2026/10/03 19:44:25.892, 1, NVIDIA GeForce RTX 5070 Ti, 106.30, 100, 33, 15205, 2287, 15051, 43, 5, 4
1791024265.854492040,2026/10/03 19:44:25.895, 2, NVIDIA GeForce RTX 5070 Ti, 15.98, 0, 0, 15816, 195, 405, 40, 1, 8
1791024265.854492040,2026/10/03 19:44:25.900, 3, NVIDIA GeForce RTX 5060 Ti, 4.13, 0, 0, 2, 210, 405, 29, 1, 4
1791024266.919156009,2026/10/03 19:44:26.952, 0, NVIDIA GeForce RTX 5070 Ti, 7.05, 0, 0, 15692, 195, 405, 39, 1, 8
1791024266.919156009,2026/10/03 19:44:26.957, 1, NVIDIA GeForce RTX 5070 Ti, 102.06, 100, 36, 15205, 2295, 15051, 43, 5, 4
1791024266.919156009,2026/10/03 19:44:26.961, 2, NVIDIA GeForce RTX 5070 Ti, 15.87, 0, 0, 15816, 195, 405, 40, 1, 8
1791024266.919156009,2026/10/03 19:44:26.965, 3, NVIDIA GeForce RTX 5060 Ti, 4.14, 0, 0, 2, 210, 405, 29, 1, 4
1791024267.983394361,2026/10/03 19:44:28.017, 0, NVIDIA GeForce RTX 5070 Ti, 7.15, 0, 0, 15692, 195, 405, 39, 1, 8
1791024267.983394361,2026/10/03 19:44:28.022, 1, NVIDIA GeForce RTX 5070 Ti, 74.47, 100, 14, 15205, 2302, 15051, 41, 5, 4
1791024267.983394361,2026/10/03 19:44:28.026, 2, NVIDIA GeForce RTX 5070 Ti, 15.70, 0, 0, 15816, 195, 405, 40, 1, 8
1791024267.983394361,2026/10/03 19:44:28.030, 3, NVIDIA GeForce RTX 5060 Ti, 3.77, 0, 0, 2, 210, 405, 29, 1, 4
1791024269.049040150,2026/10/03 19:44:29.082, 0, NVIDIA GeForce RTX 5070 Ti, 7.14, 0, 0, 15692, 195, 405, 39, 1, 8
1791024269.049040150,2026/10/03 19:44:29.087, 1, NVIDIA GeForce RTX 5070 Ti, 68.58, 100, 14, 15205, 2302, 15051, 41, 5, 4
1791024269.049040150,2026/10/03 19:44:29.091, 2, NVIDIA GeForce RTX 5070 Ti, 15.53, 0, 0, 15816, 195, 405, 40, 1, 8
1791024269.049040150,2026/10/03 19:44:29.095, 3, NVIDIA GeForce RTX 5060 Ti, 3.80, 0, 0, 2, 210, 405, 29, 1, 4
1791024270.114224160,2026/10/03 19:44:30.147, 0, NVIDIA GeForce RTX 5070 Ti, 7.11, 0, 0, 15692, 195, 405, 39, 1, 8
1791024270.114224160,2026/10/03 19:44:30.152, 1, NVIDIA GeForce RTX 5070 Ti, 63.74, 99, 17, 15205, 2302, 15051, 41, 5, 4
1791024270.114224160,2026/10/03 19:44:30.156, 2, NVIDIA GeForce RTX 5070 Ti, 15.63, 0, 0, 15816, 195, 405, 40, 1, 8
1791024270.114224160,2026/10/03 19:44:30.160, 3, NVIDIA GeForce RTX 5060 Ti, 3.82, 0, 0, 2, 210, 405, 29, 1, 4
1791024271.180153720,2026/10/03 19:44:31.213, 0, NVIDIA GeForce RTX 5070 Ti, 7.12, 0, 0, 15692, 195, 405, 39, 1, 8
1791024271.180153720,2026/10/03 19:44:31.218, 1, NVIDIA GeForce RTX 5070 Ti, 76.41, 100, 13, 15205, 2302, 15051, 40, 5, 4
1791024271.180153720,2026/10/03 19:44:31.222, 2, NVIDIA GeForce RTX 5070 Ti, 15.65, 0, 0, 15816, 195, 405, 40, 1, 8
1791024271.180153720,2026/10/03 19:44:31.227, 3, NVIDIA GeForce RTX 5060 Ti, 3.76, 0, 0, 2, 210, 405, 29, 1, 4
1791024272.246595981,2026/10/03 19:44:32.279, 0, NVIDIA GeForce RTX 5070 Ti, 7.14, 0, 0, 15692, 195, 405, 39, 1, 8
1791024272.246595981,2026/10/03 19:44:32.284, 1, NVIDIA GeForce RTX 5070 Ti, 67.14, 100, 11, 15205, 2302, 15051, 41, 5, 4
1791024272.246595981,2026/10/03 19:44:32.288, 2, NVIDIA GeForce RTX 5070 Ti, 15.63, 0, 0, 15816, 195, 405, 40, 1, 8
1791024272.246595981,2026/10/03 19:44:32.293, 3, NVIDIA GeForce RTX 5060 Ti, 3.71, 0, 0, 2, 210, 405, 29, 1, 4
1791024273.310522781,2026/10/03 19:44:33.343, 0, NVIDIA GeForce RTX 5070 Ti, 7.20, 0, 0, 15692, 187, 405, 38, 1, 8
1791024273.310522781,2026/10/03 19:44:33.348, 1, NVIDIA GeForce RTX 5070 Ti, 67.97, 100, 14, 15205, 2302, 15051, 40, 5, 4
1791024273.310522781,2026/10/03 19:44:33.352, 2, NVIDIA GeForce RTX 5070 Ti, 15.63, 0, 0, 15816, 195, 405, 40, 1, 8
1791024273.310522781,2026/10/03 19:44:33.356, 3, NVIDIA GeForce RTX 5060 Ti, 3.73, 0, 0, 2, 210, 405, 29, 1, 4
1791024274.374652168,2026/10/03 19:44:34.408, 0, NVIDIA GeForce RTX 5070 Ti, 7.23, 0, 0, 15692, 195, 405, 38, 1, 8
1791024274.374652168,2026/10/03 19:44:34.413, 1, NVIDIA GeForce RTX 5070 Ti, 77.13, 100, 33, 15205, 2287, 15051, 42, 5, 4
1791024274.374652168,2026/10/03 19:44:34.416, 2, NVIDIA GeForce RTX 5070 Ti, 15.65, 0, 0, 15816, 195, 405, 40, 1, 8
1791024274.374652168,2026/10/03 19:44:34.421, 3, NVIDIA GeForce RTX 5060 Ti, 3.66, 0, 0, 2, 210, 405, 29, 1, 4
1791024275.439270346,2026/10/03 19:44:35.473, 0, NVIDIA GeForce RTX 5070 Ti, 7.27, 0, 0, 15692, 195, 405, 38, 1, 8
1791024275.439270346,2026/10/03 19:44:35.478, 1, NVIDIA GeForce RTX 5070 Ti, 108.75, 100, 31, 15205, 2287, 15051, 42, 5, 4
1791024275.439270346,2026/10/03 19:44:35.481, 2, NVIDIA GeForce RTX 5070 Ti, 15.94, 0, 0, 15816, 195, 405, 40, 1, 8
1791024275.439270346,2026/10/03 19:44:35.485, 3, NVIDIA GeForce RTX 5060 Ti, 3.86, 0, 0, 2, 210, 405, 29, 1, 4
1791024276.504019238,2026/10/03 19:44:36.536, 0, NVIDIA GeForce RTX 5070 Ti, 7.23, 0, 0, 15692, 195, 405, 38, 1, 8
1791024276.504019238,2026/10/03 19:44:36.540, 1, NVIDIA GeForce RTX 5070 Ti, 108.36, 100, 29, 15205, 2287, 15051, 43, 5, 4
1791024276.504019238,2026/10/03 19:44:36.544, 2, NVIDIA GeForce RTX 5070 Ti, 15.86, 0, 0, 15816, 195, 405, 40, 1, 8
1791024276.504019238,2026/10/03 19:44:36.548, 3, NVIDIA GeForce RTX 5060 Ti, 4.20, 0, 0, 2, 210, 405, 29, 1, 4
1791024277.567734820,2026/10/03 19:44:37.600, 0, NVIDIA GeForce RTX 5070 Ti, 7.06, 0, 0, 15692, 195, 405, 38, 1, 8
1791024277.567734820,2026/10/03 19:44:37.605, 1, NVIDIA GeForce RTX 5070 Ti, 109.30, 100, 39, 15205, 2287, 15051, 43, 5, 4
1791024277.567734820,2026/10/03 19:44:37.609, 2, NVIDIA GeForce RTX 5070 Ti, 15.84, 0, 0, 15816, 195, 405, 40, 1, 8
1791024277.567734820,2026/10/03 19:44:37.613, 3, NVIDIA GeForce RTX 5060 Ti, 4.15, 0, 0, 2, 210, 405, 29, 1, 4
1791024278.632322726,2026/10/03 19:44:38.665, 0, NVIDIA GeForce RTX 5070 Ti, 7.04, 0, 0, 15692, 195, 405, 38, 1, 8
1791024278.632322726,2026/10/03 19:44:38.670, 1, NVIDIA GeForce RTX 5070 Ti, 105.17, 98, 31, 15205, 2287, 15051, 44, 5, 4
1791024278.632322726,2026/10/03 19:44:38.673, 2, NVIDIA GeForce RTX 5070 Ti, 16.05, 0, 0, 15816, 187, 405, 40, 1, 8
1791024278.632322726,2026/10/03 19:44:38.677, 3, NVIDIA GeForce RTX 5060 Ti, 4.00, 0, 0, 2, 210, 405, 29, 1, 4
1791024279.696689643,2026/10/03 19:44:39.729, 0, NVIDIA GeForce RTX 5070 Ti, 7.07, 0, 0, 15692, 195, 405, 38, 1, 8
1791024279.696689643,2026/10/03 19:44:39.734, 1, NVIDIA GeForce RTX 5070 Ti, 105.16, 98, 35, 15205, 2287, 15051, 43, 5, 4
1791024279.696689643,2026/10/03 19:44:39.737, 2, NVIDIA GeForce RTX 5070 Ti, 15.97, 0, 0, 15816, 195, 405, 40, 1, 8
1791024279.696689643,2026/10/03 19:44:39.741, 3, NVIDIA GeForce RTX 5060 Ti, 4.08, 0, 0, 2, 210, 405, 29, 1, 4
1791024280.761096732,2026/10/03 19:44:40.794, 0, NVIDIA GeForce RTX 5070 Ti, 7.13, 0, 0, 15692, 195, 405, 38, 1, 8
1791024280.761096732,2026/10/03 19:44:40.798, 1, NVIDIA GeForce RTX 5070 Ti, 108.32, 99, 36, 15205, 2287, 15051, 44, 5, 4
1791024280.761096732,2026/10/03 19:44:40.803, 2, NVIDIA GeForce RTX 5070 Ti, 15.86, 0, 0, 15816, 195, 405, 40, 1, 8
1791024280.761096732,2026/10/03 19:44:40.807, 3, NVIDIA GeForce RTX 5060 Ti, 4.10, 0, 0, 2, 210, 405, 29, 1, 4
1791024281.825463109,2026/10/03 19:44:41.858, 0, NVIDIA GeForce RTX 5070 Ti, 7.17, 0, 0, 15692, 195, 405, 38, 1, 8
1791024281.825463109,2026/10/03 19:44:41.863, 1, NVIDIA GeForce RTX 5070 Ti, 101.25, 100, 35, 15205, 2295, 15051, 44, 5, 4
1791024281.825463109,2026/10/03 19:44:41.866, 2, NVIDIA GeForce RTX 5070 Ti, 15.89, 0, 0, 15816, 195, 405, 40, 1, 8
1791024281.825463109,2026/10/03 19:44:41.870, 3, NVIDIA GeForce RTX 5060 Ti, 4.13, 0, 0, 2, 210, 405, 29, 1, 4
1791024282.888623368,2026/10/03 19:44:42.920, 0, NVIDIA GeForce RTX 5070 Ti, 7.14, 0, 0, 15692, 195, 405, 38, 1, 8
1791024282.888623368,2026/10/03 19:44:42.925, 1, NVIDIA GeForce RTX 5070 Ti, 109.61, 100, 38, 15205, 2287, 15051, 44, 5, 4
1791024282.888623368,2026/10/03 19:44:42.928, 2, NVIDIA GeForce RTX 5070 Ti, 15.89, 0, 0, 15816, 195, 405, 40, 1, 8
1791024282.888623368,2026/10/03 19:44:42.932, 3, NVIDIA GeForce RTX 5060 Ti, 4.27, 0, 0, 2, 210, 405, 29, 1, 4
1791024283.951434023,2026/10/03 19:44:43.984, 0, NVIDIA GeForce RTX 5070 Ti, 7.11, 0, 0, 15692, 195, 405, 38, 1, 8
1791024283.951434023,2026/10/03 19:44:43.988, 1, NVIDIA GeForce RTX 5070 Ti, 109.79, 100, 33, 15205, 2287, 15051, 44, 5, 4
1791024283.951434023,2026/10/03 19:44:43.991, 2, NVIDIA GeForce RTX 5070 Ti, 15.89, 0, 0, 15816, 195, 405, 40, 1, 8
1791024283.951434023,2026/10/03 19:44:43.996, 3, NVIDIA GeForce RTX 5060 Ti, 4.28, 0, 0, 2, 210, 405, 29, 1, 4
1791024285.015024499,2026/10/03 19:44:45.048, 0, NVIDIA GeForce RTX 5070 Ti, 7.10, 0, 0, 15692, 195, 405, 38, 1, 8
1791024285.015024499,2026/10/03 19:44:45.053, 1, NVIDIA GeForce RTX 5070 Ti, 104.09, 100, 36, 15205, 2287, 15051, 43, 5, 4
1791024285.015024499,2026/10/03 19:44:45.057, 2, NVIDIA GeForce RTX 5070 Ti, 15.82, 0, 0, 15816, 195, 405, 40, 1, 8
1791024285.015024499,2026/10/03 19:44:45.061, 3, NVIDIA GeForce RTX 5060 Ti, 4.30, 0, 0, 2, 210, 405, 29, 1, 4
1791024286.080621745,2026/10/03 19:44:46.113, 0, NVIDIA GeForce RTX 5070 Ti, 7.06, 0, 0, 15692, 195, 405, 38, 1, 8
1791024286.080621745,2026/10/03 19:44:46.118, 1, NVIDIA GeForce RTX 5070 Ti, 104.99, 98, 35, 15205, 2287, 15051, 44, 5, 4
1791024286.080621745,2026/10/03 19:44:46.121, 2, NVIDIA GeForce RTX 5070 Ti, 15.91, 0, 0, 15816, 195, 405, 40, 1, 8
1791024286.080621745,2026/10/03 19:44:46.125, 3, NVIDIA GeForce RTX 5060 Ti, 4.30, 0, 0, 2, 210, 405, 29, 1, 4
1791024287.144347527,2026/10/03 19:44:47.177, 0, NVIDIA GeForce RTX 5070 Ti, 7.06, 0, 0, 15692, 195, 405, 38, 1, 8
1791024287.144347527,2026/10/03 19:44:47.182, 1, NVIDIA GeForce RTX 5070 Ti, 109.21, 99, 30, 15205, 2287, 15051, 44, 5, 4
1791024287.144347527,2026/10/03 19:44:47.186, 2, NVIDIA GeForce RTX 5070 Ti, 15.88, 0, 0, 15816, 195, 405, 40, 1, 8
1791024287.144347527,2026/10/03 19:44:47.190, 3, NVIDIA GeForce RTX 5060 Ti, 4.28, 0, 0, 2, 210, 405, 29, 1, 4
1791024288.208809368,2026/10/03 19:44:48.241, 0, NVIDIA GeForce RTX 5070 Ti, 7.11, 0, 0, 15692, 195, 405, 38, 1, 8
1791024288.208809368,2026/10/03 19:44:48.246, 1, NVIDIA GeForce RTX 5070 Ti, 106.65, 98, 34, 15205, 2287, 15051, 45, 5, 4
1791024288.208809368,2026/10/03 19:44:48.249, 2, NVIDIA GeForce RTX 5070 Ti, 15.86, 0, 0, 15816, 195, 405, 39, 1, 8
1791024288.208809368,2026/10/03 19:44:48.255, 3, NVIDIA GeForce RTX 5060 Ti, 4.24, 0, 0, 2, 210, 405, 29, 1, 4
1791024289.275175716,2026/10/03 19:44:49.308, 0, NVIDIA GeForce RTX 5070 Ti, 26.73, 100, 32, 15692, 2287, 15051, 43, 5, 8
1791024289.275175716,2026/10/03 19:44:49.311, 1, NVIDIA GeForce RTX 5070 Ti, 103.97, 100, 34, 15205, 2287, 15051, 44, 5, 4
1791024289.275175716,2026/10/03 19:44:49.315, 2, NVIDIA GeForce RTX 5070 Ti, 24.47, 0, 0, 15816, 2302, 15051, 40, 5, 8
1791024289.275175716,2026/10/03 19:44:49.319, 3, NVIDIA GeForce RTX 5060 Ti, 4.08, 0, 0, 2, 210, 405, 29, 1, 4
1791024290.337665757,2026/10/03 19:44:50.371, 0, NVIDIA GeForce RTX 5070 Ti, 49.39, 75, 3, 15692, 2295, 15051, 39, 5, 8
1791024290.337665757,2026/10/03 19:44:50.374, 1, NVIDIA GeForce RTX 5070 Ti, 103.86, 100, 28, 15205, 2287, 15051, 44, 5, 4
1791024290.337665757,2026/10/03 19:44:50.377, 2, NVIDIA GeForce RTX 5070 Ti, 95.31, 57, 14, 15816, 2302, 15051, 45, 5, 8
1791024290.337665757,2026/10/03 19:44:50.380, 3, NVIDIA GeForce RTX 5060 Ti, 4.29, 0, 0, 2, 210, 405, 29, 1, 4
1791024291.400012153,2026/10/03 19:44:51.432, 0, NVIDIA GeForce RTX 5070 Ti, 72.79, 50, 29, 15692, 2287, 15051, 42, 5, 8
1791024291.400012153,2026/10/03 19:44:51.436, 1, NVIDIA GeForce RTX 5070 Ti, 103.85, 100, 31, 15205, 2287, 15051, 44, 5, 4
1791024291.400012153,2026/10/03 19:44:51.439, 2, NVIDIA GeForce RTX 5070 Ti, 105.34, 53, 24, 15816, 2302, 15051, 45, 5, 8
1791024291.400012153,2026/10/03 19:44:51.442, 3, NVIDIA GeForce RTX 5060 Ti, 4.41, 0, 0, 2, 210, 405, 29, 1, 4
1791024292.460683682,2026/10/03 19:44:52.496, 0, NVIDIA GeForce RTX 5070 Ti, 78.89, 54, 31, 15692, 2280, 15051, 42, 5, 8
1791024292.460683682,2026/10/03 19:44:52.500, 1, NVIDIA GeForce RTX 5070 Ti, 107.75, 98, 32, 15205, 2287, 15051, 44, 5, 4
1791024292.460683682,2026/10/03 19:44:52.503, 2, NVIDIA GeForce RTX 5070 Ti, 104.43, 49, 20, 15816, 2302, 15051, 46, 5, 8
1791024292.460683682,2026/10/03 19:44:52.506, 3, NVIDIA GeForce RTX 5060 Ti, 4.49, 0, 0, 2, 202, 405, 29, 1, 4
1791024293.524176664,2026/10/03 19:44:53.556, 0, NVIDIA GeForce RTX 5070 Ti, 78.86, 50, 29, 15692, 2280, 15051, 42, 5, 8
1791024293.524176664,2026/10/03 19:44:53.560, 1, NVIDIA GeForce RTX 5070 Ti, 107.51, 98, 35, 15205, 2287, 15051, 44, 5, 4
1791024293.524176664,2026/10/03 19:44:53.563, 2, NVIDIA GeForce RTX 5070 Ti, 106.07, 51, 21, 15816, 2302, 15051, 45, 5, 8
1791024293.524176664,2026/10/03 19:44:53.566, 3, NVIDIA GeForce RTX 5060 Ti, 4.47, 0, 0, 2, 210, 405, 29, 1, 4
1791024294.583922615,2026/10/03 19:44:54.617, 0, NVIDIA GeForce RTX 5070 Ti, 78.36, 49, 29, 15692, 2280, 15051, 43, 5, 8
1791024294.583922615,2026/10/03 19:44:54.620, 1, NVIDIA GeForce RTX 5070 Ti, 104.97, 99, 33, 15205, 2287, 15051, 44, 5, 4
1791024294.583922615,2026/10/03 19:44:54.623, 2, NVIDIA GeForce RTX 5070 Ti, 103.72, 51, 24, 15816, 2302, 15051, 46, 5, 8
1791024294.583922615,2026/10/03 19:44:54.626, 3, NVIDIA GeForce RTX 5060 Ti, 4.46, 0, 0, 2, 210, 405, 29, 1, 4
1791024295.644848384,2026/10/03 19:44:55.676, 0, NVIDIA GeForce RTX 5070 Ti, 64.10, 0, 0, 15692, 2295, 15051, 40, 5, 8
1791024295.644848384,2026/10/03 19:44:55.678, 1, NVIDIA GeForce RTX 5070 Ti, 110.14, 98, 38, 15205, 2287, 15051, 44, 5, 4
1791024295.644848384,2026/10/03 19:44:55.682, 2, NVIDIA GeForce RTX 5070 Ti, 104.74, 55, 24, 15816, 2302, 15051, 45, 5, 8
1791024295.644848384,2026/10/03 19:44:55.684, 3, NVIDIA GeForce RTX 5060 Ti, 4.47, 0, 0, 2, 210, 405, 29, 1, 4
1791024296.701537513,2026/10/03 19:44:56.734, 0, NVIDIA GeForce RTX 5070 Ti, 39.01, 49, 26, 15692, 2287, 15051, 42, 5, 8
1791024296.701537513,2026/10/03 19:44:56.737, 1, NVIDIA GeForce RTX 5070 Ti, 101.16, 100, 29, 15205, 2287, 15051, 44, 5, 4
1791024296.701537513,2026/10/03 19:44:56.740, 2, NVIDIA GeForce RTX 5070 Ti, 54.88, 0, 0, 15816, 2302, 15051, 42, 5, 8
1791024296.701537513,2026/10/03 19:44:56.742, 3, NVIDIA GeForce RTX 5060 Ti, 4.36, 0, 0, 2, 210, 405, 29, 1, 4
1791024297.761102537,2026/10/03 19:44:57.793, 0, NVIDIA GeForce RTX 5070 Ti, 79.14, 53, 30, 15692, 2287, 15051, 42, 5, 8
1791024297.761102537,2026/10/03 19:44:57.797, 1, NVIDIA GeForce RTX 5070 Ti, 103.64, 100, 31, 15205, 2287, 15051, 45, 5, 4
1791024297.761102537,2026/10/03 19:44:57.800, 2, NVIDIA GeForce RTX 5070 Ti, 105.91, 52, 22, 15816, 2302, 15051, 46, 5, 8
1791024297.761102537,2026/10/03 19:44:57.802, 3, NVIDIA GeForce RTX 5060 Ti, 4.48, 0, 0, 2, 210, 405, 29, 1, 4
1791024298.821405650,2026/10/03 19:44:58.854, 0, NVIDIA GeForce RTX 5070 Ti, 79.18, 48, 30, 15692, 2287, 15051, 43, 5, 8
1791024298.821405650,2026/10/03 19:44:58.858, 1, NVIDIA GeForce RTX 5070 Ti, 103.85, 100, 29, 15205, 2287, 15051, 45, 5, 4
1791024298.821405650,2026/10/03 19:44:58.861, 2, NVIDIA GeForce RTX 5070 Ti, 106.16, 51, 23, 15816, 2302, 15051, 46, 5, 8
1791024298.821405650,2026/10/03 19:44:58.864, 3, NVIDIA GeForce RTX 5060 Ti, 4.52, 0, 0, 2, 210, 405, 29, 1, 4
1791024299.881229215,2026/10/03 19:44:59.915, 0, NVIDIA GeForce RTX 5070 Ti, 78.91, 47, 28, 15692, 2280, 15051, 43, 5, 8
1791024299.881229215,2026/10/03 19:44:59.919, 1, NVIDIA GeForce RTX 5070 Ti, 106.09, 98, 35, 15205, 2287, 15051, 44, 5, 4
1791024299.881229215,2026/10/03 19:44:59.922, 2, NVIDIA GeForce RTX 5070 Ti, 105.06, 51, 25, 15816, 2302, 15051, 46, 5, 8
1791024299.881229215,2026/10/03 19:44:59.925, 3, NVIDIA GeForce RTX 5060 Ti, 4.55, 0, 0, 2, 210, 405, 29, 1, 4
1791024300.943598852,2026/10/03 19:45:00.977, 0, NVIDIA GeForce RTX 5070 Ti, 78.83, 50, 25, 15692, 2287, 15051, 43, 5, 8
1791024300.943598852,2026/10/03 19:45:00.980, 1, NVIDIA GeForce RTX 5070 Ti, 106.21, 98, 35, 15205, 2287, 15051, 45, 5, 4
1791024300.943598852,2026/10/03 19:45:00.983, 2, NVIDIA GeForce RTX 5070 Ti, 105.76, 51, 23, 15816, 2302, 15051, 48, 5, 8
1791024300.943598852,2026/10/03 19:45:00.986, 3, NVIDIA GeForce RTX 5060 Ti, 4.56, 0, 0, 2, 210, 405, 29, 1, 4
1791024302.005127275,2026/10/03 19:45:02.036, 0, NVIDIA GeForce RTX 5070 Ti, 69.44, 0, 0, 15692, 2295, 15051, 40, 5, 8
1791024302.005127275,2026/10/03 19:45:02.039, 1, NVIDIA GeForce RTX 5070 Ti, 109.56, 98, 31, 15205, 2287, 15051, 45, 5, 4
1791024302.005127275,2026/10/03 19:45:02.041, 2, NVIDIA GeForce RTX 5070 Ti, 87.63, 0, 0, 15816, 2302, 15051, 44, 5, 8
1791024302.005127275,2026/10/03 19:45:02.043, 3, NVIDIA GeForce RTX 5060 Ti, 4.44, 0, 0, 2, 210, 405, 29, 1, 4
1791024303.059526771,2026/10/03 19:45:03.090, 0, NVIDIA GeForce RTX 5070 Ti, 30.10, 0, 0, 15692, 2295, 15051, 40, 5, 8
1791024303.059526771,2026/10/03 19:45:03.093, 1, NVIDIA GeForce RTX 5070 Ti, 105.09, 100, 23, 15205, 2287, 15051, 44, 5, 4
1791024303.059526771,2026/10/03 19:45:03.096, 2, NVIDIA GeForce RTX 5070 Ti, 42.21, 0, 0, 15816, 2302, 15051, 43, 5, 8
1791024303.059526771,2026/10/03 19:45:03.098, 3, NVIDIA GeForce RTX 5060 Ti, 4.32, 0, 0, 2, 210, 405, 29, 1, 4
1791024304.114675538,2026/10/03 19:45:04.149, 0, NVIDIA GeForce RTX 5070 Ti, 39.46, 47, 28, 15692, 2287, 15051, 42, 5, 8
1791024304.114675538,2026/10/03 19:45:04.153, 1, NVIDIA GeForce RTX 5070 Ti, 102.38, 100, 29, 15205, 2287, 15051, 44, 5, 4
1791024304.114675538,2026/10/03 19:45:04.156, 2, NVIDIA GeForce RTX 5070 Ti, 42.19, 0, 0, 15816, 2302, 15051, 43, 5, 8
1791024304.114675538,2026/10/03 19:45:04.159, 3, NVIDIA GeForce RTX 5060 Ti, 4.19, 0, 0, 2, 210, 405, 29, 1, 4
1791024305.178127668,2026/10/03 19:45:05.211, 0, NVIDIA GeForce RTX 5070 Ti, 78.64, 53, 30, 15692, 2287, 15051, 42, 5, 8
1791024305.178127668,2026/10/03 19:45:05.215, 1, NVIDIA GeForce RTX 5070 Ti, 105.39, 100, 32, 15205, 2287, 15051, 45, 5, 4
1791024305.178127668,2026/10/03 19:45:05.219, 2, NVIDIA GeForce RTX 5070 Ti, 93.57, 51, 23, 15816, 2302, 15051, 46, 5, 8
1791024305.178127668,2026/10/03 19:45:05.222, 3, NVIDIA GeForce RTX 5060 Ti, 4.33, 0, 0, 2, 210, 405, 29, 1, 4
1791024306.241236345,2026/10/03 19:45:06.275, 0, NVIDIA GeForce RTX 5070 Ti, 79.65, 54, 32, 15692, 2280, 15051, 43, 5, 8
1791024306.241236345,2026/10/03 19:45:06.279, 1, NVIDIA GeForce RTX 5070 Ti, 103.84, 100, 33, 15205, 2287, 15051, 45, 5, 4
1791024306.241236345,2026/10/03 19:45:06.282, 2, NVIDIA GeForce RTX 5070 Ti, 106.79, 48, 21, 15816, 2302, 15051, 48, 5, 8
1791024306.241236345,2026/10/03 19:45:06.284, 3, NVIDIA GeForce RTX 5060 Ti, 4.50, 0, 0, 2, 210, 405, 29, 1, 4
1791024307.303820041,2026/10/03 19:45:07.338, 0, NVIDIA GeForce RTX 5070 Ti, 79.01, 49, 26, 15692, 2287, 15051, 44, 5, 8
1791024307.303820041,2026/10/03 19:45:07.341, 1, NVIDIA GeForce RTX 5070 Ti, 106.76, 100, 26, 15205, 2287, 15051, 45, 5, 4
1791024307.303820041,2026/10/03 19:45:07.344, 2, NVIDIA GeForce RTX 5070 Ti, 105.38, 47, 21, 15816, 2302, 15051, 47, 5, 8
1791024307.303820041,2026/10/03 19:45:07.347, 3, NVIDIA GeForce RTX 5060 Ti, 4.58, 0, 0, 2, 210, 405, 29, 1, 4
1791024308.365366614,2026/10/03 19:45:08.400, 0, NVIDIA GeForce RTX 5070 Ti, 78.86, 50, 29, 15692, 2287, 15051, 43, 5, 8
1791024308.365366614,2026/10/03 19:45:08.404, 1, NVIDIA GeForce RTX 5070 Ti, 108.47, 99, 36, 15205, 2287, 15051, 45, 5, 4
1791024308.365366614,2026/10/03 19:45:08.408, 2, NVIDIA GeForce RTX 5070 Ti, 105.48, 46, 20, 15816, 2302, 15051, 48, 5, 8
1791024308.365366614,2026/10/03 19:45:08.411, 3, NVIDIA GeForce RTX 5060 Ti, 4.57, 0, 0, 2, 210, 405, 29, 1, 4
1791024309.428192460,2026/10/03 19:45:09.458, 0, NVIDIA GeForce RTX 5070 Ti, 74.76, 13, 7, 15692, 2287, 15051, 42, 5, 8
1791024309.428192460,2026/10/03 19:45:09.461, 1, NVIDIA GeForce RTX 5070 Ti, 106.11, 98, 32, 15205, 2287, 15051, 45, 5, 4
1791024309.428192460,2026/10/03 19:45:09.464, 2, NVIDIA GeForce RTX 5070 Ti, 94.85, 0, 0, 15816, 2302, 15051, 45, 5, 8
1791024309.428192460,2026/10/03 19:45:09.466, 3, NVIDIA GeForce RTX 5060 Ti, 4.49, 0, 0, 2, 210, 405, 29, 1, 4
1791024310.482593386,2026/10/03 19:45:10.513, 0, NVIDIA GeForce RTX 5070 Ti, 31.65, 0, 0, 15692, 2295, 15051, 40, 5, 8
1791024310.482593386,2026/10/03 19:45:10.516, 1, NVIDIA GeForce RTX 5070 Ti, 107.86, 99, 34, 15205, 2287, 15051, 45, 5, 4
1791024310.482593386,2026/10/03 19:45:10.520, 2, NVIDIA GeForce RTX 5070 Ti, 42.43, 0, 0, 15816, 2302, 15051, 44, 5, 8
1791024310.482593386,2026/10/03 19:45:10.522, 3, NVIDIA GeForce RTX 5060 Ti, 4.21, 0, 0, 2, 210, 405, 29, 1, 4
1791024311.538956832,2026/10/03 19:45:11.569, 0, NVIDIA GeForce RTX 5070 Ti, 30.30, 0, 0, 15692, 2295, 15051, 40, 5, 8
1791024311.538956832,2026/10/03 19:45:11.572, 1, NVIDIA GeForce RTX 5070 Ti, 103.30, 98, 24, 15205, 2287, 15051, 44, 5, 4
1791024311.538956832,2026/10/03 19:45:11.575, 2, NVIDIA GeForce RTX 5070 Ti, 42.35, 0, 0, 15816, 2302, 15051, 44, 5, 8
1791024311.538956832,2026/10/03 19:45:11.577, 3, NVIDIA GeForce RTX 5060 Ti, 4.19, 0, 0, 2, 210, 405, 29, 1, 4
1791024312.594118108,2026/10/03 19:45:12.626, 0, NVIDIA GeForce RTX 5070 Ti, 69.47, 46, 29, 15692, 2287, 15051, 43, 5, 8
1791024312.594118108,2026/10/03 19:45:12.630, 1, NVIDIA GeForce RTX 5070 Ti, 97.01, 100, 36, 15205, 2287, 15051, 45, 5, 4
1791024312.594118108,2026/10/03 19:45:12.634, 2, NVIDIA GeForce RTX 5070 Ti, 66.84, 50, 23, 15816, 2302, 15051, 48, 5, 8
1791024312.594118108,2026/10/03 19:45:12.636, 3, NVIDIA GeForce RTX 5060 Ti, 4.18, 0, 0, 2, 210, 405, 29, 1, 4
1791024313.654424573,2026/10/03 19:45:13.689, 0, NVIDIA GeForce RTX 5070 Ti, 79.34, 45, 28, 15692, 2287, 15051, 44, 5, 8
1791024313.654424573,2026/10/03 19:45:13.692, 1, NVIDIA GeForce RTX 5070 Ti, 105.82, 100, 32, 15205, 2287, 15051, 45, 5, 4
1791024313.654424573,2026/10/03 19:45:13.697, 2, NVIDIA GeForce RTX 5070 Ti, 105.95, 53, 23, 15816, 2302, 15051, 47, 5, 8
1791024313.654424573,2026/10/03 19:45:13.700, 3, NVIDIA GeForce RTX 5060 Ti, 4.39, 0, 0, 2, 210, 405, 29, 1, 4
1791024314.718520639,2026/10/03 19:45:14.751, 0, NVIDIA GeForce RTX 5070 Ti, 78.66, 48, 28, 15692, 2287, 15051, 43, 5, 8
1791024314.718520639,2026/10/03 19:45:14.754, 1, NVIDIA GeForce RTX 5070 Ti, 104.91, 100, 29, 15205, 2287, 15051, 45, 5, 4
1791024314.718520639,2026/10/03 19:45:14.757, 2, NVIDIA GeForce RTX 5070 Ti, 105.76, 50, 24, 15816, 2302, 15051, 48, 5, 8
1791024314.718520639,2026/10/03 19:45:14.760, 3, NVIDIA GeForce RTX 5060 Ti, 4.56, 0, 0, 2, 210, 405, 29, 1, 4
1791024315.778165696,2026/10/03 19:45:15.812, 0, NVIDIA GeForce RTX 5070 Ti, 77.39, 48, 28, 15692, 2287, 15051, 43, 5, 8
1791024315.778165696,2026/10/03 19:45:15.815, 1, NVIDIA GeForce RTX 5070 Ti, 104.43, 100, 27, 15205, 2287, 15051, 45, 5, 4
1791024315.778165696,2026/10/03 19:45:15.818, 2, NVIDIA GeForce RTX 5070 Ti, 103.94, 46, 21, 15816, 2302, 15051, 48, 5, 8
1791024315.778165696,2026/10/03 19:45:15.821, 3, NVIDIA GeForce RTX 5060 Ti, 4.55, 0, 0, 2, 210, 405, 29, 1, 4
1791024316.840714460,2026/10/03 19:45:16.875, 0, NVIDIA GeForce RTX 5070 Ti, 77.91, 50, 30, 15692, 2287, 15051, 44, 5, 8
1791024316.840714460,2026/10/03 19:45:16.879, 1, NVIDIA GeForce RTX 5070 Ti, 108.06, 99, 32, 15205, 2287, 15051, 45, 5, 4
1791024316.840714460,2026/10/03 19:45:16.883, 2, NVIDIA GeForce RTX 5070 Ti, 104.97, 50, 23, 15816, 2302, 15051, 49, 5, 8
1791024316.840714460,2026/10/03 19:45:16.887, 3, NVIDIA GeForce RTX 5060 Ti, 4.52, 0, 0, 2, 210, 405, 29, 1, 4
1791024317.903988984,2026/10/03 19:45:17.935, 0, NVIDIA GeForce RTX 5070 Ti, 49.28, 0, 0, 15692, 2295, 15051, 40, 5, 8
1791024317.903988984,2026/10/03 19:45:17.937, 1, NVIDIA GeForce RTX 5070 Ti, 108.80, 100, 34, 15205, 2280, 15051, 45, 5, 4
1791024317.903988984,2026/10/03 19:45:17.940, 2, NVIDIA GeForce RTX 5070 Ti, 56.90, 0, 0, 15816, 2302, 15051, 45, 5, 8
1791024317.903988984,2026/10/03 19:45:17.942, 3, NVIDIA GeForce RTX 5060 Ti, 4.40, 0, 0, 2, 210, 405, 29, 1, 4
1791024318.959255445,2026/10/03 19:45:18.990, 0, NVIDIA GeForce RTX 5070 Ti, 30.24, 0, 0, 15692, 2295, 15051, 40, 5, 8
1791024318.959255445,2026/10/03 19:45:18.993, 1, NVIDIA GeForce RTX 5070 Ti, 105.91, 99, 26, 15205, 2287, 15051, 45, 5, 4
1791024318.959255445,2026/10/03 19:45:18.996, 2, NVIDIA GeForce RTX 5070 Ti, 42.52, 0, 0, 15816, 2302, 15051, 44, 5, 8
1791024318.959255445,2026/10/03 19:45:18.998, 3, NVIDIA GeForce RTX 5060 Ti, 4.09, 0, 0, 2, 210, 405, 29, 1, 4
1791024320.014265526,2026/10/03 19:45:20.048, 0, NVIDIA GeForce RTX 5070 Ti, 39.39, 55, 31, 15692, 2287, 15051, 43, 5, 8
1791024320.014265526,2026/10/03 19:45:20.052, 1, NVIDIA GeForce RTX 5070 Ti, 99.03, 100, 29, 15205, 2287, 15051, 44, 5, 4
1791024320.014265526,2026/10/03 19:45:20.056, 2, NVIDIA GeForce RTX 5070 Ti, 61.96, 50, 22, 15816, 2302, 15051, 48, 5, 8
1791024320.014265526,2026/10/03 19:45:20.059, 3, NVIDIA GeForce RTX 5060 Ti, 4.14, 0, 0, 2, 210, 405, 29, 1, 4
1791024321.077910624,2026/10/03 19:45:21.110, 0, NVIDIA GeForce RTX 5070 Ti, 78.74, 51, 31, 15692, 2287, 15051, 43, 5, 8
1791024321.077910624,2026/10/03 19:45:21.114, 1, NVIDIA GeForce RTX 5070 Ti, 109.27, 100, 32, 15205, 2287, 15051, 46, 5, 4
1791024321.077910624,2026/10/03 19:45:21.117, 2, NVIDIA GeForce RTX 5070 Ti, 105.57, 52, 23, 15816, 2302, 15051, 49, 5, 8
1791024321.077910624,2026/10/03 19:45:21.120, 3, NVIDIA GeForce RTX 5060 Ti, 4.34, 0, 0, 2, 210, 405, 29, 1, 4
1791024322.137347283,2026/10/03 19:45:22.170, 0, NVIDIA GeForce RTX 5070 Ti, 79.53, 49, 31, 15692, 2287, 15051, 43, 5, 8
1791024322.137347283,2026/10/03 19:45:22.174, 1, NVIDIA GeForce RTX 5070 Ti, 108.79, 100, 33, 15205, 2287, 15051, 45, 5, 4
1791024322.137347283,2026/10/03 19:45:22.177, 2, NVIDIA GeForce RTX 5070 Ti, 106.69, 52, 22, 15816, 2302, 15051, 49, 5, 8
1791024322.137347283,2026/10/03 19:45:22.180, 3, NVIDIA GeForce RTX 5060 Ti, 4.52, 0, 0, 2, 210, 405, 29, 1, 4
1791024323.198332184,2026/10/03 19:45:23.232, 0, NVIDIA GeForce RTX 5070 Ti, 78.66, 50, 29, 15692, 2287, 15051, 43, 5, 8
1791024323.198332184,2026/10/03 19:45:23.235, 1, NVIDIA GeForce RTX 5070 Ti, 104.18, 100, 33, 15205, 2287, 15051, 46, 5, 4
1791024323.198332184,2026/10/03 19:45:23.238, 2, NVIDIA GeForce RTX 5070 Ti, 106.40, 49, 23, 15816, 2302, 15051, 49, 5, 8
1791024323.198332184,2026/10/03 19:45:23.241, 3, NVIDIA GeForce RTX 5060 Ti, 4.49, 0, 0, 2, 210, 405, 29, 1, 4
1791024324.260434550,2026/10/03 19:45:24.294, 0, NVIDIA GeForce RTX 5070 Ti, 77.82, 52, 30, 15692, 2287, 15051, 43, 5, 8
1791024324.260434550,2026/10/03 19:45:24.298, 1, NVIDIA GeForce RTX 5070 Ti, 108.21, 100, 35, 15205, 2280, 15051, 46, 5, 4
1791024324.260434550,2026/10/03 19:45:24.302, 2, NVIDIA GeForce RTX 5070 Ti, 104.87, 51, 19, 15816, 2302, 15051, 49, 5, 8
1791024324.260434550,2026/10/03 19:45:24.305, 3, NVIDIA GeForce RTX 5060 Ti, 4.46, 0, 0, 2, 210, 405, 29, 1, 4
1791024325.323291507,2026/10/03 19:45:25.354, 0, NVIDIA GeForce RTX 5070 Ti, 48.19, 0, 0, 15692, 2295, 15051, 41, 5, 8
1791024325.323291507,2026/10/03 19:45:25.357, 1, NVIDIA GeForce RTX 5070 Ti, 111.57, 100, 43, 15205, 2287, 15051, 46, 5, 4
1791024325.323291507,2026/10/03 19:45:25.360, 2, NVIDIA GeForce RTX 5070 Ti, 60.20, 0, 0, 15816, 2302, 15051, 45, 5, 8
1791024325.323291507,2026/10/03 19:45:25.362, 3, NVIDIA GeForce RTX 5060 Ti, 4.49, 0, 0, 2, 210, 405, 29, 1, 4
1791024326.378457584,2026/10/03 19:45:26.409, 0, NVIDIA GeForce RTX 5070 Ti, 30.10, 0, 0, 15692, 2295, 15051, 40, 5, 8
1791024326.378457584,2026/10/03 19:45:26.412, 1, NVIDIA GeForce RTX 5070 Ti, 114.96, 100, 30, 15205, 2280, 15051, 46, 5, 4
1791024326.378457584,2026/10/03 19:45:26.415, 2, NVIDIA GeForce RTX 5070 Ti, 42.51, 0, 0, 15816, 2302, 15051, 45, 5, 8
1791024326.378457584,2026/10/03 19:45:26.416, 3, NVIDIA GeForce RTX 5060 Ti, 4.28, 0, 0, 2, 210, 405, 29, 1, 4
1791024327.433539808,2026/10/03 19:45:27.467, 0, NVIDIA GeForce RTX 5070 Ti, 30.25, 0, 0, 15692, 2295, 15051, 40, 5, 8
1791024327.433539808,2026/10/03 19:45:27.470, 1, NVIDIA GeForce RTX 5070 Ti, 108.54, 98, 27, 15205, 2287, 15051, 46, 5, 4
1791024327.433539808,2026/10/03 19:45:27.473, 2, NVIDIA GeForce RTX 5070 Ti, 44.88, 29, 8, 15816, 2302, 15051, 48, 5, 8
1791024327.433539808,2026/10/03 19:45:27.476, 3, NVIDIA GeForce RTX 5060 Ti, 4.28, 0, 0, 2, 210, 405, 29, 1, 4
1791024328.493813101,2026/10/03 19:45:28.527, 0, NVIDIA GeForce RTX 5070 Ti, 75.38, 51, 29, 15692, 2287, 15051, 43, 5, 8
1791024328.493813101,2026/10/03 19:45:28.531, 1, NVIDIA GeForce RTX 5070 Ti, 101.30, 100, 34, 15205, 2287, 15051, 46, 5, 4
1791024328.493813101,2026/10/03 19:45:28.534, 2, NVIDIA GeForce RTX 5070 Ti, 101.23, 48, 23, 15816, 2302, 15051, 49, 5, 8
1791024328.493813101,2026/10/03 19:45:28.536, 3, NVIDIA GeForce RTX 5060 Ti, 4.34, 0, 0, 2, 210, 405, 29, 1, 4
1791024329.554939088,2026/10/03 19:45:29.589, 0, NVIDIA GeForce RTX 5070 Ti, 78.88, 49, 28, 15692, 2287, 15051, 43, 5, 8
1791024329.554939088,2026/10/03 19:45:29.593, 1, NVIDIA GeForce RTX 5070 Ti, 109.29, 100, 31, 15205, 2287, 15051, 45, 5, 4
1791024329.554939088,2026/10/03 19:45:29.596, 2, NVIDIA GeForce RTX 5070 Ti, 106.92, 52, 24, 15816, 2302, 15051, 50, 5, 8
1791024329.554939088,2026/10/03 19:45:29.599, 3, NVIDIA GeForce RTX 5060 Ti, 4.63, 0, 0, 2, 210, 405, 29, 1, 4
1791024330.617637788,2026/10/03 19:45:30.650, 0, NVIDIA GeForce RTX 5070 Ti, 77.48, 51, 31, 15692, 2287, 15051, 43, 5, 8
1791024330.617637788,2026/10/03 19:45:30.654, 1, NVIDIA GeForce RTX 5070 Ti, 107.16, 100, 36, 15205, 2287, 15051, 45, 5, 4
1791024330.617637788,2026/10/03 19:45:30.657, 2, NVIDIA GeForce RTX 5070 Ti, 103.61, 47, 21, 15816, 2302, 15051, 50, 5, 8
1791024330.617637788,2026/10/03 19:45:30.660, 3, NVIDIA GeForce RTX 5060 Ti, 4.62, 0, 0, 2, 210, 405, 29, 1, 4
1791024331.678337847,2026/10/03 19:45:31.711, 0, NVIDIA GeForce RTX 5070 Ti, 76.92, 46, 28, 15692, 2287, 15051, 43, 5, 8
1791024331.678337847,2026/10/03 19:45:31.714, 1, NVIDIA GeForce RTX 5070 Ti, 108.08, 100, 39, 15205, 2287, 15051, 46, 5, 4
1791024331.678337847,2026/10/03 19:45:31.718, 2, NVIDIA GeForce RTX 5070 Ti, 105.24, 54, 24, 15816, 2302, 15051, 50, 5, 8
1791024331.678337847,2026/10/03 19:45:31.721, 3, NVIDIA GeForce RTX 5060 Ti, 4.58, 0, 0, 2, 210, 405, 29, 1, 4
1791024332.738897911,2026/10/03 19:45:32.770, 0, NVIDIA GeForce RTX 5070 Ti, 67.38, 0, 0, 15692, 2295, 15051, 41, 5, 8
1791024332.738897911,2026/10/03 19:45:32.772, 1, NVIDIA GeForce RTX 5070 Ti, 107.99, 100, 38, 15205, 2287, 15051, 46, 5, 4
1791024332.738897911,2026/10/03 19:45:32.775, 2, NVIDIA GeForce RTX 5070 Ti, 85.56, 0, 0, 15816, 2302, 15051, 47, 5, 8
1791024332.738897911,2026/10/03 19:45:32.777, 3, NVIDIA GeForce RTX 5060 Ti, 4.41, 0, 0, 2, 210, 405, 30, 1, 4
1791024333.793844600,2026/10/03 19:45:33.824, 0, NVIDIA GeForce RTX 5070 Ti, 30.27, 0, 0, 15692, 2295, 15051, 41, 5, 8
1791024333.793844600,2026/10/03 19:45:33.827, 1, NVIDIA GeForce RTX 5070 Ti, 106.26, 100, 30, 15205, 2287, 15051, 46, 5, 4
1791024333.793844600,2026/10/03 19:45:33.830, 2, NVIDIA GeForce RTX 5070 Ti, 42.74, 0, 0, 15816, 2302, 15051, 46, 5, 8
1791024333.793844600,2026/10/03 19:45:33.832, 3, NVIDIA GeForce RTX 5060 Ti, 4.28, 0, 0, 2, 210, 405, 29, 1, 4
1791024334.849087330,2026/10/03 19:45:34.882, 0, NVIDIA GeForce RTX 5070 Ti, 30.15, 0, 0, 15692, 2295, 15051, 41, 5, 8
1791024334.849087330,2026/10/03 19:45:34.886, 1, NVIDIA GeForce RTX 5070 Ti, 110.82, 98, 31, 15205, 2287, 15051, 46, 5, 4
1791024334.849087330,2026/10/03 19:45:34.889, 2, NVIDIA GeForce RTX 5070 Ti, 42.73, 0, 0, 15816, 2302, 15051, 48, 5, 8
1791024334.849087330,2026/10/03 19:45:34.891, 3, NVIDIA GeForce RTX 5060 Ti, 4.28, 0, 0, 2, 210, 405, 29, 1, 4
1791024335.909967237,2026/10/03 19:45:35.944, 0, NVIDIA GeForce RTX 5070 Ti, 68.82, 48, 31, 15692, 2287, 15051, 43, 5, 8
1791024335.909967237,2026/10/03 19:45:35.947, 1, NVIDIA GeForce RTX 5070 Ti, 101.78, 100, 36, 15205, 2287, 15051, 46, 5, 4
1791024335.909967237,2026/10/03 19:45:35.950, 2, NVIDIA GeForce RTX 5070 Ti, 104.21, 48, 22, 15816, 2302, 15051, 50, 5, 8
1791024335.909967237,2026/10/03 19:45:35.953, 3, NVIDIA GeForce RTX 5060 Ti, 4.38, 0, 0, 2, 210, 405, 29, 1, 4
1791024336.971259771,2026/10/03 19:45:37.005, 0, NVIDIA GeForce RTX 5070 Ti, 79.02, 53, 29, 15692, 2287, 15051, 43, 5, 8
1791024336.971259771,2026/10/03 19:45:37.007, 1, NVIDIA GeForce RTX 5070 Ti, 103.54, 100, 33, 15205, 2287, 15051, 45, 5, 4
1791024336.971259771,2026/10/03 19:45:37.011, 2, NVIDIA GeForce RTX 5070 Ti, 106.11, 48, 20, 15816, 2302, 15051, 51, 5, 8
1791024336.971259771,2026/10/03 19:45:37.014, 3, NVIDIA GeForce RTX 5060 Ti, 4.51, 0, 0, 2, 210, 405, 29, 1, 4
1791024338.032301274,2026/10/03 19:45:38.066, 0, NVIDIA GeForce RTX 5070 Ti, 78.78, 49, 31, 15692, 2287, 15051, 44, 5, 8
1791024338.032301274,2026/10/03 19:45:38.069, 1, NVIDIA GeForce RTX 5070 Ti, 106.46, 100, 34, 15205, 2287, 15051, 47, 5, 4
1791024338.032301274,2026/10/03 19:45:38.073, 2, NVIDIA GeForce RTX 5070 Ti, 106.38, 50, 23, 15816, 2302, 15051, 51, 5, 8
1791024338.032301274,2026/10/03 19:45:38.075, 3, NVIDIA GeForce RTX 5060 Ti, 4.59, 0, 0, 2, 210, 405, 29, 1, 4
1791024339.093648290,2026/10/03 19:45:39.127, 0, NVIDIA GeForce RTX 5070 Ti, 78.91, 44, 27, 15692, 2287, 15051, 45, 5, 8
1791024339.093648290,2026/10/03 19:45:39.130, 1, NVIDIA GeForce RTX 5070 Ti, 107.14, 100, 36, 15205, 2287, 15051, 45, 5, 4
1791024339.093648290,2026/10/03 19:45:39.134, 2, NVIDIA GeForce RTX 5070 Ti, 106.27, 54, 24, 15816, 2302, 15051, 50, 5, 8
1791024339.093648290,2026/10/03 19:45:39.136, 3, NVIDIA GeForce RTX 5060 Ti, 4.57, 0, 0, 2, 210, 405, 30, 1, 4
1791024340.153718225,2026/10/03 19:45:40.184, 0, NVIDIA GeForce RTX 5070 Ti, 64.84, 0, 0, 15692, 2295, 15051, 41, 5, 8
1791024340.153718225,2026/10/03 19:45:40.187, 1, NVIDIA GeForce RTX 5070 Ti, 107.29, 100, 36, 15205, 2287, 15051, 46, 5, 4
1791024340.153718225,2026/10/03 19:45:40.190, 2, NVIDIA GeForce RTX 5070 Ti, 105.60, 48, 21, 15816, 2302, 15051, 51, 5, 8
1791024340.153718225,2026/10/03 19:45:40.192, 3, NVIDIA GeForce RTX 5060 Ti, 4.59, 0, 0, 2, 210, 405, 30, 1, 4
1791024341.207939224,2026/10/03 19:45:41.238, 0, NVIDIA GeForce RTX 5070 Ti, 30.22, 0, 0, 15692, 2295, 15051, 41, 5, 8
1791024341.207939224,2026/10/03 19:45:41.241, 1, NVIDIA GeForce RTX 5070 Ti, 110.55, 100, 36, 15205, 2287, 15051, 46, 5, 4
1791024341.207939224,2026/10/03 19:45:41.245, 2, NVIDIA GeForce RTX 5070 Ti, 53.39, 0, 0, 15816, 2302, 15051, 47, 5, 8
1791024341.207939224,2026/10/03 19:45:41.247, 3, NVIDIA GeForce RTX 5060 Ti, 4.24, 0, 0, 2, 210, 405, 30, 1, 4
1791024342.263908653,2026/10/03 19:45:42.294, 0, NVIDIA GeForce RTX 5070 Ti, 30.18, 0, 0, 15692, 2295, 15051, 41, 5, 8
1791024342.263908653,2026/10/03 19:45:42.299, 1, NVIDIA GeForce RTX 5070 Ti, 107.82, 99, 32, 15205, 2287, 15051, 46, 5, 4
1791024342.263908653,2026/10/03 19:45:42.302, 2, NVIDIA GeForce RTX 5070 Ti, 42.94, 0, 0, 15816, 2302, 15051, 47, 5, 8
1791024342.263908653,2026/10/03 19:45:42.305, 3, NVIDIA GeForce RTX 5060 Ti, 4.27, 0, 0, 2, 210, 405, 30, 1, 4
1791024343.325630694,2026/10/03 19:45:43.359, 0, NVIDIA GeForce RTX 5070 Ti, 62.84, 48, 29, 15692, 2287, 15051, 43, 5, 8
1791024343.325630694,2026/10/03 19:45:43.362, 1, NVIDIA GeForce RTX 5070 Ti, 99.20, 100, 36, 15205, 2287, 15051, 46, 5, 4
1791024343.325630694,2026/10/03 19:45:43.365, 2, NVIDIA GeForce RTX 5070 Ti, 96.21, 53, 23, 15816, 2302, 15051, 51, 5, 8
1791024343.325630694,2026/10/03 19:45:43.368, 3, NVIDIA GeForce RTX 5060 Ti, 4.27, 0, 0, 2, 210, 405, 30, 1, 4
1791024344.386489490,2026/10/03 19:45:44.419, 0, NVIDIA GeForce RTX 5070 Ti, 79.51, 51, 31, 15692, 2287, 15051, 43, 5, 8
1791024344.386489490,2026/10/03 19:45:44.423, 1, NVIDIA GeForce RTX 5070 Ti, 106.22, 99, 27, 15205, 2287, 15051, 46, 5, 4
1791024344.386489490,2026/10/03 19:45:44.427, 2, NVIDIA GeForce RTX 5070 Ti, 107.31, 51, 21, 15816, 2302, 15051, 52, 5, 8
1791024344.386489490,2026/10/03 19:45:44.429, 3, NVIDIA GeForce RTX 5060 Ti, 4.39, 0, 0, 2, 210, 405, 30, 1, 4
1791024345.447595006,2026/10/03 19:45:45.482, 0, NVIDIA GeForce RTX 5070 Ti, 79.13, 48, 30, 15692, 2287, 15051, 45, 5, 8
1791024345.447595006,2026/10/03 19:45:45.485, 1, NVIDIA GeForce RTX 5070 Ti, 105.26, 99, 31, 15205, 2287, 15051, 46, 5, 4
1791024345.447595006,2026/10/03 19:45:45.488, 2, NVIDIA GeForce RTX 5070 Ti, 106.73, 50, 22, 15816, 2302, 15051, 51, 5, 8
1791024345.447595006,2026/10/03 19:45:45.491, 3, NVIDIA GeForce RTX 5060 Ti, 4.56, 0, 0, 2, 210, 405, 29, 1, 4
1791024346.508447142,2026/10/03 19:45:46.541, 0, NVIDIA GeForce RTX 5070 Ti, 79.34, 47, 28, 15692, 2287, 15051, 44, 5, 8
1791024346.508447142,2026/10/03 19:45:46.545, 1, NVIDIA GeForce RTX 5070 Ti, 105.88, 100, 31, 15205, 2287, 15051, 46, 5, 4
1791024346.508447142,2026/10/03 19:45:46.549, 2, NVIDIA GeForce RTX 5070 Ti, 106.92, 52, 24, 15816, 2302, 15051, 52, 5, 8
1791024346.508447142,2026/10/03 19:45:46.552, 3, NVIDIA GeForce RTX 5060 Ti, 4.58, 0, 0, 2, 210, 405, 30, 1, 4
1791024347.571268577,2026/10/03 19:45:47.604, 0, NVIDIA GeForce RTX 5070 Ti, 75.96, 50, 22, 15692, 2287, 15051, 44, 5, 8
1791024347.571268577,2026/10/03 19:45:47.607, 1, NVIDIA GeForce RTX 5070 Ti, 109.63, 98, 39, 15205, 2287, 15051, 47, 5, 4
1791024347.571268577,2026/10/03 19:45:47.610, 2, NVIDIA GeForce RTX 5070 Ti, 105.00, 47, 23, 15816, 2302, 15051, 52, 5, 8
1791024347.571268577,2026/10/03 19:45:47.613, 3, NVIDIA GeForce RTX 5060 Ti, 4.61, 0, 0, 2, 210, 405, 30, 1, 4
1791024348.631733928,2026/10/03 19:45:48.665, 0, NVIDIA GeForce RTX 5070 Ti, 78.03, 51, 31, 15692, 2287, 15051, 44, 5, 8
1791024348.631733928,2026/10/03 19:45:48.668, 1, NVIDIA GeForce RTX 5070 Ti, 111.68, 98, 30, 15205, 2287, 15051, 46, 5, 4
1791024348.631733928,2026/10/03 19:45:48.672, 2, NVIDIA GeForce RTX 5070 Ti, 104.22, 52, 24, 15816, 2302, 15051, 53, 5, 8
1791024348.631733928,2026/10/03 19:45:48.674, 3, NVIDIA GeForce RTX 5060 Ti, 4.60, 0, 0, 2, 210, 405, 30, 1, 4
1791024349.692967199,2026/10/03 19:45:49.726, 0, NVIDIA GeForce RTX 5070 Ti, 79.38, 54, 28, 15692, 2287, 15051, 45, 5, 8
1791024349.692967199,2026/10/03 19:45:49.729, 1, NVIDIA GeForce RTX 5070 Ti, 108.17, 99, 33, 15205, 2287, 15051, 46, 5, 4
1791024349.692967199,2026/10/03 19:45:49.733, 2, NVIDIA GeForce RTX 5070 Ti, 106.87, 49, 23, 15816, 2302, 15051, 52, 5, 8
1791024349.692967199,2026/10/03 19:45:49.735, 3, NVIDIA GeForce RTX 5060 Ti, 4.43, 0, 0, 2, 210, 405, 30, 1, 4
1791024350.752056124,2026/10/03 19:45:50.782, 0, NVIDIA GeForce RTX 5070 Ti, 78.72, 50, 30, 15692, 2287, 15051, 44, 5, 8
1791024350.752056124,2026/10/03 19:45:50.786, 1, NVIDIA GeForce RTX 5070 Ti, 55.39, 0, 0, 15205, 2302, 15051, 42, 5, 4
1791024350.752056124,2026/10/03 19:45:50.788, 2, NVIDIA GeForce RTX 5070 Ti, 107.00, 48, 23, 15816, 2302, 15051, 52, 5, 8
1791024350.752056124,2026/10/03 19:45:50.791, 3, NVIDIA GeForce RTX 5060 Ti, 4.19, 0, 0, 2, 210, 405, 30, 1, 4
1791024351.806631974,2026/10/03 19:45:51.838, 0, NVIDIA GeForce RTX 5070 Ti, 79.05, 51, 30, 15692, 2287, 15051, 44, 5, 8
1791024351.806631974,2026/10/03 19:45:51.841, 1, NVIDIA GeForce RTX 5070 Ti, 34.49, 0, 0, 15205, 2302, 15051, 41, 5, 4
1791024351.806631974,2026/10/03 19:45:51.843, 2, NVIDIA GeForce RTX 5070 Ti, 107.71, 49, 22, 15816, 2302, 15051, 52, 5, 8
1791024351.806631974,2026/10/03 19:45:51.846, 3, NVIDIA GeForce RTX 5060 Ti, 3.87, 0, 0, 2, 210, 405, 30, 1, 4
1791024352.863144129,2026/10/03 19:45:52.895, 0, NVIDIA GeForce RTX 5070 Ti, 80.44, 49, 26, 15692, 2287, 15051, 45, 5, 8
1791024352.863144129,2026/10/03 19:45:52.898, 1, NVIDIA GeForce RTX 5070 Ti, 34.28, 0, 0, 15205, 2302, 15051, 41, 5, 4
1791024352.863144129,2026/10/03 19:45:52.902, 2, NVIDIA GeForce RTX 5070 Ti, 108.09, 44, 16, 15816, 2302, 15051, 51, 5, 8
1791024352.863144129,2026/10/03 19:45:52.904, 3, NVIDIA GeForce RTX 5060 Ti, 3.94, 0, 0, 2, 210, 405, 30, 1, 4
1791024353.922750358,2026/10/03 19:45:53.955, 0, NVIDIA GeForce RTX 5070 Ti, 77.01, 51, 29, 15692, 2287, 15051, 44, 5, 8
1791024353.922750358,2026/10/03 19:45:53.958, 1, NVIDIA GeForce RTX 5070 Ti, 87.20, 100, 35, 15205, 2287, 15051, 45, 5, 4
1791024353.922750358,2026/10/03 19:45:53.962, 2, NVIDIA GeForce RTX 5070 Ti, 104.57, 49, 22, 15816, 2302, 15051, 53, 5, 8
1791024353.922750358,2026/10/03 19:45:53.965, 3, NVIDIA GeForce RTX 5060 Ti, 4.50, 0, 0, 2, 210, 405, 30, 1, 4
1791024354.982807426,2026/10/03 19:45:55.016, 0, NVIDIA GeForce RTX 5070 Ti, 79.46, 48, 27, 15692, 2287, 15051, 44, 5, 8
1791024354.982807426,2026/10/03 19:45:55.019, 1, NVIDIA GeForce RTX 5070 Ti, 108.46, 100, 38, 15205, 2287, 15051, 45, 5, 4
1791024354.982807426,2026/10/03 19:45:55.023, 2, NVIDIA GeForce RTX 5070 Ti, 107.89, 51, 23, 15816, 2302, 15051, 53, 5, 8
1791024354.982807426,2026/10/03 19:45:55.025, 3, NVIDIA GeForce RTX 5060 Ti, 4.58, 0, 0, 2, 210, 405, 30, 1, 4
1791024356.043173476,2026/10/03 19:45:56.077, 0, NVIDIA GeForce RTX 5070 Ti, 79.36, 46, 28, 15692, 2287, 15051, 44, 5, 8
1791024356.043173476,2026/10/03 19:45:56.081, 1, NVIDIA GeForce RTX 5070 Ti, 107.92, 100, 33, 15205, 2280, 15051, 46, 5, 4
1791024356.043173476,2026/10/03 19:45:56.085, 2, NVIDIA GeForce RTX 5070 Ti, 108.39, 50, 23, 15816, 2302, 15051, 53, 5, 8
1791024356.043173476,2026/10/03 19:45:56.088, 3, NVIDIA GeForce RTX 5060 Ti, 4.65, 0, 0, 2, 210, 405, 30, 1, 4
1791024357.105226503,2026/10/03 19:45:57.139, 0, NVIDIA GeForce RTX 5070 Ti, 78.07, 57, 23, 15692, 2295, 15051, 44, 5, 8
1791024357.105226503,2026/10/03 19:45:57.143, 1, NVIDIA GeForce RTX 5070 Ti, 106.05, 98, 37, 15205, 2287, 15051, 46, 5, 4
1791024357.105226503,2026/10/03 19:45:57.146, 2, NVIDIA GeForce RTX 5070 Ti, 108.14, 51, 24, 15816, 2302, 15051, 52, 5, 8
1791024357.105226503,2026/10/03 19:45:57.150, 3, NVIDIA GeForce RTX 5060 Ti, 4.60, 0, 0, 2, 210, 405, 30, 1, 4
